Indicadores municipales de sostenibilidad: Licencias de vivienda nueva concedidas en el último quinquenio (? habitantes);;;;;;;;;;;;;;;;;;;;;;
"";;;;;;;;;;;;;;;;;;;;;;
Resumen de datos;;;;;;;;;;;;;;;;;;;;;;
Entidad;;2023;2022;2021;2020;2019;2018;2017;2016;2015;2014;2013;2012;2011;2010;2009;2008;2007;2006;2005;2004;2003
Araba/Álava;;16,13;13,85;12,31;9,13;7,84;6,51;5,78;7,63;13,98;20,37;30,92;41,87;58,22;66,29;67,98;70,64;72,58;53,49;46,09;44,55;41,18
Bizkaia;;9,12;9,03;9,03;9,58;9,61;9,09;8,31;7,40;8,20;8,73;8,70;10,24;14,72;17,28;20,98;25,40;27,76;25,76;29,55;31,34;53,24
CAE;;10,35;9,76;9,75;9,57;9,55;8,72;7,92;7,59;9,23;11,10;13,22;16,63;22,52;26,44;29,50;32,78;34,77;29,67;31,00;31,97;32,06
Gipuzkoa;;9,67;9,05;9,74;9,76;10,24;9,14;8,27;7,88;8,75;10,76;12,62;15,74;19,33;23,73;26,48;28,26;29,83;25,83;26,92;27,65;28,36
"";;;;;;;;;;;;;;;;;;;;;;
Detalle por comarcas;;;;;;;;;;;;;;;;;;;;;;
Código comarca;Comarca;2023;2022;2021;2020;2019;2018;2017;2016;2015;2014;2013;2012;2011;2010;2009;2008;2007;2006;2005;2004;2003
01100;Arabako Ibarrak / Valles Alaveses;9,78;9,86;7,84;4,62;5,31;5,49;5,68;5,68;6,67;6,69;7,43;8,20;30,75;40,88;57,89;64,43;87,15;69,99;0,00;0,00;0,00
01200;Arabako Lautada / Llanada Alavesa;17,86;15,24;13,05;9,30;7,77;6,49;5,89;8,46;16,01;23,46;36,16;48,85;65,68;73,13;73,17;74,48;74,90;53,26;0,00;0,00;0,00
01300;Arabako Mendialdea / Montaña Alavesa;8,60;8,08;10,50;7,65;7,66;5,97;5,58;3,24;5,11;9,79;20,66;28,17;35,80;51,67;56,93;49,52;52,61;48,35;0,00;0,00;0,00
48100;Arratia Nerbioi / Arratia-Nervión;4,90;2,67;3,64;3,15;2,94;2,99;3,33;2,02;5,19;16,92;19,16;22,64;28,08;34,03;36,86;38,64;42,85;36,66;0,00;0,00;0,00
20200;Bidasoa Beherea / Bajo Bidasoa;11,73;11,15;13,73;12,95;12,93;11,95;10,28;9,38;12,99;14,85;12,29;15,54;15,56;14,31;11,65;16,17;18,44;17,05;0,00;0,00;0,00
48200;Bilbo Handia / Gran Bilbao;9,00;9,14;8,90;9,46;9,63;9,13;8,39;7,24;7,43;7,39;6,97;7,51;10,76;12,36;16,15;19,99;22,25;22,59;0,00;0,00;0,00
20100;Deba Beherea / Bajo Deba;12,23;10,48;8,12;6,71;4,43;3,72;5,37;5,56;6,59;6,92;8,94;12,67;12,63;21,15;31,07;33,66;32,57;30,84;0,00;0,00;0,00
20300;Debagoiena / Alto Deba;9,47;10,36;9,90;8,12;6,59;3,35;2,39;2,44;4,45;8,99;11,58;15,16;29,53;42,14;44,56;45,27;48,42;32,78;0,00;0,00;0,00
20400;Donostialdea / Donostia-San Sebastián;6,87;7,11;9,40;10,51;11,50;11,32;10,49;8,61;8,40;11,02;12,36;14,33;16,92;19,64;21,22;23,14;24,97;22,33;0,00;0,00;0,00
48300;Durangaldea / Duranguesado;12,15;8,71;9,42;10,47;9,28;9,49;9,42;10,26;12,70;14,99;17,29;22,20;25,36;25,85;29,11;36,27;37,45;37,32;0,00;0,00;0,00
48400;Enkartazioak / Encartaciones;0,44;0,47;0,41;0,50;1,13;1,28;1,31;2,68;7,74;8,43;11,09;17,06;34,80;40,35;50,13;54,88;53,96;34,27;0,00;0,00;0,00
01400;Errioxa Arabarra / Rioja Alavesa;3,00;2,49;2,33;1,65;1,47;1,39;1,04;4,06;5,25;7,67;10,69;25,03;29,27;39,34;47,17;60,02;60,61;67,82;0,00;0,00;0,00
48500;Gernika-Bermeo;4,50;3,70;5,82;5,24;5,62;5,09;5,24;4,01;6,55;6,66;7,32;10,23;24,83;40,39;43,88;48,67;53,12;25,97;0,00;0,00;0,00
20500;Goierri;8,76;8,99;8,60;8,19;8,69;7,98;7,11;11,03;9,47;9,82;12,73;16,16;20,67;28,64;37,01;41,51;42,81;32,68;0,00;0,00;0,00
01500;Gorbeia Inguruak / Estribaciones del Gorbea;11,66;11,86;11,19;7,85;7,40;4,79;4,56;3,97;5,91;13,48;16,12;18,57;34,41;64,86;67,05;81,99;93,89;80,65;0,00;0,00;0,00
01600;Kantauri Arabarra / Cantábrica Alavesa;10,20;8,78;11,21;11,58;11,02;9,00;6,90;4,33;6,04;6,86;7,73;8,91;25,89;31,36;40,14;46,78;54,43;42,21;0,00;0,00;0,00
48600;Markina-Ondarroa;2,65;2,07;2,56;3,40;3,60;3,79;3,02;3,05;2,13;2,09;1,40;6,36;16,19;24,20;28,02;35,85;37,10;24,95;0,00;0,00;0,00
48700;Plentzia-Mungia;18,64;22,66;22,80;24,06;23,44;20,61;16,23;14,84;18,03;20,42;19,83;25,65;33,66;39,37;39,90;48,56;55,39;50,09;0,00;0,00;0,00
20600;Tolosaldea / Tolosa;9,18;7,23;4,80;5,88;7,34;7,13;5,83;5,83;9,33;8,13;15,68;27,18;32,52;34,32;41,74;37,91;30,98;31,80;0,00;0,00;0,00
20700;Urola-Kostaldea / Urola Costa;19,04;14,41;12,45;10,77;12,65;8,00;6,31;7,93;10,13;12,27;15,68;17,19;20,70;26,95;27,41;27,05;33,10;31,07;0,00;0,00;0,00
"";;;;;;;;;;;;;;;;;;;;;;
Detalle por municipios;;;;;;;;;;;;;;;;;;;;;;
Código municipio;Municipio;2023;2022;2021;2020;2019;2018;2017;2016;2015;2014;2013;2012;2011;2010;2009;2008;2007;2006;2005;2004;2003
48001;Abadiño;10,00;14,83;12,65;16,60;19,06;17,29;12,45;12,52;15,79;13,18;33,27;41,28;41,57;43,29;44,00;20,05;17,26;31,34;47,27;49,04;53,40
20001;Abaltzisketa;0,00;3,19;3,15;6,29;6,27;6,31;3,14;3,14;6,29;6,31;6,33;9,52;25,64;64,94;75,41;76,41;97,64;73,58;46,82;80,27;93,33
48002;Abanto y Ciérvana-Abanto Zierbena;4,46;5,29;5,36;6,08;6,17;1,98;1,14;1,34;1,03;1,13;1,13;0,93;2,59;8,85;14,55;18,89;19,60;23,54;27,96;34,59;35,86
20002;Aduna;0,00;0,00;0,00;0,00;0,00;0,00;0,00;0,00;2,19;2,23;4,61;4,78;4,99;96,35;100,00;105,85;121,81;138,33;67,25;67,85;62,13
20016;Aia;0,98;0,99;0,99;1,49;1,98;1,49;1,98;2,48;6,48;6,51;9,08;9,75;9,41;38,93;92,64;91,56;102,81;105,56;78,95;26,45;26,64
20003;Aizarnazabal;1,31;1,31;2,60;2,62;2,63;1,32;1,32;0,00;0,00;0,00;0,00;0,00;0,00;10,89;85,58;93,95;110,58;118,12;125,82;87,17;80,00
48911;Ajangiz;0,00;0,00;0,00;2,19;2,18;2,18;2,19;2,20;0,00;4,45;4,49;4,50;9,07;9,15;13,82;18,52;18,60;14,05;16,51;7,09;4,74
20004;Albiztur;10,03;3,34;3,34;0,00;0,00;0,00;0,00;0,00;0,00;0,00;0,00;3,39;3,40;3,40;64,63;64,85;71,92;75,34;103,45;41,38;45,30
20005;Alegia;10,06;0,00;0,00;2,83;6,25;6,23;6,20;6,18;3,36;0,00;0,00;0,00;0,00;18,32;19,17;19,48;31,00;23,33;12,18;14,23;18,28
01001;Alegría-Dulantzi;0,00;0,00;0,00;0,00;0,00;0,00;0,00;0,00;0,00;0,00;0,00;11,45;26,77;35,49;56,94;89,29;112,91;114,53;116,19;126,74;148,47
20006;Alkiza;0,00;0,00;0,00;0,00;0,00;0,00;0,00;0,00;11,27;11,33;11,36;17,29;17,70;26,95;82,32;91,48;108,20;101,01;90,59;28,37;21,74
48912;Alonsotegi;11,00;0,00;0,00;0,00;0,00;0,00;17,53;21,69;21,74;21,78;21,79;7,03;31,76;54,14;54,39;62,54;69,18;59,86;44,58;62,94;72,19
20906;Altzaga;11,30;11,17;10,99;10,99;11,05;0,00;0,00;0,00;0,00;0,00;0,00;0,00;0,00;0,00;13,07;26,49;33,78;49,65;97,01;100,00;186,99
20007;Altzo;21,00;21,16;21,45;21,92;2,80;2,83;8,52;8,50;8,55;5,71;5,54;0,00;0,00;26,67;31,66;45,70;47,09;31,16;45,33;62,86;63,77
20008;Amezketa;9,75;9,77;9,78;0,00;15,23;15,10;14,99;14,88;14,78;0,00;0,00;0,00;0,00;0,00;0,00;0,00;0,00;4,21;8,44;14,77;18,97
48003;Amorebieta-Etxano;9,26;9,55;10,50;11,11;11,27;10,09;13,41;17,47;14,73;16,22;24,50;32,32;36,42;36,57;40,41;52,47;50,28;38,54;56,85;51,91;40,40
48004;Amoroto;2,49;2,45;0,00;0,00;2,43;2,43;2,46;9,93;9,95;7,46;7,46;7,44;29,70;29,78;34,74;44,67;49,38;27,09;32,02;34,40;31,94
01002;Amurrio;21,01;11,76;11,96;7,63;5,03;5,52;6,52;6,24;17,94;20,08;22,91;23,47;39,16;28,01;25,05;32,25;58,10;49,97;63,23;64,72;56,18
20009;Andoain;8,28;3,56;3,28;3,28;1,88;7,32;5,58;5,59;5,59;5,60;1,82;2,31;2,34;14,79;19,70;22,10;25,67;37,96;45,25;42,82;42,37
20010;Anoeta;19,26;19,48;0,00;0,00;0,00;0,00;0,00;27,75;28,24;28,60;28,82;29,10;0,00;0,00;32,71;32,97;42,21;43,08;47,98;46,96;47,20
20011;Antzuola;0,00;0,00;0,00;0,00;0,00;0,00;0,45;0,45;0,45;1,36;1,37;0,92;0,93;4,68;3,77;3,79;28,19;38,94;41,18;61,31;81,25
48005;Arakaldo;17,75;17,86;17,96;0,00;0,00;0,00;0,00;0,00;0,00;0,00;0,00;36,70;38,83;288,66;301,08;307,69;266,67;0,00;0,00;0,00;0,00
20012;Arama;0,00;0,00;0,00;0,00;0,00;0,00;0,00;0,00;0,00;0,00;0,00;0,00;0,00;0,00;22,22;23,12;82,35;84,34;84,85;60,98;60,61
01003;Aramaio;2,02;2,01;1,99;3,31;2,62;1,31;1,96;1,95;0,65;1,96;1,96;9,18;10,49;51,80;51,35;56,25;65,29;30,91;35,30;42,29;42,47
48006;Arantzazu;7,43;7,61;5,19;2,65;2,66;2,65;2,64;2,66;5,39;2,79;2,92;9,15;47,47;147,06;153,33;167,79;182,43;142,86;65,07;65,29;51,55
48093;Areatza;0,81;0,81;1,63;0,82;0,83;0,83;0,83;0,00;0,83;2,51;3,40;26,11;111,71;136,07;161,86;166,03;143,55;31,04;30,04;27,13;25,07
20013;Aretxabaleta;9,87;13,16;13,20;13,25;3,29;3,30;0,00;0,29;0,29;0,29;0,30;15,21;70,63;71,46;72,88;77,46;82,00;24,55;29,67;40,72;44,00
01006;Armiñón;0,00;0,00;0,00;0,00;0,00;0,00;0,00;4,52;4,61;4,74;5,03;5,35;16,95;73,17;174,50;187,05;259,54;254,10;232,76;115,04;176,99
01037;Arraia-Maeztu;7,77;6,62;10,83;9,68;8,36;7,00;6,97;5,55;5,54;8,31;54,02;61,45;73,14;110,17;111,74;67,99;69,70;67,34;46,44;51,09;72,06
48009;Arrankudiaga;1,96;4,91;6,89;7,88;6,93;7,97;7,02;5,06;3,07;4,15;3,17;2,15;2,21;6,79;65,90;79,10;97,12;101,20;109,22;55,96;49,88
20055;Arrasate/Mondragón;19,34;19,98;19,90;12,20;12,22;0,73;0,00;0,00;1,83;8,37;8,65;8,71;17,63;43,60;39,19;42,87;45,00;28,07;10,35;12,40;8,93
48914;Arratzu;14,39;9,62;9,69;2,43;4,87;7,35;7,44;7,54;7,61;43,81;41,99;42,90;46,58;81,01;36,83;40,35;43,23;40,11;8,52;8,47;5,60
01008;Arratzua-Ubarrundia;15,18;23,88;23,12;16,49;14,52;14,49;4,84;2,91;3,93;6,02;6,15;4,20;12,94;26,43;45,91;55,17;92,00;89,11;82,80;89,84;90,79
48010;Arrieta;7,09;7,13;3,58;0,00;1,80;1,79;3,60;12,59;12,68;14,55;23,81;34,73;25,59;30,97;29,30;31,25;20,33;31,54;22,35;26,12;20,56
48011;Arrigorriaga;6,34;5,05;1,26;1,25;1,25;2,41;2,40;1,15;1,15;5,81;4,65;4,81;4,82;13,70;9,48;18,89;19,18;14,49;18,93;26,25;67,40
48023;Artea;0,00;0,00;0,00;1,38;1,37;1,35;1,34;1,32;0,00;0,00;0,00;0,00;2,74;8,46;17,34;50,30;61,93;55,05;72,31;114,55;88,92
48008;Artzentales;0,00;0,00;0,00;0,00;0,00;0,00;0,00;0,00;0,00;1,38;4,15;8,33;11,33;12,91;15,97;30,75;32,54;32,79;37,48;39,10;30,17
01004;Artziniega;2,12;2,63;1,57;1,05;4,23;4,80;4,31;4,86;4,86;2,16;1,62;4,91;11,67;14,75;16,79;27,93;31,17;78,52;99,87;110,53;103,26
01009;Asparrena;4,27;4,28;3,07;3,69;3,68;3,05;3,03;4,20;3,57;10,68;10,70;21,02;43,96;55,76;59,01;58,94;57,92;33,78;25,58;26,92;39,20
20014;Asteasu;22,79;22,77;0,00;0,00;0,00;0,00;0,00;0,00;1,33;1,34;1,35;1,36;3,42;6,89;11,10;14,75;17,82;45,55;52,63;60,63;80,24
20903;Astigarraga;20,15;20,38;68,15;79,90;79,78;94,08;113,83;62,68;65,47;68,48;84,75;93,70;97,34;84,78;110,70;108,03;84,50;88,21;94,64;70,04;105,08
20015;Ataun;0,00;0,00;0,00;0,00;0,00;0,00;0,00;0,00;2,38;8,96;12,60;22,91;35,34;49,26;58,57;64,39;83,01;53,78;82,00;66,03;76,14
48091;Atxondo;0,72;0,72;0,71;1,42;1,42;0,71;0,72;0,72;0,00;0,71;1,40;1,39;33,26;33,31;35,56;37,35;53,98;21,44;22,91;25,77;24,96
48070;Aulesti;0,00;1,52;1,51;1,51;1,51;1,52;1,52;1,52;1,51;4,51;7,45;5,92;33,97;57,86;56,55;62,87;72,40;25,76;27,40;25,91;19,85
01010;Ayala/Aiara;1,38;2,07;2,76;2,77;3,46;3,47;3,12;2,78;2,09;5,27;5,34;15,94;25,29;32,28;31,92;37,59;27,16;20,51;57,67;107,74;112,48
20017;Azkoitia;12,55;12,54;5,86;7,04;7,06;1,18;1,35;4,33;3,15;11,06;11,24;15,40;12,83;18,69;15,04;24,61;29,23;41,46;41,53;48,69;45,63
20018;Azpeitia;4,86;12,99;16,59;16,24;17,80;17,07;7,58;3,94;2,12;0,76;2,22;3,58;20,68;26,90;28,66;30,23;38,66;25,60;24,97;30,12;33,89
01049;Añana;0,00;0,00;0,00;0,00;0,00;0,00;5,78;5,81;5,81;5,75;5,75;0,00;0,00;0,00;0,00;0,00;0,00;0,00;0,00;0,00;0,00
48012;Bakio;3,66;3,34;3,40;3,45;1,54;3,85;3,46;3,07;3,46;15,90;31,39;32,35;118,05;234,57;234,11;226,50;252,30;140,21;71,58;73,96;78,29
20904;Baliarrain;0,00;0,00;0,00;0,00;0,00;0,00;0,00;0,00;0,00;0,00;0,00;17,39;112,15;158,42;197,92;204,30;184,78;54,35;65,93;43,96;56,18
48090;Balmaseda;0,00;0,13;0,13;0,39;2,75;2,74;2,60;2,59;2,46;1,05;1,06;3,51;21,99;40,60;58,46;64,81;63,42;27,43;28,76;21,91;16,62
48013;Barakaldo;19,70;17,60;13,51;14,65;16,00;15,12;15,17;15,73;16,62;12,11;11,43;17,01;24,02;28,57;50,37;65,30;67,77;74,21;91,96;94,31;92,26
48014;Barrika;5,12;4,50;3,24;3,25;5,83;5,80;4,51;7,11;7,79;5,91;5,33;7,48;7,61;14,84;28,80;42,27;45,89;71,75;74,13;67,19;76,37
01013;Barrundia;3,19;3,19;3,18;4,23;6,35;6,35;6,34;5,30;6,36;6,38;12,94;15,47;28,38;40,94;60,61;66,17;69,95;55,71;81,55;104,57;151,84
48015;Basauri;4,24;4,23;6,99;9,59;9,56;8,60;9,68;7,04;4,19;3,52;6,65;5,53;13,44;17,07;17,00;13,47;13,41;2,51;6,00;6,99;8,60
01011;Baños de Ebro/Mañueta;0,00;0,00;0,00;3,15;3,16;3,15;3,13;3,12;0,00;0,00;6,12;11,94;14,62;17,14;17,00;11,43;8,80;12,01;18,69;19,05;25,48
20019;Beasain;4,61;4,60;1,50;1,50;2,65;1,15;3,32;5,35;5,37;4,23;11,88;11,80;33,22;52,32;69,79;73,00;75,05;34,97;51,51;47,72;39,32
48092;Bedia;0,00;0,00;0,00;0,00;0,00;0,97;0,98;0,98;1,00;1,01;0,00;1,03;1,03;1,03;1,03;1,03;0,00;0,00;6,15;6,14;6,12
20020;Beizama;0,00;0,00;0,00;0,00;0,00;0,00;0,00;0,00;0,00;0,00;0,00;6,94;6,62;6,45;6,29;6,10;0,00;0,00;0,00;0,00;0,00
20021;Belauntza;7,33;7,49;0,00;0,00;0,00;0,00;0,00;0,00;0,00;0,00;0,00;0,00;0,00;0,00;0,00;0,00;0,00;3,53;3,58;3,61;3,60
48016;Berango;95,12;83,60;66,14;12,81;15,81;16,60;17,07;15,88;11,86;7,06;5,83;4,15;16,48;19,80;27,11;32,32;56,05;45,26;53,77;64,48;106,27
01014;Berantevilla;6,05;8,10;8,16;8,25;6,24;4,17;2,08;2,09;4,15;4,13;4,16;4,17;6,28;6,36;6,48;8,83;56,56;60,05;58,96;61,90;66,99
20022;Berastegi;20,64;20,72;11,32;0,00;0,00;0,00;0,00;0,00;0,00;0,00;0,00;0,00;2,95;29,85;49,35;54,99;57,85;41,67;42,06;34,88;30,82
20074;Bergara;2,83;2,08;0,40;3,14;3,21;6,61;6,68;6,70;9,08;10,34;19,15;20,94;27,87;27,29;34,62;24,11;26,10;21,17;17,98;18,30;16,71
48017;Bermeo;2,61;2,61;2,55;1,01;2,38;1,37;2,32;2,43;2,42;1,12;3,30;9,34;38,22;46,17;50,24;48,80;48,03;18,77;17,05;15,60;17,17
01016;Bernedo;0,00;0,00;0,00;0,00;1,90;3,73;3,66;3,60;5,28;8,67;8,59;12,01;15,49;29,36;33,04;36,91;49,73;37,70;46,93;45,29;57,97
48018;Berriatua;3,22;3,21;0,80;0,80;2,43;2,43;1,62;3,22;3,20;1,58;2,34;25,64;26,56;29,39;31,86;65,42;60,50;79,93;119,92;126,48;90,17
48019;Berriz;0,44;0,43;0,43;0,42;0,63;0,63;1,47;1,25;1,45;1,23;1,84;1,43;2,67;3,31;7,14;35,07;36,34;38,14;46,81;50,19;82,34
20023;Berrobi;0,00;0,00;0,00;0,00;0,00;0,00;0,00;0,00;0,00;0,00;0,00;0,00;34,42;34,42;34,48;55,94;56,64;21,35;21,58;21,66;0,00
20024;Bidania-Goiatz;0,00;0,00;0,00;0,00;0,00;0,00;3,82;3,83;3,81;3,82;3,85;0,00;0,00;45,08;46,03;46,61;47,01;34,33;32,54;32,68;32,89
48020;Bilbao;7,16;7,63;7,35;7,52;7,59;6,73;5,44;4,12;3,54;3,48;2,99;2,60;5,00;6,60;7,51;8,62;11,63;13,59;15,90;19,40;21,13
48021;Busturia;0,61;0,61;0,61;1,22;1,82;1,80;2,98;2,36;2,33;1,73;1,72;0,58;0,58;12,75;13,98;33,90;66,12;69,59;70,76;76,56;56,63
01017;Campezo/Kanpezu;4,56;4,61;6,54;5,66;6,60;3,76;3,72;0,92;4,53;12,56;14,27;24,19;28,83;34,51;30,14;32,97;26,68;21,20;32,17;37,72;38,78
20029;Deba;10,15;12,52;11,03;23,53;20,43;20,47;18,11;23,69;11,87;11,90;12,10;16,01;4,85;4,12;4,13;3,97;0,00;0,00;0,00;0,19;4,06
48901;Derio;28,65;26,99;21,04;20,61;27,44;23,35;37,86;38,58;27,04;40,08;46,84;43,44;82,16;98,85;86,31;80,70;76,31;39,11;45,72;38,71;46,44
48026;Dima;5,51;6,21;9,68;9,00;8,33;9,04;9,08;3,54;2,87;2,92;0,75;0,00;0,00;0,80;39,71;57,52;104,17;112,33;128,21;92,08;85,44
20069;Donostia / San Sebastián;7,19;7,70;10,48;13,09;13,34;11,44;10,42;7,74;6,92;8,32;9,88;12,09;17,04;19,09;24,44;28,01;30,53;25,92;26,52;23,22;19,42
48027;Durango;21,35;10,36;11,83;12,33;11,09;15,13;15,34;16,66;25,65;31,46;28,82;29,27;26,94;23,45;19,38;20,21;26,71;35,96;45,29;46,98;54,43
48028;Ea;0,00;0,00;0,00;0,00;0,00;0,00;0,00;1,16;1,15;1,14;1,13;1,13;0,00;17,05;34,36;39,35;67,76;85,28;78,09;76,92;79,07
20030;Eibar;14,46;12,72;11,97;6,02;1,47;1,47;5,48;5,47;9,22;7,75;10,76;8,22;8,22;16,24;29,11;31,49;32,17;25,17;30,00;20,61;17,21
48031;Elantxobe;0,00;0,00;0,00;0,00;0,00;0,00;0,00;0,00;0,00;0,00;0,00;0,00;0,00;34,01;33,94;33,71;33,56;0,00;17,86;20,04;20,09
01021;Elburgo/Burgelu;17,08;21,88;12,54;9,46;9,48;10,99;7,81;7,79;6,22;7,87;6,51;3,40;12,43;50,47;89,49;121,27;132,11;135,98;103,07;100,67;71,10
01022;Elciego;0,98;1,93;1,92;1,92;1,89;0,94;0,00;0,00;4,64;4,66;7,47;14,03;18,85;16,33;28,38;68,59;74,37;74,97;79,27;88,41;44,85
20031;Elduain;20,49;16,39;12,30;0,00;0,00;0,00;0,00;0,00;0,00;0,00;0,00;0,00;4,31;4,37;13,27;13,45;13,70;9,17;9,13;18,18;18,18
20033;Elgeta;0,00;0,00;0,00;0,00;0,00;0,00;0,00;0,00;0,00;0,00;0,00;0,00;19,14;37,00;84,65;101,29;118,24;83,16;83,67;63,59;56,94
20032;Elgoibar;12,48;12,79;2,17;3,56;4,78;2,96;2,62;2,63;4,05;9,10;9,32;11,72;13,64;22,36;27,39;32,41;45,31;59,99;53,57;42,40;56,81
48032;Elorrio;1,62;1,62;4,17;3,38;3,39;3,54;3,42;0,82;0,69;0,55;0,14;15,62;21,55;38,46;42,96;43,29;28,21;23,54;8,56;4,13;5,55
01023;Elvillar/Bilar;2,90;2,85;2,80;2,79;0,00;0,00;0,00;0,00;0,00;0,00;0,00;2,79;5,60;22,60;70,82;76,49;107,04;109,86;145,66;114,53;117,98
48902;Erandio;0,04;4,92;6,82;6,83;6,81;6,91;10,48;11,89;12,91;14,33;14,23;5,81;4,20;14,42;14,71;22,09;26,88;30,31;33,54;41,37;48,27
48033;Ereño;10,95;11,11;7,52;0,00;3,85;7,78;11,67;11,63;11,49;7,63;7,58;7,55;7,58;11,54;23,17;54,26;58,14;54,47;54,47;46,69;11,72
48034;Ermua;8,59;9,30;9,75;13,03;10,10;6,54;5,41;4,71;5,26;5,25;5,24;10,23;11,16;10,93;26,53;39,28;39,88;43,44;49,61;34,10;21,69
20067;Errenteria;1,46;1,15;0,50;0,50;0,55;1,70;1,25;1,46;1,46;1,45;0,31;2,92;6,20;16,62;17,22;18,27;16,60;14,60;6,68;6,33;6,29
20066;Errezil;3,37;6,59;6,46;6,41;6,45;4,88;1,64;6,57;6,57;6,54;4,86;4,85;0,00;22,62;38,90;42,41;47,46;45,90;36,01;22,88;22,76
01046;Erriberagoitia/Ribera Alta;5,84;5,90;3,58;1,21;7,19;7,19;8,33;8,23;11,66;8,23;9,48;13,29;41,25;53,32;61,91;72,22;94,42;79,65;84,34;89,94;91,33
48079;Errigoiti;4,04;14,23;14,29;10,16;12,20;12,10;3,98;7,86;7,69;5,69;5,68;3,79;0,00;11,67;15,66;17,61;19,53;17,51;25,34;33,07;34,95
20034;Eskoriatza;0,97;0,73;0,49;0,00;0,00;0,00;0,00;1,71;3,42;14,71;15,01;16,53;32,05;50,80;47,93;60,01;78,68;75,92;75,17;73,10;61,48
48029;Etxebarri;28,18;13,49;25,96;41,72;44,82;35,27;35,73;23,16;14,10;16,37;13,86;14,35;45,99;71,31;87,56;97,94;121,53;96,52;71,83;51,25;56,72
48030;Etxebarria;0,00;2,74;2,73;2,73;2,75;2,77;0,00;0,00;1,37;1,36;1,34;2,66;57,29;56,41;59,64;59,27;88,86;36,48;46,48;48,93;53,75
20035;Ezkio-Itsaso;0,00;0,00;0,00;0,00;4,75;4,78;4,83;8,09;32,68;28,10;35,23;39,25;130,66;109,54;119,22;125,66;124,78;29,41;29,06;20,37;6,79
48906;Forua;2,18;2,18;4,36;6,51;4,30;5,34;5,29;4,20;2,08;2,06;4,08;4,07;3,06;3,06;42,18;44,51;46,73;52,74;53,77;19,63;18,63
48035;Fruiz;3,64;3,64;3,64;3,64;1,82;3,63;3,63;3,65;5,63;3,91;6,20;87,72;111,89;161,45;177,78;182,50;100,76;68,53;56,41;95,36;93,26
20038;Gabiria;0,00;0,00;0,00;0,00;0,00;0,00;0,00;0,00;11,79;13,86;26,26;26,97;34,33;66,96;67,13;62,05;62,65;62,50;16,75;21,43;32,79
20037;Gaintza;0,00;0,00;0,00;0,00;0,00;0,00;0,00;0,00;0,00;0,00;0,00;15,62;15,38;15,38;55,12;58,82;98,21;104,76;141,41;93,75;91,84
48036;Galdakao;10,27;11,60;14,18;13,79;13,20;11,91;7,25;4,66;9,60;15,37;16,08;19,20;21,22;20,05;25,28;28,08;26,59;24,33;22,85;18,38;17,00
48037;Galdames;1,19;1,19;1,20;0,00;1,21;1,21;2,42;2,41;2,39;4,74;4,72;9,47;14,29;21,61;37,35;37,48;43,37;42,17;61,22;44,36;46,88
48038;Gamiz-Fika;2,18;2,91;2,92;3,65;2,20;2,21;1,48;1,48;1,49;1,49;1,50;3,03;4,59;3,86;37,38;40,78;41,83;67,62;69,02;38,74;56,91
48039;Garai;12,42;18,69;15,67;15,77;15,87;9,58;0,00;0,00;0,00;3,05;6,10;9,23;9,43;22,58;29,51;29,80;67,34;58,62;71,17;144,40;148,15
48040;Gatika;0,61;0,60;0,60;0,60;0,60;4,23;5,47;5,51;4,95;5,64;2,53;1,28;1,31;5,36;28,77;33,54;68,62;82,91;85,06;64,13;61,93
48041;Gautegiz Arteaga;1,15;1,16;1,17;2,35;2,35;2,34;2,31;3,42;3,39;3,37;4,48;4,51;3,41;12,51;12,56;24,11;27,71;23,36;24,85;34,52;28,85
20907;Gaztelu;0,00;0,00;0,00;0,00;0,00;0,00;0,00;11,63;11,49;11,49;11,70;17,65;5,88;17,65;17,54;17,34;11,56;11,56;11,63;11,63;11,63
48046;Gernika-Lumo;5,56;3,95;9,57;9,17;8,01;6,76;6,46;4,04;10,85;10,66;10,41;11,09;22,15;47,78;49,88;57,06;64,67;18,75;24,20;27,01;36,04
20039;Getaria;28,74;28,83;28,99;29,08;29,59;0,36;2,19;3,32;3,73;40,96;41,62;43,46;43,26;46,56;8,73;8,82;38,00;39,02;53,06;57,28;65,32
48044;Getxo;7,27;8,12;8,44;7,26;6,84;6,67;5,60;4,42;6,62;6,40;6,18;6,29;6,82;4,70;6,98;9,61;10,44;11,29;11,25;10,29;9,14
48047;Gizaburuaga;4,93;0,00;0,00;0,00;0,00;0,00;0,00;0,00;0,00;0,00;0,00;0,00;15,79;37,84;40,00;93,17;100,67;207,14;223,08;232,00;168,00
48042;Gordexola;1,17;1,17;1,17;0,00;0,00;0,00;0,58;0,58;0,58;0,58;0,57;3,45;12,24;15,41;18,08;65,64;68,49;72,73;76,04;75,88;32,43
48043;Gorliz;10,85;8,79;7,36;6,42;8,76;7,93;15,91;20,10;25,05;25,58;24,94;21,19;36,25;36,34;34,60;47,68;56,90;36,61;43,49;55,66;57,73
48045;Güeñes;0,30;0,15;0,15;0,15;0,15;0,31;0,15;0,15;18,38;18,41;18,33;18,91;61,57;43,44;43,99;48,90;56,44;16,71;24,38;54,07;79,26
01056;Harana/Valle de Arana;12,66;12,55;8,30;8,26;8,16;4,00;3,92;0,00;0,00;7,07;6,83;9,93;9,65;9,40;12,23;11,98;8,82;8,67;8,57;8,50;8,47
20040;Hernani;0,29;0,40;2,94;5,41;10,75;13,52;13,53;16,44;16,89;21,29;32,89;33,64;29,37;26,63;18,99;7,54;12,96;12,64;19,75;27,98;27,44
20041;Hernialde;38,46;32,05;28,94;22,65;9,58;0,00;0,00;0,00;0,00;0,00;0,00;0,00;0,00;0,00;0,00;0,00;15,62;57,32;64,94;65,57;96,35
20036;Hondarribia;15,28;16,80;18,90;18,06;18,64;12,91;8,02;5,17;6,18;14,33;14,68;21,60;27,38;29,11;17,06;21,86;20,51;20,73;31,09;61,96;61,10
20042;Ibarra;0,00;0,00;0,00;0,00;0,00;0,00;0,00;0,00;0,00;0,00;0,00;11,26;11,49;11,48;13,86;14,14;9,43;9,22;13,54;24,29;25,08
48048;Ibarrangelu;0,00;0,00;0,00;0,00;0,00;0,00;0,00;0,00;0,00;0,00;0,00;0,00;0,00;0,00;0,00;0,00;0,00;1,72;1,73;3,46;6,93
20043;Idiazabal;0,00;0,00;0,00;0,00;0,00;0,00;0,00;0,00;0,00;0,00;0,00;0,00;0,45;35,08;43,94;48,73;49,34;14,90;42,78;57,27;97,28
48094;Igorre;11,87;0,48;0,48;0,00;0,48;0,48;0,97;1,44;4,07;11,25;11,24;10,79;13,29;11,49;18,04;19,51;30,08;28,30;54,90;53,80;61,00
20044;Ikaztegieta;0,00;0,00;0,00;0,00;0,00;0,00;0,00;4,25;4,28;4,33;4,34;4,36;0,00;0,00;13,51;13,76;46,73;90,26;92,01;119,80;120,39
20045;Irun;10,73;9,55;12,26;11,49;11,29;11,68;10,92;10,56;14,89;14,99;11,63;13,90;12,37;10,35;10,21;14,66;17,89;16,07;22,20;33,60;37,57
20046;Irura;0,00;0,00;0,00;0,00;0,00;0,00;0,00;0,00;0,00;0,00;37,97;39,19;63,19;66,76;155,79;139,27;157,36;145,49;173,51;78,47;163,69
01027;Iruraiz-Gauna;16,16;20,04;22,10;16,70;14,90;20,41;16,61;14,57;19,86;25,23;19,93;20,15;26,27;26,92;43,05;53,25;57,88;42,42;59,18;45,17;45,64
01901;Iruña Oka/Iruña de Oca;5,89;4,24;3,15;1,74;1,77;1,81;2,14;10,24;10,74;11,51;11,68;39,48;32,46;50,50;93,87;126,90;115,60;161,41;157,42;114,64;99,69
48049;Ispaster;2,69;1,35;1,36;2,74;2,77;4,18;8,37;8,40;5,67;7,16;7,29;2,97;10,65;68,11;105,35;109,87;137,32;90,91;70,03;31,00;31,10
20047;Itsasondo;0,00;0,00;0,00;0,00;0,00;0,00;0,00;0,00;0,00;0,00;0,00;0,00;3,15;12,92;46,43;62,93;67,24;91,54;98,45;63,79;49,57
48910;Iurreta;38,55;20,20;20,15;20,11;4,89;4,87;0,27;0,27;0,26;0,00;0,00;0,00;21,48;22,00;22,09;22,12;21,84;0,50;0,49;0,24;0,00
48050;Izurtza;0,00;0,00;0,00;0,00;0,00;0,00;0,00;0,00;0,00;0,00;0,00;0,00;0,00;0,00;0,00;0,00;0,00;3,97;3,98;47,81;60,24
48022;Karrantza Harana/Valle de Carranza;0,36;0,36;0,00;0,00;0,00;1,45;2,17;2,16;9,69;11,12;25,11;43,32;67,38;69,08;100,68;87,67;71,12;47,11;45,74;14,03;18,86
48907;Kortezubi;2,25;2,26;2,28;0,00;0,00;2,25;8,99;11,29;18,18;20,88;18,96;14,42;14,56;7,41;7,52;15,31;12,99;21,05;50,40;56,00;56,15
01019;Kripan;5,46;5,43;0,00;0,00;0,00;0,00;0,00;0,00;0,00;0,00;0,00;10,31;10,42;26,32;26,46;37,04;36,84;57,59;52,63;52,63;47,62
01020;Kuartango;12,92;13,19;5,39;2,75;2,79;2,82;2,85;2,88;2,92;0,00;0,00;5,93;5,88;5,80;11,53;11,46;8,52;8,55;8,57;14,33;17,09
01028;Labastida/Bastida;1,91;2,58;2,62;1,99;2,01;2,00;1,33;0,66;0,66;7,31;8,66;16,61;30,04;39,62;39,32;53,07;62,72;66,33;61,76;68,40;60,86
01030;Lagrán;44,44;33,90;51,43;17,44;17,54;17,65;17,54;0,00;11,36;11,24;10,99;16,22;21,28;15,79;20,73;25,77;46,63;78,12;94,24;89,01;100,00
01031;Laguardia;14,91;8,40;9,70;3,23;3,84;3,82;3,80;25,16;23,75;23,26;24,01;26,10;16,07;21,32;32,40;35,20;50,13;50,73;74,88;75,71;87,87
01032;Lanciego/Lantziego;1,33;2,72;1,38;1,39;1,41;1,42;0,00;0,00;0,00;0,00;0,00;2,86;8,57;22,99;36,28;71,74;91,72;108,79;98,95;87,22;70,57
48051;Lanestosa;3,56;3,58;3,60;10,83;10,79;7,17;7,14;7,19;0,00;86,64;85,71;84,51;82,76;81,36;0,00;0,00;0,00;0,00;0,00;0,00;0,00
01902;Lantarón;3,12;2,10;1,06;2,14;5,38;7,51;8,55;8,52;9,52;9,42;7,27;8,33;14,52;14,48;33,16;37,58;40,75;38,66;45,36;39,05;42,94
01033;Lapuebla de Labarca;3,43;3,44;1,15;1,15;0,00;0,00;0,00;0,00;0,00;0,00;0,00;20,50;22,57;30,75;41,28;45,19;50,71;60,57;63,98;63,91;60,14
48052;Larrabetzu;0,00;0,00;0,00;0,00;0,00;0,00;0,00;0,00;0,00;0,00;1,02;2,61;3,75;3,86;9,06;44,72;71,26;80,02;90,58;155,07;137,34
20048;Larraul;0,00;0,00;0,00;0,00;0,00;0,00;0,00;0,00;0,00;0,00;0,00;0,00;0,00;0,00;59,63;177,03;184,08;189,74;193,72;180,85;54,64
20902;Lasarte-Oria;0,00;0,00;0,00;0,00;9,95;11,50;11,53;16,03;17,08;25,98;24,61;24,82;20,88;27,27;7,75;13,98;15,07;9,36;21,93;31,62;40,41
01036;Laudio/Llodio;6,93;9,37;13,86;17,04;16,97;12,81;8,40;3,68;0,54;0,70;0,76;0,65;21,52;30,93;43,50;49,81;50,61;29,61;29,93;19,80;21,93
48053;Laukiz;9,04;9,15;2,53;0,85;0,00;0,00;0,00;5,17;26,91;27,07;29,98;33,21;51,76;58,26;62,93;76,54;81,88;36,85;34,62;32,49;21,19
20049;Lazkao;23,49;26,22;28,33;40,54;39,68;38,66;29,88;44,73;31,83;27,63;26,41;39,87;22,58;26,29;30,82;35,31;19,11;32,91;30,02;45,01;52,37
20050;Leaburu;0,00;0,00;0,00;0,00;0,00;0,00;0,00;0,00;0,00;0,00;0,00;0,00;0,00;0,00;0,00;0,00;10,75;10,78;16,30;16,30;57,07
20051;Legazpi;0,00;0,00;0,00;0,00;0,95;0,94;0,94;6,21;6,19;8,02;14,26;18,53;13,33;17,43;15,83;22,14;17,82;24,37;35,78;34,64;32,04
20052;Legorreta;5,39;2,02;2,01;2,01;0,00;2,67;2,66;2,66;2,64;2,64;0,00;0,00;1,36;55,56;67,61;80,00;92,22;48,59;77,99;66,52;59,21
01058;Legutio;9,34;8,52;7,15;6,22;5,16;1,74;1,16;1,16;1,17;33,59;34,48;38,11;101,42;116,09;97,69;128,21;131,49;72,02;62,32;66,00;54,43
20068;Leintz-Gatzaga;0,00;0,00;0,00;0,00;0,00;0,00;0,00;0,00;0,00;0,00;0,00;0,00;11,58;11,76;11,90;12,15;12,35;0,00;0,00;0,00;0,00
48054;Leioa;7,73;11,53;9,83;16,86;20,03;22,09;20,25;20,27;31,12;33,68;30,34;30,14;39,23;33,00;35,24;56,26;55,01;37,12;39,65;34,23;16,11
48057;Lekeitio;5,97;0,42;0,28;2,08;2,36;2,35;2,75;2,74;0,82;0,41;0,41;3,50;3,51;8,66;9,25;17,37;18,56;20,79;16,90;18,93;18,19
48055;Lemoa;5,58;4,45;5,00;4,16;4,18;4,19;0,56;0,85;0,86;14,83;15,19;18,03;51,17;52,84;39,10;96,86;120,26;96,09;97,72;127,96;88,94
48056;Lemoiz;7,70;8,60;5,56;5,64;5,66;6,51;5,78;6,76;5,24;58,82;60,63;63,99;149,12;162,70;106,06;161,52;169,30;72,57;68,67;70,04;14,07
01034;Leza;0,00;0,00;0,00;0,00;0,00;0,00;0,00;4,57;4,57;8,97;8,85;17,47;21,74;34,63;57,02;57,02;57,78;45,05;68,81;55,56;66,04
48081;Lezama;1,66;2,08;2,09;2,10;2,10;0,42;0,42;0,42;0,41;0,41;1,22;3,26;3,68;4,14;10,07;27,25;38,54;55,53;79,43;95,73;89,96
20053;Lezo;38,88;28,19;19,29;8,76;13,73;13,25;13,70;10,72;7,74;6,27;10,26;13,13;13,19;13,75;10,27;6,26;21,50;21,36;21,11;25,03;25,51
20054;Lizartza;0,00;0,00;0,00;0,00;0,00;1,54;1,52;1,52;16,72;16,74;15,38;15,62;17,43;8,03;9,79;9,85;39,54;46,13;41,19;39,54;44,63
48903;Loiu;0,00;0,00;0,00;0,86;0,86;0,87;0,86;0,85;0,00;0,00;0,00;0,00;0,89;6,40;7,13;71,84;74,69;121,24;124,81;156,82;94,68
48058;Mallabia;3,37;3,38;3,39;5,94;5,92;2,52;2,50;2,50;1,66;4,18;5,90;5,94;6,84;6,89;6,94;9,62;27,26;29,15;30,95;30,95;27,34
48060;Markina-Xemein;3,39;8,22;11,87;13,76;13,82;14,46;9,56;6,11;4,27;4,28;0,20;2,26;28,85;30,18;33,36;50,58;56,42;37,62;42,74;40,90;33,93
48061;Maruri-Jatabe;95,53;63,49;88,27;55,14;58,00;57,94;56,56;24,39;21,34;9,72;8,72;106,90;107,31;115,12;117,02;121,69;18,43;27,74;36,55;38,56;53,13
48059;Mañaria;0,00;0,00;0,00;0,00;0,00;0,00;0,00;0,00;0,00;0,00;0,00;0,00;0,00;0,00;0,00;0,00;0,00;0,00;4,33;19,40;21,46
20901;Mendaro;0,00;0,48;0,47;0,47;0,48;0,48;0,00;0,00;0,00;0,00;1,03;1,05;1,08;17,76;57,48;76,56;78,82;73,76;116,83;139,95;133,85
48062;Mendata;0,00;0,00;0,00;0,00;0,00;0,00;2,55;2,58;2,60;10,39;13,02;10,42;18,32;21,11;18,87;19,23;19,50;8,50;43,10;37,68;40,70
48063;Mendexa;0,00;0,00;0,00;0,00;0,00;0,00;0,00;0,00;0,00;0,00;0,00;0,00;0,00;0,00;0,00;0,00;0,00;7,61;15,31;17,95;18,13
48064;Meñaka;6,92;6,97;5,61;8,43;4,20;2,79;2,77;2,75;8,25;12,43;14,01;14,29;39,59;34,38;33,43;38,40;45,24;30,11;35,48;32,57;29,75
01039;Moreda de Álava / Moreda Araba;3,77;3,70;3,66;3,65;3,66;3,68;3,70;3,70;3,64;0,00;0,00;17,30;20,48;20,20;20,00;23,18;6,60;6,60;9,90;13,16;13,20
48066;Morga;19,46;4,93;7,48;7,48;2,45;2,42;2,39;2,38;9,57;9,59;9,66;17,20;17,37;10,00;12,63;22,84;27,85;38,07;53,71;56,41;49,10
48068;Mundaka;12,87;11,87;17,33;17,37;18,93;21,01;16,55;3,71;3,68;5,76;3,65;3,67;3,70;30,87;32,17;48,67;56,97;58,22;43,72;47,10;42,81
48069;Mungia;12,99;12,54;11,25;10,70;12,31;6,16;6,66;7,03;14,27;17,96;17,36;26,36;26,35;18,85;14,10;23,87;25,86;36,68;45,77;57,02;56,06
48007;Munitibar-Arbatzegi Gerrikaitz-;0,00;0,00;0,00;0,00;0,00;0,00;0,00;0,00;0,00;0,00;0,00;0,00;36,86;95,48;227,62;233,77;293,19;203,12;202,07;69,77;69,59
48908;Murueta;12,70;0,00;3,26;3,30;3,33;10,03;13,42;10,17;10,20;13,61;6,80;10,20;16,84;63,97;61,02;75,60;74,47;81,48;47,24;81,30;97,46
48071;Muskiz;0,14;0,14;0,13;0,00;0,00;0,00;0,00;0,00;0,13;0,13;0,14;0,14;0,14;0,00;21,51;25,15;39,26;45,19;51,55;35,12;34,10
20057;Mutiloa;24,39;24,19;24,00;23,90;24,00;0,00;0,00;0,00;0,00;29,17;29,79;30,30;31,25;46,08;33,49;182,27;211,06;202,02;206,03;195,00;44,55
20056;Mutriku;15,96;3,57;7,31;7,31;7,31;3,76;3,78;0,00;0,39;0,39;0,60;45,00;52,33;58,33;66,43;69,07;25,83;12,71;19,56;12,68;14,94
48067;Muxika;0,00;1,35;4,75;9,56;10,31;13,13;12,47;10,37;9,64;21,31;21,23;22,66;24,34;31,07;37,22;50,11;55,68;53,17;54,79;37,30;24,22
48909;Nabarniz;0,00;0,00;0,00;0,00;0,00;0,00;4,13;12,61;34,19;42,74;51,72;56,28;51,95;78,95;70,48;78,60;77,92;43,10;42,74;46,61;47,01
01041;Navaridas;0,00;0,00;0,00;0,00;0,00;0,00;0,00;0,00;4,22;4,35;4,39;4,46;4,50;0,00;4,55;9,17;14,02;14,15;18,96;18,96;18,96
20063;Oiartzun;8,31;13,05;10,45;11,05;9,53;8,32;4,92;13,25;17,57;17,36;17,23;19,04;10,05;3,68;10,69;10,75;8,94;12,34;16,89;29,99;38,09
01042;Okondo;0,00;0,00;0,00;0,00;0,00;0,00;0,00;0,87;0,87;0,87;1,77;2,69;2,73;94,80;180,96;182,60;194,53;196,97;114,86;40,90;53,22
20058;Olaberria;25,92;26,03;8,71;8,72;0,00;0,00;0,00;0,00;4,25;4,25;6,38;28,66;28,85;38,79;39,05;39,43;25,47;29,87;21,95;44,91;49,23
48073;Ondarroa;0,00;0,00;0,00;0,00;0,00;0,00;0,00;1,50;1,49;1,48;1,48;9,60;13,70;22,97;22,79;22,61;14,59;0,00;0,11;0,21;0,21
20076;Ordizia;18,56;16,06;17,41;7,78;9,95;8,69;8,22;14,25;17,39;20,42;28,91;31,22;29,33;30,53;33,38;29,26;32,76;34,74;33,17;31,51;41,09
20905;Orendain;4,46;4,63;9,66;4,98;5,08;5,13;5,21;0,00;0,00;0,00;0,00;5,52;16,76;17,05;40,70;41,42;48,19;55,90;122,58;137,25;153,33
20060;Orexa;0,00;0,00;0,00;0,00;0,00;0,00;0,00;0,00;0,00;0,00;0,00;0,00;0,00;0,00;112,15;117,65;125,00;131,87;134,83;0,00;0,00
20061;Orio;19,88;18,78;8,77;5,83;9,75;8,66;16,71;15,62;27,26;37,00;52,98;47,70;51,67;57,74;40,00;44,84;54,51;42,81;37,04;37,21;30,34
20062;Ormaiztegi;0,00;0,00;0,00;0,00;0,00;7,67;7,70;7,72;7,72;7,69;0,00;0,00;0,00;0,00;2,33;21,29;21,65;28,59;28,95;106,76;88,46
48075;Orozko;5,94;4,50;3,79;2,67;1,14;1,52;1,90;2,67;8,10;52,82;68,68;84,01;84,70;80,52;33,38;16,69;1,30;0,44;0,45;0,00;27,61
48083;Ortuella;2,75;4,32;3,84;14,03;14,00;21,63;19,92;19,41;31,18;34,15;24,82;30,22;30,24;8,48;11,63;13,27;9,24;14,48;15,71;21,01;23,23
48072;Otxandio;0,75;0,75;0,75;0,75;0,00;0,00;6,18;11,63;11,66;13,23;22,83;17,53;12,19;12,45;11,06;0,87;0,00;0,00;31,34;38,03;43,72
01043;Oyón-Oion;0,00;0,00;0,00;0,00;0,00;0,00;0,00;0,29;2,37;5,96;13,24;39,84;48,59;64,53;71,19;83,84;71,15;87,99;85,93;93,81;99,15
20059;Oñati;4,99;7,64;7,48;9,07;6,64;6,48;4,36;3,85;7,74;14,31;16,42;24,44;36,75;46,91;55,83;58,30;53,73;42,75;29,71;24,15;27,36
20064;Pasaia;4,27;4,27;6,79;2,52;2,53;4,48;4,86;2,93;3,07;23,83;21,95;22,00;24,12;24,02;4,50;4,56;5,47;4,39;4,36;2,87;3,22
01044;Peñacerrada-Urizaharra;16,03;19,87;20,62;17,67;14,18;10,68;7,09;10,53;6,94;6,85;6,80;20,48;49,30;90,91;154,72;164,71;188,76;171,43;165,98;134,45;140,43
48077;Plentzia;4,50;4,06;2,04;1,14;0,00;0,00;0,00;0,23;0,91;0,91;0,91;2,97;4,60;6,29;11,61;42,27;59,01;61,13;65,83;77,73;52,91
48078;Portugalete;1,23;1,22;1,21;1,90;0,69;0,69;2,01;3,53;3,58;3,77;3,76;7,34;6,03;6,98;11,73;11,66;8,90;10,92;10,83;9,77;14,05
01047;Ribera Baja/Erribera Beitia;8,88;7,61;5,73;2,57;1,96;0,66;0,67;1,36;1,38;1,40;0,72;2,21;27,57;47,73;66,61;78,19;134,94;98,92;158,78;251,64;281,46
01051;Salvatierra/Agurain;4,18;1,33;0,76;0,76;0,19;0,00;0,00;0,39;0,40;0,40;0,61;13,15;24,66;39,52;58,61;141,88;151,81;148,58;138,22;125,64;59,14
01052;Samaniego;3,66;7,66;7,97;8,10;3,94;3,83;0,00;0,00;13,29;35,37;34,38;46,15;46,30;93,17;80,75;117,28;107,69;119,27;66,27;68,86;35,82
01053;San Millán/Donemiliaga;9,58;10,94;10,93;10,93;13,61;12,23;9,43;8,09;12,11;13,48;16,33;26,21;27,55;26,24;27,66;30,22;50,89;70,54;77,13;88,28;95,44
48082;Santurtzi;9,01;11,00;14,30;18,76;17,01;14,56;10,84;6,45;2,85;2,97;3,16;3,16;1,69;1,84;1,33;4,26;9,91;12,98;25,81;35,53;37,82
20070;Segura;0,00;0,00;0,00;0,00;0,00;0,00;0,00;0,00;0,00;0,00;0,00;0,00;40,23;51,04;82,00;96,45;116,59;72,27;71,54;41,73;31,50
48084;Sestao;0,00;0,00;0,00;0,00;0,00;5,93;5,89;6,53;8,02;8,26;3,69;3,66;2,98;1,46;1,15;0,00;0,33;1,55;1,60;4,53;4,48
48904;Sondika;15,30;12,87;17,34;17,39;13,41;12,71;9,36;0,22;3,11;3,11;25,61;27,23;38,82;40,24;43,77;23,72;22,84;18,24;27,37;52,75;56,29
48085;Sopela;22,28;35,58;38,73;45,30;44,83;49,20;35,59;33,10;28,88;25,93;14,03;13,32;14,18;10,78;18,22;21,28;38,01;34,72;32,57;33,40;39,35
48086;Sopuerta;1,93;2,34;1,97;2,38;2,76;3,52;3,12;13,20;23,31;22,99;22,32;45,17;48,67;99,71;104,94;107,89;105,08;65,30;29,58;50,30;51,79
20065;Soraluze-Placencia de las Armas;0,00;0,00;0,00;0,00;0,00;0,00;0,00;0,00;0,00;0,00;5,58;6,35;6,59;30,28;35,89;30,13;32,90;37,16;38,26;34,52;34,48
48076;Sukarrieta;50,99;43,10;2,91;8,72;37,14;36,93;36,93;51,28;45,98;17,49;17,60;73,96;56,38;71,43;71,64;71,86;15,29;0,00;3,27;3,34;3,46
20071;Tolosa;13,86;10,35;7,26;12,22;15,26;14,59;11,10;9,62;15,68;14,12;24,54;48,72;54,92;47,34;48,76;42,06;19,43;29,14;28,20;26,92;24,68
48087;Trucios-Turtzioz;0,00;0,00;0,00;1,93;1,93;1,91;1,89;1,87;0,00;1,83;3,66;5,49;7,33;9,23;11,13;14,81;14,90;16,79;29,63;29,57;24,03
48088;Ubide;0,00;0,00;0,00;0,00;0,00;0,00;0,00;0,00;0,00;0,00;0,00;0,00;0,00;18,75;56,96;56,96;56,25;54,88;179,64;142,01;140,35
48065;Ugao-Miraballes;0,00;0,00;5,37;5,37;5,37;5,38;5,39;0,00;9,35;36,03;36,13;39,27;39,37;42,24;43,86;47,19;44,17;44,14;33,27;4,75;1,50
48089;Urduliz;70,15;96,27;99,82;111,27;98,77;71,82;41,54;26,38;39,55;45,23;68,96;81,60;79,83;118,43;105,07;94,44;93,74;93,10;26,51;26,48;17,10
48074;Urduña/Orduña;6,20;4,52;3,09;2,85;3,10;2,88;1,92;0,48;0,48;3,57;3,57;4,06;4,08;16,44;14,86;15,19;22,20;13,63;10,46;23,73;24,34
01054;Urkabustaiz;4,84;4,88;4,91;4,25;2,88;2,93;2,22;1,49;11,22;11,30;14,53;15,66;33,31;122,57;133,45;149,46;198,87;229,35;122,37;124,49;128,90
20072;Urnieta;20,55;20,53;14,37;5,01;5,01;4,86;4,87;2,93;0,00;0,00;0,00;0,00;0,17;2,34;19,23;25,61;37,94;35,91;36,78;20,45;38,43
20077;Urretxu;10,57;13,81;13,80;22,01;21,93;14,85;11,61;11,72;1,01;1,16;1,16;3,95;6,48;5,64;19,16;22,79;21,07;28,81;30,61;23,77;39,19
20073;Usurbil;16,23;29,76;29,64;24,79;24,86;21,91;3,05;3,07;9,27;12,29;10,27;16,80;17,06;10,73;7,37;7,28;0,00;0,00;0,00;4,42;26,87
01055;Valdegovía/Gaubea;6,26;8,20;9,29;8,46;9,40;12,18;11,20;10,18;10,95;13,51;16,99;15,00;33,45;35,37;51,74;55,00;65,80;62,56;73,24;98,21;122,10
48080;Valle de Trápaga-Trapagaran;0,00;2,45;5,65;9,68;9,65;10,13;7,68;4,49;0,50;4,20;3,69;3,67;3,66;3,81;0,16;4,03;5,23;5,14;5,05;6,96;3,11
20075;Villabona;3,44;3,42;8,16;4,76;5,99;6,01;6,05;1,22;1,22;0,00;0,00;8,74;28,06;33,50;33,66;33,80;28,49;17,54;20,04;32,20;33,89
01057;Villabuena de Álava/Eskuernaga;0,00;0,00;0,00;6,71;6,60;6,54;6,49;6,41;6,25;6,21;15,48;21,60;27,95;24,84;24,77;15,43;9,23;9,15;33,64;48,93;48,93
01059;Vitoria-Gasteiz;18,75;15,96;13,68;9,71;8,09;6,71;6,13;8,77;16,82;24,70;38,25;50,93;68,25;75,25;73,84;72,76;72,72;49,51;39,12;37,35;33,88
01060;Yécora/Iekora;0,00;0,00;0,00;0,00;0,00;0,00;0,00;0,00;0,00;0,00;0,00;63,55;63,12;72,85;83,61;89,35;28,47;22,14;18,80;26,72;27,13
48095;Zaldibar;0,00;0,00;0,00;0,00;0,00;0,00;3,94;3,94;3,96;3,96;3,97;25,70;26,00;26,67;56,54;91,13;77,50;79,51;86,00;55,92;24,21
20078;Zaldibia;0,00;0,00;0,00;0,00;0,00;15,15;15,36;15,51;15,62;15,79;0,00;0,00;0,00;0,00;4,09;4,12;4,12;4,11;4,08;0,00;0,00
01061;Zalduondo;4,95;5,00;5,05;10,15;5,03;5,03;5,05;5,08;0,00;5,08;10,15;10,15;10,00;15,08;45,45;55,84;56,99;86,02;155,56;153,41;141,18
48096;Zalla;0,24;0,24;0,24;0,24;0,24;0,12;0,12;2,26;2,39;2,52;7,85;13,13;19,03;19,92;28,77;29,74;26,93;33,83;39,97;46,19;45,52
01062;Zambrana;54,92;55,17;43,78;16,32;9,43;7,11;7,08;4,68;4,69;7,16;12,22;10,18;127,32;161,20;197,22;212,89;214,69;121,47;87,08;58,99;44,94
48905;Zamudio;19,73;25,18;25,48;5,85;5,90;13,74;8,16;7,84;8,15;8,14;0,31;0,62;0,62;0,31;0,31;0,32;0,00;0,00;0,00;0,00;0,00
48097;Zaratamo;0,00;0,00;0,00;0,00;0,00;0,00;0,00;0,00;0,00;0,00;0,00;5,84;5,83;7,00;8,23;10,11;26,47;26,51;25,81;26,36;27,41
20079;Zarautz;37,93;18,94;18,86;14,06;18,53;6,96;5,68;6,75;8,94;4,77;11,98;14,21;13,19;11,06;10,54;3,19;0,74;2,00;5,19;10,83;14,06
48024;Zeanuri;6,39;7,20;8,81;7,19;6,39;4,79;5,56;3,15;3,89;9,27;11,47;15,26;19,19;25,62;29,04;28,75;27,60;63,06;70,78;75,91;80,99
48025;Zeberio;0,00;0,00;0,00;0,00;0,00;0,94;1,88;1,88;14,15;14,18;14,22;16,10;19,83;8,47;13,15;19,72;34,94;41,98;54,16;62,20;62,68
20025;Zegama;0,00;0,00;0,00;13,09;13,08;13,08;13,07;13,06;0,00;0,00;0,00;0,00;24,44;27,84;63,71;100,29;104,39;76,80;94,24;79,94;50,94
20026;Zerain;29,20;29,63;29,96;30,42;30,89;0,00;0,00;19,08;19,16;19,31;19,69;20,08;8,16;8,23;12,40;12,40;16,46;16,53;20,83;29,29;62,76
20027;Zestoa;21,33;20,69;0,00;0,00;0,00;0,27;0,27;0,27;1,09;1,10;17,86;21,54;22,74;64,44;68,23;51,56;74,39;89,72;63,78;67,56;67,24
48913;Zierbena;25,97;27,28;5,98;4,00;4,68;5,34;4,68;2,69;2,71;2,06;2,10;42,95;99,19;104,51;110,09;120,34;87,20;27,78;36,20;35,60;26,96
01018;Zigoitia;16,25;17,04;13,80;9,85;9,76;9,13;8,50;8,47;10,74;11,99;11,01;10,10;12,30;42,09;65,35;100,00;110,80;110,48;92,94;76,25;54,21
48915;Ziortza-Bolibar;2,32;2,27;2,22;0,00;0,00;2,16;4,32;4,35;4,39;8,87;6,77;4,61;4,68;4,77;0,00;0,00;0,00;0,00;42,74;40,90;33,93
20028;Zizurkil;0,00;0,00;0,00;0,00;0,00;0,00;0,00;0,00;14,51;14,72;54,29;55,04;55,52;40,23;40,97;1,82;1,83;2,19;2,20;3,67;4,74
01063;Zuia;20,31;21,15;21,99;12,65;13,01;7,08;7,04;5,34;6,13;8,98;16,82;18,57;20,00;25,30;25,65;24,38;26,95;29,59;57,07;92,02;132,52
20081;Zumaia;6,55;3,34;4,99;4,09;3,07;11,93;10,84;22,83;30,95;33,99;25,05;25,34;30,05;39,04;47,30;51,91;60,68;46,53;34,65;30,13;36,57
20080;Zumarraga;10,54;11,10;12,06;4,48;4,48;6,70;5,16;10,01;9,90;9,89;7,66;11,44;9,34;17,17;20,05;23,68;32,88;22,74;20,36;18,10;25,57
