Indicadores municipales de sostenibilidad: Población total (hab.);;;;;;;;;;;;;;;;;;;;;;;;;
"";;;;;;;;;;;;;;;;;;;;;;;;;
Resumen de datos;;;;;;;;;;;;;;;;;;;;;;;;;
Entidad;;2024;2023;2022;2021;2020;2019;2018;2017;2016;2015;2014;2013;2012;2011;2010;2009;2008;2007;2006;2005;2004;2003;2002;2001
Araba/Álava;;335.146,00;332.851,00;330.692,00;330.189,00;330.209,00;327.967,00;325.518,00;323.592,00;322.335,00;321.777,00;320.032,00;320.266,00;321.862,00;318.730,00;317.016,00;313.561,00;309.786,00;305.732,00;301.800,00;298.166,00;294.012,00;291.038,00;287.560,00;284.596,00
Bizkaia;;1.150.037,00;1.144.019,00;1.139.209,00;1.144.123,00;1.149.044,00;1.142.853,00;1.140.662,00;1.139.426,00;1.138.852,00;1.141.442,00;1.144.214,00;1.150.792,00;1.154.134,00;1.152.406,00;1.151.708,00;1.151.125,00;1.144.424,00;1.137.948,00;1.127.291,00;1.122.410,00;1.119.697,00;1.119.849,00;1.120.591,00;1.122.180,00
CAE;;2.208.007,00;2.196.745,00;2.186.517,00;2.193.199,00;2.199.711,00;2.188.017,00;2.180.449,00;2.175.819,00;2.171.886,00;2.173.210,00;2.172.877,00;2.178.949,00;2.181.590,00;2.174.033,00;2.169.038,00;2.162.953,00;2.147.754,00;2.130.996,00;2.115.383,00;2.104.396,00;2.095.014,00;2.089.950,00;2.085.058,00;2.079.210,00
Gipuzkoa;;722.824,00;719.875,00;716.616,00;718.887,00;720.458,00;717.197,00;714.269,00;712.801,00;710.699,00;709.991,00;708.631,00;707.891,00;705.594,00;702.897,00;700.314,00;698.267,00;693.544,00;687.316,00;686.292,00;683.820,00;681.305,00;679.063,00;676.907,00;672.434,00
"";;;;;;;;;;;;;;;;;;;;;;;;;
Detalle por comarcas;;;;;;;;;;;;;;;;;;;;;;;;;
Código comarca;Comarca;2024;2023;2022;2021;2020;2019;2018;2017;2016;2015;2014;2013;2012;2011;2010;2009;2008;2007;2006;2005;2004;2003;2002;2001
01100;Arabako Ibarrak / Valles Alaveses;6.367,00;6.309,00;6.329,00;6.267,00;6.159,00;6.099,00;6.075,00;6.032,00;5.930,00;5.980,00;6.016,00;5.998,00;6.023,00;5.951,00;5.905,00;5.721,00;5.654,00;5.548,00;5.420,00;5.297,00;5.166,00;4.961,00;4.945,00;4.850,00
01200;Arabako Lautada / Llanada Alavesa;269.971,00;268.014,00;265.938,00;265.498,00;265.868,00;263.710,00;261.289,00;259.639,00;258.641,00;257.808,00;255.941,00;256.003,00;257.458,00;254.761,00;253.511,00;250.653,00;247.371,00;243.929,00;240.897,00;237.932,00;234.552,00;232.635,00;229.715,00;227.153,00
01300;Arabako Mendialdea / Montaña Alavesa;3.232,00;3.208,00;3.243,00;3.180,00;3.023,00;3.009,00;3.013,00;3.009,00;2.981,00;3.009,00;3.063,00;3.170,00;3.209,00;3.192,00;3.203,00;3.197,00;3.172,00;3.155,00;3.141,00;3.143,00;3.138,00;3.104,00;3.089,00;3.089,00
48100;Arratia Nerbioi / Arratia-Nervión;24.298,00;24.135,00;24.104,00;24.136,00;24.024,00;23.932,00;23.805,00;23.735,00;23.686,00;23.724,00;23.751,00;23.778,00;23.673,00;23.499,00;23.201,00;23.025,00;22.774,00;22.345,00;22.097,00;21.956,00;21.856,00;21.676,00;21.524,00;21.415,00
20200;Bidasoa Beherea / Bajo Bidasoa;77.854,00;77.220,00;77.042,00;77.536,00;77.192,00;76.836,00;76.627,00;76.828,00;76.765,00;76.623,00;76.327,00;76.337,00;76.177,00;76.342,00;76.384,00;76.493,00;76.465,00;76.157,00;75.620,00;75.082,00;74.539,00;73.535,00;72.723,00;71.616,00
48200;Bilbo Handia / Gran Bilbao;860.793,00;856.313,00;852.635,00;857.176,00;863.090,00;858.236,00;857.343,00;857.016,00;857.044,00;859.907,00;862.813,00;868.810,00;872.826,00;873.742,00;874.879,00;875.560,00;871.395,00;868.484,00;861.535,00;858.445,00;857.012,00;859.033,00;861.516,00;864.244,00
20100;Deba Beherea / Bajo Deba;55.011,00;54.775,00;54.863,00;55.170,00;55.870,00;55.686,00;55.579,00;55.498,00;55.307,00;55.317,00;55.230,00;55.173,00;55.021,00;54.719,00;54.590,00;54.460,00;54.347,00;53.901,00;53.814,00;53.988,00;54.157,00;54.358,00;54.589,00;54.604,00
20300;Debagoiena / Alto Deba;63.087,00;62.735,00;62.489,00;62.642,00;63.313,00;63.170,00;63.068,00;63.075,00;62.734,00;62.765,00;62.850,00;62.622,00;62.185,00;61.668,00;61.554,00;61.483,00;61.231,00;61.084,00;61.223,00;61.286,00;61.344,00;61.525,00;61.685,00;61.460,00
20400;Donostialdea / Donostia-San Sebastián;331.118,00;330.342,00;328.418,00;328.961,00;329.086,00;327.428,00;325.889,00;325.111,00;324.511,00;324.123,00;323.836,00;323.913,00;323.396,00;322.726,00;321.656,00;321.061,00;318.792,00;316.543,00;317.370,00;316.525,00;315.664,00;314.600,00;313.502,00;311.916,00
48300;Durangaldea / Duranguesado;99.785,00;99.295,00;99.112,00;99.559,00;100.052,00;99.557,00;99.230,00;98.715,00;98.229,00;98.119,00;97.978,00;98.306,00;98.140,00;97.140,00;96.787,00;96.630,00;95.816,00;94.657,00;93.352,00;92.636,00;92.099,00;91.766,00;91.299,00;91.013,00
48400;Enkartazioak / Encartaciones;32.178,00;32.055,00;32.055,00;32.110,00;32.021,00;31.911,00;31.806,00;31.909,00;31.984,00;32.093,00;32.088,00;32.184,00;32.122,00;31.731,00;31.447,00;31.174,00;30.882,00;30.505,00;30.267,00;30.085,00;29.961,00;29.759,00;29.609,00;29.544,00
01400;Errioxa Arabarra / Rioja Alavesa;11.777,00;11.762,00;11.736,00;11.697,00;11.624,00;11.545,00;11.527,00;11.509,00;11.484,00;11.613,00;11.574,00;11.575,00;11.663,00;11.648,00;11.594,00;11.513,00;11.515,00;11.307,00;11.013,00;10.836,00;10.643,00;10.396,00;10.269,00;10.069,00
48500;Gernika-Bermeo;46.616,00;46.386,00;46.032,00;46.172,00;45.973,00;45.877,00;45.845,00;45.690,00;45.688,00;45.705,00;45.859,00;46.183,00;46.222,00;45.949,00;45.676,00;45.517,00;45.336,00;45.058,00;44.485,00;44.182,00;43.969,00;43.802,00;43.813,00;43.816,00
20500;Goierri;68.615,00;68.316,00;67.914,00;68.284,00;68.719,00;68.407,00;68.088,00;67.919,00;67.537,00;67.670,00;67.633,00;67.654,00;67.621,00;67.383,00;67.116,00;66.738,00;66.257,00;64.673,00;63.977,00;63.529,00;63.073,00;63.011,00;63.088,00;62.730,00
01500;Gorbeia Inguruak / Estribaciones del Gorbea;9.303,00;9.190,00;9.140,00;9.093,00;8.831,00;8.813,00;8.791,00;8.726,00;8.777,00;8.789,00;8.757,00;8.855,00;8.887,00;8.725,00;8.556,00;8.395,00;8.240,00;8.078,00;7.894,00;7.737,00;7.565,00;7.283,00;7.032,00;6.814,00
01600;Kantauri Arabarra / Cantábrica Alavesa;34.496,00;34.368,00;34.306,00;34.454,00;34.704,00;34.791,00;34.823,00;34.677,00;34.522,00;34.578,00;34.681,00;34.665,00;34.622,00;34.453,00;34.247,00;34.082,00;33.834,00;33.715,00;33.435,00;33.221,00;32.948,00;32.659,00;32.510,00;32.621,00
48600;Markina-Ondarroa;25.618,00;25.626,00;25.769,00;26.048,00;26.217,00;26.220,00;26.115,00;26.160,00;26.014,00;26.100,00;26.276,00;26.370,00;26.447,00;26.380,00;26.406,00;26.551,00;26.388,00;26.165,00;25.918,00;26.124,00;26.376,00;26.404,00;26.427,00;26.496,00
48700;Plentzia-Mungia;60.749,00;60.209,00;59.502,00;58.922,00;57.667,00;57.120,00;56.518,00;56.201,00;56.207,00;55.794,00;55.449,00;55.161,00;54.704,00;53.965,00;53.312,00;52.668,00;51.833,00;50.734,00;49.637,00;48.982,00;48.424,00;47.409,00;46.403,00;45.652,00
20600;Tolosaldea / Tolosa;49.869,00;49.720,00;49.431,00;49.543,00;49.546,00;49.251,00;48.969,00;48.759,00;48.454,00;48.365,00;48.196,00;48.137,00;47.643,00;47.129,00;46.819,00;46.536,00;46.045,00;45.508,00;45.278,00;44.934,00;44.589,00;44.497,00;44.297,00;43.909,00
20700;Urola-Kostaldea / Urola Costa;77.270,00;76.767,00;76.459,00;76.751,00;76.732,00;76.419,00;76.049,00;75.611,00;75.391,00;75.128,00;74.559,00;74.055,00;73.551,00;72.930,00;72.195,00;71.496,00;70.407,00;69.450,00;69.010,00;68.476,00;67.939,00;67.537,00;67.023,00;66.199,00
"";;;;;;;;;;;;;;;;;;;;;;;;;
Detalle por municipios;;;;;;;;;;;;;;;;;;;;;;;;;
Código municipio;Municipio;2024;2023;2022;2021;2020;2019;2018;2017;2016;2015;2014;2013;2012;2011;2010;2009;2008;2007;2006;2005;2004;2003;2002;2001
48001;Abadiño;7.771,00;7.745,00;7.722,00;7.624,00;7.754,00;7.695,00;7.640,00;7.620,00;7.548,00;7.535,00;7.533,00;7.503,00;7.431,00;7.363,00;7.356,00;7.310,00;7.247,00;7.167,00;7.076,00;6.995,00;6.927,00;6.897,00;6.885,00;6.780,00
20001;Abaltzisketa;313,00;321,00;304,00;307,00;314,00;328,00;314,00;320,00;314,00;319,00;319,00;320,00;318,00;314,00;314,00;315,00;315,00;302,00;296,00;296,00;296,00;295,00;314,00;292,00
48002;Abanto y Ciérvana-Abanto Zierbena;9.387,00;9.366,00;9.331,00;9.405,00;9.501,00;9.476,00;9.580,00;9.588,00;9.570,00;9.638,00;9.691,00;9.775,00;9.766,00;9.733,00;9.722,00;9.627,00;9.573,00;9.568,00;9.516,00;9.495,00;9.493,00;9.371,00;9.271,00;9.216,00
20002;Aduna;496,00;503,00;483,00;478,00;483,00;480,00;480,00;481,00;465,00;465,00;467,00;453,00;447,00;447,00;425,00;398,00;371,00;365,00;363,00;353,00;342,00;343,00;335,00;336,00
20016;Aia;2.127,00;2.118,00;2.072,00;2.033,00;1.985,00;1.998,00;2.020,00;2.025,00;2.022,00;2.024,00;2.011,00;2.009,00;2.000,00;1.979,00;1.987,00;1.938,00;1.840,00;1.814,00;1.797,00;1.785,00;1.774,00;1.729,00;1.724,00;1.729,00
20003;Aizarnazabal;761,00;749,00;752,00;771,00;769,00;763,00;766,00;769,00;754,00;755,00;754,00;750,00;738,00;710,00;684,00;647,00;636,00;625,00;621,00;626,00;631,00;618,00;596,00;587,00
48911;Ajangiz;462,00;464,00;464,00;466,00;440,00;453,00;458,00;462,00;465,00;453,00;456,00;444,00;452,00;451,00;442,00;436,00;438,00;436,00;432,00;428,00;425,00;427,00;424,00;416,00
20004;Albiztur;309,00;310,00;301,00;302,00;293,00;296,00;302,00;304,00;309,00;300,00;306,00;302,00;294,00;289,00;291,00;300,00;301,00;290,00;288,00;292,00;296,00;292,00;291,00;279,00
20005;Alegia;1.859,00;1.817,00;1.793,00;1.816,00;1.798,00;1.751,00;1.754,00;1.756,00;1.760,00;1.774,00;1.781,00;1.795,00;1.790,00;1.783,00;1.731,00;1.717,00;1.691,00;1.666,00;1.653,00;1.619,00;1.585,00;1.541,00;1.531,00;1.525,00
01001;Alegría-Dulantzi;3.170,00;3.179,00;3.165,00;3.117,00;3.140,00;3.075,00;3.081,00;3.043,00;2.989,00;3.010,00;3.060,00;2.988,00;3.007,00;2.920,00;2.812,00;2.710,00;2.526,00;2.291,00;2.201,00;2.129,00;2.053,00;1.821,00;1.707,00;1.583,00
20006;Alkiza;348,00;356,00;343,00;348,00;350,00;346,00;354,00;349,00;346,00;350,00;360,00;367,00;357,00;343,00;339,00;352,00;343,00;318,00;317,00;308,00;299,00;285,00;277,00;267,00
48912;Alonsotegi;3.036,00;2.959,00;2.960,00;2.946,00;2.822,00;2.852,00;2.845,00;2.837,00;2.855,00;2.868,00;2.855,00;2.851,00;2.860,00;2.827,00;2.838,00;2.847,00;2.843,00;2.814,00;2.786,00;2.775,00;2.770,00;2.806,00;2.813,00;2.858,00
20906;Altzaga;164,00;166,00;171,00;170,00;183,00;188,00;184,00;184,00;173,00;178,00;166,00;165,00;162,00;158,00;156,00;159,00;154,00;153,00;149,00;150,00;151,00;137,00;119,00;113,00
20007;Altzo;396,00;398,00;377,00;396,00;390,00;367,00;358,00;354,00;358,00;350,00;345,00;354,00;356,00;351,00;345,00;398,00;396,00;376,00;361,00;363,00;366,00;338,00;337,00;359,00
20008;Amezketa;920,00;921,00;930,00;927,00;920,00;907,00;923,00;921,00;921,00;922,00;949,00;955,00;956,00;951,00;980,00;976,00;969,00;939,00;959,00;951,00;944,00;946,00;950,00;950,00
48003;Amorebieta-Etxano;19.301,00;19.208,00;19.222,00;19.225,00;19.290,00;19.119,00;18.919,00;18.711,00;18.491,00;18.355,00;18.216,00;18.305,00;18.208,00;17.861,00;17.750,00;17.660,00;17.488,00;17.240,00;16.950,00;16.777,00;16.637,00;16.424,00;16.382,00;16.358,00
48004;Amoroto;385,00;383,00;390,00;406,00;415,00;409,00;419,00;419,00;413,00;401,00;408,00;396,00;398,00;405,00;405,00;404,00;402,00;406,00;400,00;403,00;406,00;412,00;407,00;401,00
01002;Amurrio;10.413,00;10.394,00;10.371,00;10.393,00;10.330,00;10.419,00;10.366,00;10.321,00;10.309,00;10.307,00;10.280,00;10.200,00;10.157,00;10.068,00;10.095,00;10.121,00;10.043,00;9.856,00;9.693,00;9.599,00;9.489,00;9.474,00;9.476,00;9.567,00
20009;Andoain;14.785,00;14.783,00;14.737,00;14.866,00;14.988,00;14.945,00;14.930,00;14.929,00;14.827,00;14.883,00;14.886,00;14.866,00;14.844,00;14.824,00;14.743,00;14.712,00;14.395,00;14.129,00;14.044,00;14.025,00;14.006,00;14.123,00;14.261,00;14.308,00
20010;Anoeta;2.114,00;2.121,00;2.103,00;2.112,00;2.030,00;2.036,00;1.982,00;1.975,00;1.996,00;1.958,00;1.893,00;1.872,00;1.830,00;1.830,00;1.839,00;1.825,00;1.783,00;1.759,00;1.749,00;1.751,00;1.753,00;1.751,00;1.699,00;1.697,00
20011;Antzuola;2.139,00;2.146,00;2.135,00;2.146,00;2.179,00;2.201,00;2.219,00;2.214,00;2.223,00;2.243,00;2.241,00;2.233,00;2.205,00;2.204,00;2.170,00;2.160,00;2.134,00;2.110,00;2.111,00;2.101,00;2.091,00;2.051,00;2.046,00;2.032,00
48005;Arakaldo;175,00;178,00;169,00;170,00;170,00;167,00;164,00;163,00;165,00;163,00;150,00;137,00;124,00;125,00;110,00;93,00;91,00;95,00;94,00;90,00;86,00;84,00;86,00;78,00
20012;Arama;185,00;195,00;198,00;205,00;204,00;202,00;209,00;211,00;210,00;213,00;220,00;220,00;200,00;197,00;214,00;194,00;185,00;181,00;171,00;167,00;163,00;166,00;162,00;166,00
01003;Aramaio;1.416,00;1.443,00;1.467,00;1.495,00;1.480,00;1.506,00;1.521,00;1.518,00;1.526,00;1.550,00;1.529,00;1.542,00;1.537,00;1.517,00;1.529,00;1.525,00;1.518,00;1.536,00;1.515,00;1.502,00;1.486,00;1.466,00;1.470,00;1.443,00
48006;Arantzazu;418,00;412,00;420,00;417,00;388,00;377,00;368,00;374,00;378,00;384,00;385,00;373,00;362,00;351,00;323,00;303,00;303,00;301,00;299,00;295,00;291,00;292,00;291,00;291,00
48093;Areatza;1.276,00;1.232,00;1.235,00;1.258,00;1.230,00;1.215,00;1.222,00;1.203,00;1.194,00;1.176,00;1.205,00;1.234,00;1.221,00;1.169,00;1.135,00;1.120,00;1.102,00;1.070,00;1.049,00;1.032,00;1.016,00;1.023,00;1.036,00;1.051,00
20013;Aretxabaleta;7.208,00;7.165,00;7.085,00;7.118,00;7.080,00;7.098,00;6.964,00;6.973,00;6.987,00;6.976,00;6.993,00;6.926,00;6.850,00;6.712,00;6.680,00;6.669,00;6.614,00;6.527,00;6.467,00;6.314,00;6.160,00;6.119,00;6.093,00;5.991,00
01006;Armiñón;238,00;225,00;228,00;224,00;223,00;223,00;214,00;225,00;222,00;227,00;230,00;218,00;209,00;201,00;199,00;168,00;159,00;159,00;135,00;125,00;115,00;119,00;117,00;102,00
01037;Arraia-Maeztu;827,00;810,00;800,00;795,00;732,00;732,00;715,00;720,00;718,00;707,00;710,00;731,00;737,00;723,00;710,00;708,00;703,00;710,00;710,00;706,00;699,00;692,00;684,00;664,00
48009;Arrankudiaga;1.028,00;1.010,00;1.025,00;1.011,00;1.018,00;1.019,00;1.018,00;1.015,00;1.006,00;994,00;989,00;979,00;974,00;945,00;927,00;911,00;889,00;850,00;843,00;832,00;822,00;821,00;833,00;812,00
20055;Arrasate/Mondragón;21.943,00;21.693,00;21.610,00;21.729,00;22.082,00;22.058,00;22.124,00;22.047,00;21.903,00;21.933,00;21.922,00;21.904,00;21.831,00;21.771,00;21.833,00;21.872,00;21.778,00;21.917,00;22.118,00;22.411,00;22.702,00;22.853,00;23.012,00;23.026,00
48914;Arratzu;407,00;419,00;424,00;414,00;410,00;415,00;415,00;410,00;407,00;406,00;401,00;391,00;387,00;384,00;375,00;368,00;350,00;346,00;352,00;347,00;342,00;347,00;357,00;368,00
01008;Arratzua-Ubarrundia;1.082,00;1.078,00;1.071,00;1.060,00;1.035,00;1.033,00;1.034,00;1.028,00;1.025,00;1.046,00;1.040,00;1.024,00;1.015,00;971,00;928,00;938,00;914,00;884,00;876,00;851,00;825,00;749,00;741,00;757,00
48010;Arrieta;568,00;572,00;565,00;563,00;563,00;566,00;549,00;549,00;556,00;566,00;568,00;540,00;548,00;538,00;555,00;547,00;546,00;551,00;546,00;541,00;537,00;530,00;542,00;534,00
48011;Arrigorriaga;11.716,00;11.712,00;11.708,00;11.896,00;11.943,00;11.882,00;11.951,00;11.999,00;12.029,00;12.103,00;12.132,00;12.147,00;12.319,00;12.307,00;12.183,00;12.268,00;12.253,00;12.218,00;12.032,00;11.863,00;11.717,00;11.341,00;11.015,00;10.583,00
48023;Artea;758,00;763,00;752,00;749,00;721,00;722,00;720,00;718,00;736,00;759,00;762,00;749,00;772,00;770,00;747,00;740,00;718,00;675,00;664,00;663,00;662,00;647,00;636,00;640,00
48008;Artzentales;726,00;713,00;709,00;712,00;671,00;692,00;708,00;715,00;732,00;719,00;713,00;720,00;752,00;727,00;716,00;701,00;705,00;682,00;682,00;675,00;670,00;669,00;661,00;660,00
01004;Artziniega;1.917,00;1.886,00;1.863,00;1.862,00;1.911,00;1.922,00;1.933,00;1.898,00;1.857,00;1.844,00;1.842,00;1.846,00;1.876,00;1.857,00;1.826,00;1.831,00;1.774,00;1.705,00;1.679,00;1.647,00;1.612,00;1.537,00;1.483,00;1.483,00
01009;Asparrena;1.641,00;1.632,00;1.662,00;1.657,00;1.616,00;1.609,00;1.636,00;1.620,00;1.637,00;1.654,00;1.659,00;1.684,00;1.705,00;1.696,00;1.683,00;1.645,00;1.594,00;1.571,00;1.577,00;1.577,00;1.573,00;1.557,00;1.563,00;1.548,00
20014;Asteasu;1.538,00;1.514,00;1.525,00;1.518,00;1.560,00;1.550,00;1.531,00;1.510,00;1.493,00;1.513,00;1.509,00;1.505,00;1.500,00;1.475,00;1.455,00;1.461,00;1.471,00;1.441,00;1.427,00;1.403,00;1.379,00;1.363,00;1.345,00;1.255,00
20903;Astigarraga;7.623,00;7.536,00;7.288,00;7.056,00;6.674,00;6.180,00;5.922,00;5.864,00;5.901,00;5.713,00;5.564,00;5.335,00;5.009,00;4.805,00;4.696,00;4.640,00;4.488,00;4.332,00;4.256,00;4.142,00;4.028,00;3.892,00;3.746,00;3.582,00
20015;Ataun;1.727,00;1.707,00;1.676,00;1.707,00;1.747,00;1.745,00;1.723,00;1.722,00;1.696,00;1.674,00;1.698,00;1.679,00;1.674,00;1.663,00;1.660,00;1.657,00;1.639,00;1.585,00;1.577,00;1.565,00;1.552,00;1.550,00;1.568,00;1.571,00
48091;Atxondo;1.361,00;1.371,00;1.376,00;1.373,00;1.385,00;1.414,00;1.431,00;1.424,00;1.376,00;1.379,00;1.393,00;1.391,00;1.417,00;1.430,00;1.432,00;1.456,00;1.461,00;1.434,00;1.421,00;1.399,00;1.380,00;1.406,00;1.390,00;1.410,00
48070;Aulesti;641,00;651,00;650,00;639,00;668,00;665,00;662,00;672,00;653,00;654,00;654,00;652,00;666,00;680,00;675,00;680,00;677,00;672,00;668,00;663,00;659,00;655,00;656,00;653,00
01010;Ayala/Aiara;2.905,00;2.884,00;2.882,00;2.913,00;2.895,00;2.901,00;2.896,00;2.883,00;2.889,00;2.875,00;2.876,00;2.883,00;2.866,00;2.827,00;2.771,00;2.701,00;2.641,00;2.700,00;2.662,00;2.611,00;2.555,00;2.356,00;2.253,00;2.192,00
20017;Azkoitia;11.992,00;11.936,00;11.914,00;11.962,00;11.983,00;11.989,00;11.964,00;11.879,00;11.852,00;11.844,00;11.754,00;11.743,00;11.718,00;11.618,00;11.471,00;11.277,00;11.045,00;10.714,00;10.603,00;10.561,00;10.519,00;10.456,00;10.439,00;10.400,00
20018;Azpeitia;15.333,00;15.320,00;15.294,00;15.329,00;15.220,00;15.055,00;14.916,00;14.817,00;14.812,00;14.822,00;14.725,00;14.661,00;14.559,00;14.343,00;14.245,00;14.199,00;13.967,00;13.851,00;13.814,00;13.771,00;13.726,00;13.771,00;13.667,00;13.547,00
01049;Añana;167,00;178,00;178,00;175,00;179,00;186,00;180,00;179,00;172,00;169,00;177,00;166,00;174,00;173,00;178,00;178,00;177,00;181,00;179,00;183,00;187,00;189,00;194,00;195,00
48012;Bakio;2.828,00;2.816,00;2.814,00;2.781,00;2.627,00;2.639,00;2.599,00;2.584,00;2.596,00;2.584,00;2.616,00;2.633,00;2.615,00;2.554,00;2.470,00;2.313,00;2.260,00;2.176,00;2.119,00;2.067,00;2.018,00;1.927,00;1.853,00;1.775,00
20904;Baliarrain;159,00;154,00;155,00;155,00;165,00;151,00;150,00;152,00;145,00;148,00;132,00;131,00;127,00;121,00;119,00;109,00;98,00;89,00;92,00;93,00;94,00;90,00;90,00;88,00
48090;Balmaseda;7.704,00;7.663,00;7.684,00;7.673,00;7.638,00;7.595,00;7.579,00;7.612,00;7.619,00;7.750,00;7.768,00;7.782,00;7.695,00;7.572,00;7.350,00;7.235,00;7.141,00;7.079,00;7.030,00;7.008,00;6.999,00;6.968,00;6.995,00;6.975,00
48013;Barakaldo;99.551,00;98.783,00;98.304,00;98.729,00;99.000,00;98.497,00;98.055,00;98.199,00;98.403,00;98.964,00;98.793,00;99.483,00;99.685,00;99.626,00;99.074,00;98.316,00;97.391,00;96.496,00;95.623,00;95.732,00;96.026,00;96.106,00;97.074,00;98.232,00
48014;Barrika;1.599,00;1.581,00;1.586,00;1.590,00;1.531,00;1.528,00;1.535,00;1.538,00;1.561,00;1.565,00;1.555,00;1.544,00;1.517,00;1.517,00;1.487,00;1.435,00;1.399,00;1.388,00;1.366,00;1.356,00;1.349,00;1.296,00;1.254,00;1.222,00
01013;Barrundia;910,00;923,00;942,00;928,00;941,00;945,00;948,00;955,00;936,00;939,00;949,00;954,00;939,00;933,00;928,00;883,00;843,00;816,00;803,00;782,00;760,00;699,00;638,00;618,00
48015;Basauri;40.449,00;40.363,00;40.302,00;40.546,00;40.969,00;40.711,00;40.882,00;40.897,00;40.876,00;41.174,00;41.499,00;41.749,00;41.973,00;42.205,00;42.542,00;42.770,00;43.084,00;43.304,00;43.331,00;43.439,00;43.632,00;43.982,00;44.473,00;45.206,00
01011;Baños de Ebro/Mañueta;321,00;317,00;319,00;309,00;321,00;323,00;312,00;318,00;313,00;314,00;327,00;325,00;320,00;327,00;330,00;335,00;362,00;357,00;367,00;343,00;319,00;320,00;314,00;308,00
20019;Beasain;13.846,00;13.850,00;13.763,00;13.845,00;14.021,00;13.969,00;13.977,00;13.965,00;13.863,00;13.915,00;13.785,00;13.752,00;13.785,00;13.646,00;13.569,00;13.428,00;13.393,00;12.792,00;12.570,00;12.435,00;12.299,00;12.192,00;12.130,00;11.997,00
48092;Bedia;1.115,00;1.112,00;1.100,00;1.075,00;1.049,00;1.054,00;1.028,00;1.023,00;1.026,00;1.024,00;1.033,00;1.015,00;985,00;970,00;967,00;965,00;982,00;976,00;968,00;966,00;966,00;979,00;985,00;978,00
20020;Beizama;103,00;107,00;112,00;118,00;124,00;120,00;128,00;126,00;125,00;126,00;129,00;132,00;137,00;149,00;146,00;144,00;144,00;171,00;170,00;168,00;166,00;166,00;161,00;160,00
20021;Belauntza;310,00;304,00;288,00;272,00;261,00;258,00;258,00;255,00;255,00;262,00;274,00;283,00;295,00;296,00;304,00;297,00;313,00;300,00;301,00;288,00;275,00;275,00;275,00;283,00
48016;Berango;7.820,00;7.625,00;7.518,00;7.424,00;7.265,00;7.230,00;7.169,00;7.120,00;7.116,00;7.094,00;7.049,00;7.063,00;6.941,00;6.854,00;6.790,00;6.646,00;6.492,00;6.289,00;6.108,00;5.998,00;5.899,00;5.679,00;5.482,00;5.213,00
01014;Berantevilla;512,00;509,00;495,00;502,00;499,00;488,00;485,00;478,00;475,00;477,00;486,00;482,00;477,00;488,00;486,00;471,00;477,00;468,00;457,00;441,00;424,00;418,00;424,00;412,00
20022;Berastegi;1.085,00;1.058,00;1.076,00;1.073,00;1.052,00;1.053,00;1.058,00;1.063,00;1.064,00;1.047,00;1.040,00;1.052,00;1.046,00;1.041,00;1.032,00;1.016,00;1.014,00;983,00;982,00;971,00;961,00;943,00;944,00;936,00
20074;Bergara;14.761,00;14.739,00;14.727,00;14.804,00;15.036,00;15.004,00;14.976,00;15.013,00;14.905,00;14.949,00;15.010,00;14.948,00;14.790,00;14.624,00;14.625,00;14.630,00;14.648,00;14.678,00;14.721,00;14.697,00;14.672,00;14.785,00;14.813,00;14.736,00
48017;Bermeo;17.053,00;16.831,00;16.782,00;16.839,00;16.910,00;16.880,00;16.865,00;16.766,00;16.709,00;16.752,00;16.861,00;16.998,00;17.023,00;16.988,00;16.913,00;16.831,00;16.859,00;16.790,00;16.648,00;16.571,00;16.526,00;16.547,00;16.535,00;16.542,00
01016;Bernedo;553,00;547,00;566,00;542,00;530,00;517,00;530,00;535,00;515,00;539,00;559,00;582,00;584,00;577,00;584,00;582,00;586,00;575,00;569,00;561,00;552,00;556,00;546,00;553,00
48018;Berriatua;1.254,00;1.226,00;1.226,00;1.244,00;1.257,00;1.251,00;1.256,00;1.238,00;1.216,00;1.223,00;1.248,00;1.257,00;1.262,00;1.265,00;1.297,00;1.318,00;1.295,00;1.227,00;1.159,00;1.121,00;1.085,00;1.027,00;987,00;948,00
48019;Berriz;4.595,00;4.535,00;4.537,00;4.541,00;4.662,00;4.701,00;4.766,00;4.767,00;4.704,00;4.780,00;4.795,00;4.839,00;4.886,00;4.897,00;4.907,00;4.916,00;4.858,00;4.775,00;4.679,00;4.579,00;4.487,00;4.462,00;4.342,00;4.241,00
20023;Berrobi;569,00;595,00;598,00;603,00;613,00;613,00;617,00;616,00;599,00;602,00;583,00;573,00;575,00;582,00;573,00;594,00;580,00;577,00;580,00;567,00;554,00;549,00;560,00;552,00
20024;Bidania-Goiatz;532,00;539,00;530,00;537,00;560,00;557,00;543,00;542,00;514,00;525,00;519,00;519,00;532,00;529,00;521,00;499,00;480,00;472,00;468,00;469,00;470,00;462,00;459,00;446,00
48020;Bilbao;344.408,00;342.484,00;340.455,00;342.662,00;346.478,00;343.430,00;342.810,00;342.397,00;342.481,00;343.234,00;344.443,00;347.769,00;350.559,00;351.965,00;353.296,00;355.056,00;352.719,00;351.589,00;347.923,00;346.170,00;345.081,00;345.775,00;346.617,00;347.452,00
48021;Busturia;1.666,00;1.650,00;1.669,00;1.650,00;1.622,00;1.607,00;1.640,00;1.659,00;1.652,00;1.679,00;1.685,00;1.714,00;1.738,00;1.768,00;1.749,00;1.732,00;1.705,00;1.724,00;1.714,00;1.708,00;1.706,00;1.695,00;1.728,00;1.715,00
01017;Campezo/Kanpezu;1.122,00;1.114,00;1.126,00;1.099,00;1.061,00;1.066,00;1.070,00;1.053,00;1.052,00;1.063,00;1.079,00;1.128,00;1.128,00;1.116,00;1.123,00;1.112,00;1.101,00;1.096,00;1.075,00;1.089,00;1.101,00;1.075,00;1.084,00;1.089,00
20029;Deba;5.378,00;5.373,00;5.380,00;5.437,00;5.453,00;5.445,00;5.437,00;5.439,00;5.427,00;5.414,00;5.400,00;5.378,00;5.393,00;5.382,00;5.346,00;5.369,00;5.372,00;5.336,00;5.295,00;5.247,00;5.197,00;5.217,00;5.179,00;5.122,00
48901;Derio;7.405,00;7.311,00;7.066,00;7.028,00;6.569,00;6.472,00;6.396,00;6.331,00;6.496,00;6.375,00;6.301,00;6.192,00;5.994,00;5.827,00;5.751,00;5.699,00;5.505,00;5.273,00;5.187,00;5.099,00;5.021,00;5.040,00;4.970,00;4.913,00
48026;Dima;1.504,00;1.497,00;1.460,00;1.476,00;1.438,00;1.431,00;1.442,00;1.448,00;1.459,00;1.427,00;1.416,00;1.403,00;1.359,00;1.355,00;1.306,00;1.289,00;1.251,00;1.225,00;1.201,00;1.203,00;1.207,00;1.163,00;1.144,00;1.135,00
20069;Donostia / San Sebastián;182.892,00;182.641,00;181.769,00;182.088,00;182.391,00;181.652,00;180.989,00;180.558,00;180.179,00;180.291,00;180.397,00;181.026,00;181.634,00;182.026,00;182.094,00;182.574,00;181.760,00;180.749,00;182.033,00;181.718,00;181.395,00;180.030,00;179.184,00;178.131,00
48027;Durango;29.906,00;29.787,00;29.644,00;29.972,00;29.762,00;29.436,00;29.295,00;29.089,00;29.193,00;29.109,00;29.013,00;28.983,00;28.942,00;28.587,00;28.640,00;28.679,00;28.324,00;27.943,00;27.358,00;26.995,00;26.684,00;26.356,00;25.954,00;25.729,00
48028;Ea;872,00;858,00;850,00;843,00;836,00;848,00;852,00;845,00;850,00;850,00;861,00;861,00;878,00;888,00;891,00;899,00;885,00;864,00;860,00;856,00;853,00;847,00;866,00;867,00
20030;Eibar;27.039,00;26.926,00;26.983,00;27.195,00;27.474,00;27.246,00;27.138,00;27.134,00;27.158,00;27.204,00;27.213,00;27.207,00;27.299,00;27.198,00;27.201,00;27.234,00;27.329,00;27.240,00;27.344,00;27.586,00;27.828,00;28.002,00;28.299,00;28.440,00
48031;Elantxobe;352,00;354,00;351,00;346,00;357,00;362,00;361,00;366,00;372,00;384,00;392,00;394,00;404,00;429,00;440,00;441,00;438,00;447,00;440,00;446,00;453,00;448,00;442,00;453,00
01021;Elburgo/Burgelu;668,00;658,00;650,00;654,00;637,00;627,00;631,00;640,00;637,00;632,00;645,00;645,00;649,00;642,00;596,00;539,00;519,00;517,00;504,00;493,00;481,00;463,00;448,00;397,00
01022;Elciego;996,00;1.013,00;1.012,00;1.027,00;1.035,00;1.038,00;1.059,00;1.055,00;1.030,00;1.100,00;1.082,00;1.065,00;1.069,00;1.073,00;1.076,00;1.073,00;1.055,00;1.027,00;973,00;984,00;993,00;998,00;985,00;959,00
20031;Elduain;243,00;231,00;244,00;240,00;243,00;250,00;243,00;243,00;243,00;245,00;240,00;240,00;232,00;233,00;236,00;234,00;234,00;225,00;218,00;218,00;218,00;218,00;220,00;223,00
20033;Elgeta;1.108,00;1.096,00;1.101,00;1.121,00;1.131,00;1.139,00;1.140,00;1.140,00;1.099,00;1.102,00;1.106,00;1.123,00;1.101,00;1.085,00;1.058,00;1.044,00;1.021,00;1.016,00;997,00;1.000,00;1.002,00;973,00;956,00;969,00
20032;Elgoibar;11.518,00;11.415,00;11.394,00;11.384,00;11.540,00;11.585,00;11.558,00;11.492,00;11.481,00;11.468,00;11.383,00;11.408,00;11.329,00;11.258,00;11.225,00;11.124,00;10.956,00;10.788,00;10.698,00;10.650,00;10.601,00;10.671,00;10.637,00;10.642,00
48032;Elorrio;7.388,00;7.382,00;7.393,00;7.472,00;7.448,00;7.441,00;7.398,00;7.377,00;7.350,00;7.301,00;7.255,00;7.308,00;7.291,00;7.256,00;7.250,00;7.220,00;7.155,00;7.084,00;7.044,00;6.993,00;6.955,00;7.023,00;7.033,00;7.044,00
01023;Elvillar/Bilar;327,00;327,00;337,00;345,00;352,00;355,00;368,00;367,00;348,00;346,00;341,00;346,00;358,00;355,00;360,00;364,00;352,00;352,00;344,00;354,00;364,00;360,00;354,00;353,00
48902;Erandio;24.194,00;23.958,00;24.014,00;24.050,00;24.433,00;24.297,00;24.157,00;24.053,00;23.906,00;23.950,00;24.047,00;24.228,00;24.145,00;24.125,00;24.185,00;24.170,00;23.939,00;23.888,00;23.440,00;23.195,00;22.995,00;22.751,00;22.591,00;22.649,00
48033;Ereño;279,00;287,00;278,00;274,00;276,00;264,00;257,00;258,00;261,00;258,00;252,00;254,00;266,00;273,00;264,00;262,00;258,00;261,00;257,00;257,00;259,00;254,00;260,00;253,00
48034;Ermua;15.627,00;15.633,00;15.627,00;15.806,00;16.019,00;16.039,00;16.091,00;16.074,00;15.989,00;16.036,00;16.075,00;16.232,00;16.274,00;16.256,00;16.170,00;16.223,00;16.228,00;16.196,00;16.174,00;16.207,00;16.271,00;16.398,00;16.565,00;16.699,00
20067;Errenteria;39.792,00;39.665,00;39.520,00;39.755,00;40.176,00;40.141,00;40.030,00;40.015,00;39.905,00;39.813,00;39.808,00;39.758,00;39.614,00;39.177,00;38.738,00;38.309,00;37.981,00;37.783,00;37.666,00;37.595,00;37.522,00;37.663,00;37.901,00;38.001,00
20066;Errezil;588,00;586,00;569,00;585,00;621,00;628,00;634,00;628,00;608,00;601,00;602,00;615,00;620,00;608,00;617,00;623,00;620,00;624,00;613,00;607,00;602,00;608,00;621,00;615,00
01046;Erriberagoitia/Ribera Alta;891,00;878,00;868,00;878,00;830,00;836,00;827,00;823,00;823,00;860,00;842,00;852,00;878,00;859,00;825,00;804,00;776,00;736,00;704,00;696,00;687,00;670,00;634,00;633,00
48079;Errigoiti;509,00;508,00;506,00;487,00;490,00;484,00;493,00;496,00;496,00;490,00;507,00;521,00;530,00;552,00;525,00;512,00;520,00;508,00;507,00;508,00;511,00;526,00;516,00;504,00
20034;Eskoriatza;4.241,00;4.193,00;4.162,00;4.131,00;4.103,00;4.065,00;4.089,00;4.100,00;4.097,00;4.109,00;4.121,00;4.097,00;4.072,00;4.052,00;4.055,00;4.038,00;4.050,00;3.931,00;3.908,00;3.895,00;3.882,00;3.896,00;3.915,00;3.902,00
48029;Etxebarri;11.820,00;11.858,00;11.668,00;11.535,00;11.460,00;11.338,00;11.096,00;11.012,00;10.951,00;10.818,00;10.697,00;10.534,00;10.317,00;10.118,00;9.644,00;9.159,00;8.511,00;8.125,00;7.959,00;7.876,00;7.808,00;7.686,00;7.422,00;7.211,00
48030;Etxebarria;686,00;695,00;704,00;708,00;745,00;751,00;735,00;726,00;706,00;720,00;724,00;739,00;736,00;741,00;752,00;763,00;765,00;817,00;803,00;794,00;786,00;793,00;800,00;808,00
20035;Ezkio-Itsaso;612,00;627,00;634,00;638,00;634,00;644,00;639,00;630,00;622,00;626,00;618,00;611,00;612,00;594,00;591,00;573,00;561,00;552,00;554,00;571,00;587,00;581,00;597,00;590,00
48906;Forua;964,00;929,00;920,00;920,00;904,00;916,00;925,00;924,00;934,00;950,00;950,00;968,00;961,00;971,00;1.003,00;1.002,00;979,00;949,00;965,00;967,00;971,00;962,00;968,00;969,00
48035;Fruiz;576,00;552,00;548,00;548,00;559,00;543,00;547,00;551,00;547,00;553,00;557,00;548,00;537,00;468,00;449,00;419,00;405,00;403,00;401,00;397,00;394,00;388,00;390,00;379,00
20038;Gabiria;539,00;530,00;525,00;526,00;513,00;506,00;506,00;511,00;507,00;509,00;513,00;511,00;505,00;507,00;487,00;467,00;442,00;425,00;418,00;409,00;400,00;422,00;431,00;427,00
20037;Gaintza;125,00;125,00;129,00;129,00;114,00;119,00;120,00;118,00;122,00;123,00;121,00;121,00;122,00;129,00;127,00;130,00;130,00;134,00;129,00;110,00;91,00;94,00;100,00;100,00
48036;Galdakao;24.804,00;29.338,00;29.325,00;29.429,00;29.493,00;29.389,00;29.361,00;29.321,00;29.269,00;29.284,00;29.291,00;29.138,00;29.053,00;29.021,00;29.194,00;29.128,00;29.157,00;29.095,00;29.057,00;29.109,00;29.218,00;29.418,00;29.304,00;29.358,00
48037;Galdames;827,00;836,00;835,00;840,00;844,00;836,00;831,00;827,00;819,00;821,00;824,00;833,00;853,00;859,00;845,00;849,00;819,00;830,00;821,00;829,00;838,00;832,00;828,00;836,00
48038;Gamiz-Fika;1.375,00;1.388,00;1.385,00;1.378,00;1.361,00;1.374,00;1.372,00;1.372,00;1.366,00;1.345,00;1.340,00;1.346,00;1.347,00;1.331,00;1.329,00;1.313,00;1.279,00;1.280,00;1.276,00;1.271,00;1.268,00;1.241,00;1.228,00;1.220,00
48039;Garai;331,00;322,00;323,00;319,00;323,00;324,00;317,00;314,00;309,00;311,00;315,00;329,00;339,00;336,00;321,00;314,00;316,00;303,00;295,00;297,00;299,00;289,00;269,00;251,00
48040;Gatika;1.631,00;1.621,00;1.639,00;1.668,00;1.649,00;1.648,00;1.661,00;1.674,00;1.662,00;1.657,00;1.617,00;1.613,00;1.617,00;1.574,00;1.558,00;1.535,00;1.502,00;1.450,00;1.414,00;1.400,00;1.389,00;1.342,00;1.332,00;1.299,00
48041;Gautegiz Arteaga;900,00;910,00;884,00;872,00;847,00;854,00;858,00;846,00;846,00;857,00;872,00;898,00;912,00;882,00;882,00;887,00;874,00;876,00;876,00;868,00;862,00;847,00;829,00;820,00
20907;Gaztelu;176,00;176,00;180,00;179,00;168,00;166,00;167,00;171,00;165,00;169,00;178,00;176,00;173,00;175,00;170,00;161,00;170,00;175,00;174,00;173,00;172,00;173,00;171,00;172,00
48046;Gernika-Lumo;16.831,00;16.847,00;16.610,00;16.826,00;16.808,00;16.725,00;16.657,00;16.602,00;16.595,00;16.493,00;16.528,00;16.620,00;16.584,00;16.246,00;16.114,00;16.089,00;16.099,00;16.025,00;15.622,00;15.452,00;15.312,00;15.212,00;15.222,00;15.259,00
20039;Getaria;2.931,00;2.882,00;2.875,00;2.839,00;2.830,00;2.846,00;2.831,00;2.801,00;2.791,00;2.755,00;2.696,00;2.660,00;2.653,00;2.643,00;2.651,00;2.609,00;2.557,00;2.487,00;2.474,00;2.474,00;2.474,00;2.462,00;2.416,00;2.424,00
48044;Getxo;75.306,00;75.430,00;75.629,00;76.319,00;76.953,00;77.088,00;77.530,00;77.793,00;77.759,00;78.124,00;78.694,00;79.289,00;79.802,00;79.982,00;80.418,00;80.682,00;81.053,00;81.338,00;80.738,00;80.373,00;80.162,00;80.269,00;80.446,00;80.490,00
48047;Gizaburuaga;205,00;204,00;199,00;206,00;200,00;210,00;213,00;210,00;209,00;214,00;213,00;215,00;204,00;203,00;199,00;194,00;181,00;174,00;176,00;150,00;124,00;122,00;127,00;127,00
48042;Gordexola;1.701,00;1.673,00;1.704,00;1.715,00;1.723,00;1.724,00;1.701,00;1.713,00;1.702,00;1.711,00;1.716,00;1.728,00;1.741,00;1.764,00;1.742,00;1.738,00;1.705,00;1.633,00;1.615,00;1.603,00;1.594,00;1.586,00;1.575,00;1.465,00
48043;Gorliz;6.071,00;6.110,00;6.068,00;6.059,00;5.935,00;5.825,00;5.704,00;5.705,00;5.655,00;5.659,00;5.664,00;5.602,00;5.525,00;5.496,00;5.472,00;5.373,00;5.269,00;5.152,00;5.013,00;4.913,00;4.823,00;4.702,00;4.588,00;4.428,00
48045;Güeñes;6.692,00;6.661,00;6.645,00;6.612,00;6.563,00;6.564,00;6.520,00;6.538,00;6.607,00;6.532,00;6.492,00;6.489,00;6.467,00;6.390,00;6.488,00;6.359,00;6.296,00;6.219,00;6.180,00;6.085,00;6.002,00;5.900,00;5.759,00;5.789,00
01056;Harana/Valle de Arana;224,00;229,00;235,00;239,00;236,00;238,00;246,00;248,00;243,00;249,00;265,00;271,00;283,00;293,00;303,00;313,00;319,00;325,00;336,00;342,00;348,00;350,00;353,00;359,00
20040;Hernani;20.450,00;20.647,00;20.516,00;20.588,00;20.124,00;20.013,00;19.849,00;19.774,00;20.013,00;19.923,00;19.918,00;19.757,00;19.525,00;19.444,00;19.308,00;19.246,00;19.104,00;18.903,00;18.806,00;18.731,00;18.654,00;18.634,00;18.541,00;18.364,00
20041;Hernialde;318,00;314,00;314,00;321,00;305,00;305,00;314,00;310,00;313,00;324,00;343,00;342,00;350,00;349,00;341,00;336,00;337,00;328,00;327,00;322,00;317,00;307,00;298,00;297,00
20036;Hondarribia;17.105,00;17.029,00;17.066,00;17.014,00;16.984,00;16.937,00;17.119,00;17.147,00;17.092,00;16.999,00;16.844,00;16.727,00;16.407,00;16.382,00;16.308,00;16.283,00;16.118,00;15.984,00;15.877,00;15.755,00;15.632,00;15.493,00;15.399,00;15.064,00
20042;Ibarra;4.074,00;4.085,00;4.104,00;4.179,00;4.306,00;4.258,00;4.237,00;4.225,00;4.177,00;4.215,00;4.195,00;4.209,00;4.214,00;4.237,00;4.307,00;4.300,00;4.255,00;4.233,00;4.253,00;4.245,00;4.236,00;4.234,00;4.188,00;4.140,00
48048;Ibarrangelu;697,00;710,00;696,00;683,00;621,00;625,00;629,00;637,00;642,00;640,00;638,00;633,00;640,00;639,00;613,00;615,00;608,00;592,00;586,00;582,00;580,00;581,00;577,00;574,00
20043;Idiazabal;2.315,00;2.319,00;2.331,00;2.336,00;2.380,00;2.388,00;2.379,00;2.374,00;2.333,00;2.336,00;2.336,00;2.325,00;2.319,00;2.302,00;2.278,00;2.239,00;2.178,00;2.153,00;2.128,00;2.113,00;2.098,00;2.048,00;2.013,00;2.014,00
48094;Igorre;4.240,00;4.209,00;4.235,00;4.224,00;4.214,00;4.163,00;4.140,00;4.123,00;4.108,00;4.157,00;4.164,00;4.157,00;4.181,00;4.210,00;4.175,00;4.182,00;4.113,00;4.018,00;3.972,00;3.949,00;3.934,00;3.905,00;3.851,00;3.850,00
20044;Ikaztegieta;492,00;476,00;475,00;476,00;486,00;506,00;495,00;491,00;484,00;484,00;461,00;461,00;466,00;462,00;461,00;456,00;450,00;445,00;441,00;428,00;414,00;413,00;409,00;399,00
20045;Irun;60.749,00;60.191,00;59.976,00;60.522,00;60.208,00;59.899,00;59.508,00;59.681,00;59.673,00;59.624,00;59.483,00;59.610,00;59.770,00;59.960,00;60.076,00;60.210,00;60.347,00;60.173,00;59.743,00;59.327,00;58.907,00;58.042,00;57.324,00;56.552,00
20046;Irura;1.857,00;1.849,00;1.846,00;1.837,00;1.812,00;1.811,00;1.822,00;1.793,00;1.750,00;1.659,00;1.640,00;1.639,00;1.619,00;1.593,00;1.553,00;1.494,00;1.396,00;1.242,00;1.203,00;1.179,00;1.155,00;1.129,00;1.040,00;856,00
01027;Iruraiz-Gauna;591,00;580,00;573,00;564,00;546,00;531,00;533,00;539,00;544,00;539,00;541,00;549,00;573,00;567,00;544,00;526,00;518,00;510,00;500,00;502,00;503,00;489,00;483,00;474,00
01901;Iruña Oka/Iruña de Oca;3.673,00;3.664,00;3.595,00;3.534,00;3.590,00;3.514,00;3.445,00;3.382,00;3.334,00;3.239,00;3.185,00;3.197,00;3.165,00;3.046,00;3.049,00;2.957,00;2.852,00;2.578,00;2.523,00;2.460,00;2.392,00;2.285,00;2.236,00;2.159,00
48049;Ispaster;723,00;741,00;736,00;757,00;744,00;741,00;728,00;721,00;719,00;705,00;717,00;721,00;706,00;678,00;666,00;659,00;659,00;625,00;620,00;618,00;617,00;616,00;609,00;608,00
20047;Itsasondo;685,00;670,00;657,00;675,00;728,00;718,00;702,00;692,00;657,00;674,00;667,00;668,00;676,00;665,00;653,00;638,00;617,00;596,00;589,00;576,00;563,00;574,00;592,00;589,00
48910;Iurreta;3.811,00;3.672,00;3.636,00;3.639,00;3.688,00;3.689,00;3.667,00;3.676,00;3.678,00;3.708,00;3.740,00;3.823,00;3.852,00;3.830,00;3.776,00;3.810,00;3.835,00;3.835,00;3.839,00;3.920,00;4.010,00;4.080,00;4.109,00;4.213,00
48050;Izurtza;243,00;242,00;225,00;254,00;287,00;289,00;288,00;269,00;251,00;263,00;287,00;292,00;282,00;280,00;271,00;263,00;264,00;248,00;251,00;252,00;254,00;253,00;250,00;245,00
48022;Karrantza Harana/Valle de Carranza;2.737,00;2.734,00;2.733,00;2.784,00;2.834,00;2.806,00;2.740,00;2.749,00;2.745,00;2.760,00;2.797,00;2.784,00;2.807,00;2.785,00;2.774,00;2.791,00;2.809,00;2.793,00;2.805,00;2.807,00;2.814,00;2.840,00;2.850,00;2.898,00
48907;Kortezubi;457,00;453,00;448,00;445,00;442,00;437,00;438,00;431,00;440,00;458,00;456,00;440,00;419,00;425,00;417,00;411,00;407,00;401,00;390,00;384,00;378,00;374,00;375,00;374,00
01019;Kripan;184,00;181,00;182,00;181,00;183,00;185,00;187,00;186,00;187,00;182,00;188,00;197,00;195,00;198,00;196,00;195,00;185,00;185,00;189,00;191,00;193,00;193,00;187,00;186,00
01020;Kuartango;393,00;384,00;405,00;394,00;372,00;359,00;366,00;362,00;356,00;349,00;344,00;343,00;343,00;336,00;343,00;332,00;332,00;357,00;360,00;352,00;344,00;345,00;352,00;355,00
01028;Labastida/Bastida;1.648,00;1.646,00;1.604,00;1.598,00;1.561,00;1.492,00;1.489,00;1.484,00;1.493,00;1.500,00;1.521,00;1.500,00;1.527,00;1.486,00;1.488,00;1.508,00;1.516,00;1.490,00;1.445,00;1.418,00;1.388,00;1.355,00;1.327,00;1.311,00
01030;Lagrán;181,00;183,00;185,00;184,00;176,00;169,00;170,00;174,00;173,00;169,00;166,00;175,00;183,00;185,00;180,00;188,00;189,00;198,00;196,00;194,00;192,00;187,00;191,00;193,00
01031;Laguardia;1.568,00;1.555,00;1.551,00;1.532,00;1.534,00;1.549,00;1.570,00;1.549,00;1.550,00;1.599,00;1.592,00;1.608,00;1.603,00;1.596,00;1.557,00;1.551,00;1.548,00;1.529,00;1.553,00;1.532,00;1.509,00;1.457,00;1.437,00;1.409,00
01032;Lanciego/Lantziego;740,00;760,00;770,00;731,00;753,00;724,00;704,00;703,00;701,00;702,00;701,00;704,00;702,00;699,00;710,00;693,00;696,00;701,00;682,00;673,00;663,00;663,00;674,00;661,00
48051;Lanestosa;269,00;271,00;286,00;284,00;275,00;276,00;273,00;280,00;280,00;283,00;277,00;280,00;272,00;273,00;282,00;295,00;298,00;302,00;300,00;293,00;287,00;283,00;287,00;285,00
01902;Lantarón;987,00;994,00;980,00;962,00;945,00;942,00;937,00;936,00;912,00;922,00;952,00;959,00;951,00;943,00;970,00;991,00;947,00;970,00;957,00;958,00;958,00;941,00;972,00;1.021,00
01033;Lapuebla de Labarca;866,00;865,00;872,00;865,00;879,00;882,00;867,00;874,00;865,00;867,00;862,00;836,00;845,00;876,00;869,00;882,00;919,00;883,00;839,00;839,00;837,00;843,00;853,00;847,00
48052;Larrabetzu;2.070,00;2.092,00;2.076,00;2.102,00;2.052,00;2.053,00;2.049,00;2.036,00;2.057,00;2.056,00;2.043,00;2.032,00;1.987,00;1.952,00;1.919,00;1.877,00;1.839,00;1.736,00;1.699,00;1.677,00;1.658,00;1.652,00;1.626,00;1.614,00
20048;Larraul;257,00;258,00;260,00;261,00;251,00;246,00;248,00;243,00;246,00;250,00;261,00;260,00;249,00;246,00;253,00;248,00;236,00;207,00;200,00;201,00;202,00;195,00;179,00;176,00
20902;Lasarte-Oria;19.678,00;19.504,00;19.334,00;19.294,00;19.045,00;18.825,00;18.677,00;18.544,00;18.494,00;18.444,00;18.455,00;18.416,00;18.218,00;18.108,00;18.015,00;17.841,00;17.665,00;17.459,00;17.408,00;17.386,00;17.363,00;17.291,00;17.063,00;17.099,00
01036;Laudio/Llodio;18.093,00;18.030,00;18.026,00;18.109,00;18.351,00;18.345,00;18.447,00;18.399,00;18.303,00;18.404,00;18.532,00;18.592,00;18.568,00;18.546,00;18.446,00;18.346,00;18.299,00;18.389,00;18.353,00;18.334,00;18.282,00;18.328,00;18.399,00;18.537,00
48053;Laukiz;1.253,00;1.235,00;1.238,00;1.249,00;1.197,00;1.165,00;1.162,00;1.155,00;1.183,00;1.157,00;1.144,00;1.160,00;1.155,00;1.146,00;1.120,00;1.090,00;1.061,00;992,00;973,00;970,00;969,00;983,00;992,00;997,00
20049;Lazkao;5.862,00;5.818,00;5.768,00;5.810,00;5.632,00;5.549,00;5.462,00;5.435,00;5.426,00;5.349,00;5.357,00;5.372,00;5.324,00;5.302,00;5.247,00;5.260,00;5.201,00;5.118,00;5.046,00;5.011,00;4.975,00;4.964,00;4.920,00;4.781,00
20050;Leaburu;380,00;383,00;372,00;368,00;378,00;363,00;367,00;359,00;360,00;364,00;370,00;359,00;380,00;378,00;389,00;379,00;380,00;376,00;375,00;371,00;367,00;373,00;369,00;361,00
20051;Legazpi;8.372,00;8.290,00;8.292,00;8.336,00;8.409,00;8.430,00;8.428,00;8.462,00;8.438,00;8.480,00;8.557,00;8.586,00;8.587,00;8.629,00;8.660,00;8.655,00;8.649,00;8.553,00;8.515,00;8.571,00;8.626,00;8.664,00;8.712,00;8.752,00
20052;Legorreta;1.494,00;1.510,00;1.476,00;1.485,00;1.490,00;1.489,00;1.502,00;1.504,00;1.485,00;1.483,00;1.510,00;1.534,00;1.515,00;1.528,00;1.489,00;1.469,00;1.429,00;1.413,00;1.402,00;1.386,00;1.370,00;1.371,00;1.367,00;1.365,00
01058;Legutio;2.091,00;2.048,00;2.017,00;1.978,00;1.832,00;1.795,00;1.773,00;1.711,00;1.732,00;1.705,00;1.698,00;1.745,00;1.741,00;1.677,00;1.623,00;1.622,00;1.600,00;1.562,00;1.517,00;1.481,00;1.443,00;1.410,00;1.370,00;1.354,00
20068;Leintz-Gatzaga;225,00;209,00;220,00;226,00;234,00;250,00;248,00;244,00;245,00;251,00;255,00;270,00;267,00;269,00;258,00;261,00;258,00;247,00;252,00;244,00;236,00;237,00;230,00;239,00
48054;Leioa;32.448,00;32.255,00;31.946,00;31.940,00;31.424,00;31.188,00;30.904,00;30.753,00;30.793,00;30.642,00;30.595,00;30.557,00;30.557,00;30.426,00;30.165,00;29.930,00;29.553,00;29.036,00;28.592,00;28.175,00;27.813,00;27.900,00;27.613,00;27.336,00
48057;Lekeitio;7.130,00;7.107,00;7.150,00;7.243,00;7.227,00;7.246,00;7.212,00;7.192,00;7.187,00;7.230,00;7.345,00;7.373,00;7.421,00;7.385,00;7.410,00;7.444,00;7.454,00;7.355,00;7.273,00;7.242,00;7.224,00;7.273,00;7.307,00;7.353,00
48055;Lemoa;3.619,00;3.585,00;3.574,00;3.531,00;3.628,00;3.610,00;3.631,00;3.614,00;3.559,00;3.544,00;3.573,00;3.533,00;3.486,00;3.371,00;3.238,00;3.156,00;3.107,00;2.957,00;2.874,00;2.864,00;2.859,00;2.831,00;2.776,00;2.692,00
48056;Lemoiz;1.362,00;1.340,00;1.340,00;1.320,00;1.257,00;1.238,00;1.240,00;1.233,00;1.244,00;1.232,00;1.193,00;1.153,00;1.091,00;1.049,00;1.037,00;1.031,00;1.028,00;984,00;961,00;948,00;938,00;924,00;916,00;932,00
01034;Leza;213,00;221,00;216,00;217,00;226,00;217,00;211,00;222,00;216,00;222,00;213,00;218,00;225,00;217,00;241,00;230,00;232,00;232,00;222,00;226,00;230,00;217,00;213,00;205,00
48081;Lezama;2.402,00;2.397,00;2.422,00;2.404,00;2.413,00;2.383,00;2.403,00;2.371,00;2.353,00;2.368,00;2.399,00;2.418,00;2.450,00;2.491,00;2.472,00;2.439,00;2.431,00;2.402,00;2.344,00;2.302,00;2.265,00;2.230,00;2.206,00;2.200,00
20053;Lezo;6.010,00;6.038,00;6.041,00;6.087,00;6.080,00;6.102,00;6.021,00;6.037,00;6.002,00;6.056,00;6.078,00;6.121,00;6.053,00;6.040,00;6.017,00;5.986,00;5.987,00;5.924,00;5.912,00;5.882,00;5.852,00;5.968,00;5.886,00;5.786,00
20054;Lizartza;686,00;657,00;651,00;648,00;649,00;647,00;644,00;641,00;638,00;657,00;671,00;671,00;648,00;641,00;656,00;633,00;623,00;603,00;599,00;607,00;615,00;611,00;603,00;600,00
48903;Loiu;2.243,00;2.193,00;2.211,00;2.259,00;2.311,00;2.355,00;2.336,00;2.300,00;2.277,00;2.311,00;2.298,00;2.402,00;2.420,00;2.416,00;2.447,00;2.215,00;2.074,00;2.110,00;2.085,00;2.037,00;1.994,00;1.949,00;2.081,00;1.832,00
48058;Mallabia;1.161,00;1.166,00;1.192,00;1.180,00;1.190,00;1.174,00;1.173,00;1.179,00;1.175,00;1.214,00;1.209,00;1.211,00;1.195,00;1.183,00;1.177,00;1.170,00;1.165,00;1.155,00;1.140,00;1.130,00;1.123,00;1.137,00;1.129,00;1.136,00
48060;Markina-Xemein;5.058,00;5.015,00;5.024,00;5.032,00;5.025,00;4.964,00;4.895,00;4.933,00;4.899,00;4.906,00;4.923,00;4.925,00;4.906,00;4.913,00;4.890,00;4.897,00;4.750,00;4.639,00;4.518,00;5.174,00;5.435,00;5.404,00;5.390,00;5.388,00
48061;Maruri-Jatabe;1.045,00;1.040,00;1.005,00;961,00;916,00;928,00;917,00;925,00;941,00;943,00;934,00;942,00;954,00;912,00;889,00;889,00;846,00;842,00;834,00;820,00;807,00;769,00;733,00;699,00
48059;Mañaria;534,00;530,00;526,00;516,00;522,00;516,00;519,00;522,00;518,00;522,00;500,00;512,00;505,00;510,00;515,00;495,00;474,00;473,00;451,00;455,00;460,00;464,00;463,00;470,00
20901;Mendaro;2.025,00;2.031,00;1.997,00;2.002,00;2.115,00;2.139,00;2.148,00;2.135,00;2.039,00;2.037,00;2.011,00;1.997,00;1.971,00;1.935,00;1.897,00;1.898,00;1.831,00;1.708,00;1.676,00;1.673,00;1.669,00;1.584,00;1.535,00;1.498,00
48062;Mendata;401,00;405,00;415,00;404,00;405,00;408,00;404,00;405,00;400,00;392,00;385,00;376,00;383,00;386,00;394,00;383,00;374,00;373,00;369,00;358,00;348,00;345,00;343,00;345,00
48063;Mendexa;449,00;449,00;451,00;450,00;472,00;485,00;480,00;481,00;472,00;474,00;465,00;455,00;455,00;452,00;442,00;448,00;425,00;420,00;402,00;401,00;400,00;384,00;384,00;390,00
48064;Meñaka;751,00;745,00;733,00;730,00;704,00;713,00;706,00;713,00;725,00;715,00;729,00;733,00;740,00;720,00;700,00;676,00;665,00;648,00;654,00;646,00;640,00;616,00;599,00;599,00
01039;Moreda de Álava / Moreda Araba;258,00;253,00;260,00;256,00;269,00;278,00;285,00;277,00;262,00;265,00;271,00;274,00;280,00;284,00;286,00;296,00;297,00;303,00;301,00;303,00;305,00;301,00;306,00;302,00
48066;Morga;425,00;424,00;430,00;418,00;387,00;391,00;405,00;402,00;418,00;424,00;419,00;429,00;409,00;411,00;417,00;405,00;394,00;389,00;394,00;396,00;399,00;399,00;382,00;381,00
48068;Mundaka;1.850,00;1.866,00;1.879,00;1.878,00;1.843,00;1.844,00;1.824,00;1.839,00;1.858,00;1.879,00;1.879,00;1.909,00;1.920,00;1.919,00;1.916,00;1.917,00;1.856,00;1.842,00;1.864,00;1.847,00;1.835,00;1.825,00;1.820,00;1.822,00
48069;Mungia;17.654,00;17.515,00;17.324,00;17.324,00;17.278,00;17.349,00;17.237,00;17.061,00;17.091,00;16.965,00;16.888,00;16.866,00;16.792,00;16.584,00;16.368,00;16.068,00;15.753,00;15.312,00;15.014,00;14.776,00;14.567,00;14.369,00;14.075,00;13.885,00
48007;Munitibar-Arbatzegi Gerrikaitz-;466,00;465,00;471,00;486,00;458,00;457,00;448,00;450,00;462,00;461,00;466,00;458,00;441,00;427,00;416,00;417,00;394,00;380,00;383,00;383,00;383,00;380,00;389,00;394,00
48908;Murueta;318,00;333,00;322,00;316,00;311,00;304,00;301,00;301,00;298,00;297,00;296,00;297,00;288,00;293,00;294,00;297,00;299,00;300,00;293,00;285,00;278,00;253,00;240,00;214,00
48071;Muskiz;7.190,00;7.178,00;7.203,00;7.289,00;7.479,00;7.456,00;7.517,00;7.517,00;7.449,00;7.475,00;7.491,00;7.517,00;7.454,00;7.334,00;7.287,00;7.186,00;7.077,00;6.932,00;6.887,00;6.792,00;6.709,00;6.678,00;6.680,00;6.701,00
20057;Mutiloa;240,00;246,00;243,00;240,00;255,00;250,00;251,00;253,00;244,00;254,00;249,00;240,00;240,00;235,00;237,00;224,00;221,00;204,00;200,00;197,00;194,00;199,00;200,00;206,00
20056;Mutriku;5.324,00;5.357,00;5.336,00;5.314,00;5.314,00;5.334,00;5.349,00;5.349,00;5.325,00;5.306,00;5.282,00;5.214,00;5.084,00;5.004,00;4.980,00;4.919,00;4.903,00;4.842,00;4.785,00;4.786,00;4.787,00;4.799,00;4.842,00;4.818,00
48067;Muxika;1.538,00;1.509,00;1.478,00;1.471,00;1.495,00;1.482,00;1.475,00;1.441,00;1.433,00;1.445,00;1.440,00;1.455,00;1.456,00;1.466,00;1.457,00;1.464,00;1.438,00;1.366,00;1.356,00;1.359,00;1.364,00;1.379,00;1.407,00;1.426,00
48909;Nabarniz;270,00;264,00;257,00;263,00;235,00;242,00;244,00;249,00;255,00;236,00;237,00;233,00;228,00;236,00;234,00;230,00;225,00;230,00;222,00;230,00;239,00;235,00;235,00;233,00
01041;Navaridas;231,00;230,00;223,00;222,00;200,00;206,00;209,00;241,00;249,00;251,00;233,00;246,00;233,00;222,00;218,00;220,00;225,00;224,00;217,00;213,00;209,00;206,00;215,00;212,00
20063;Oiartzun;10.383,00;10.340,00;10.372,00;10.297,00;10.369,00;10.351,00;10.345,00;10.290,00;10.211,00;10.199,00;10.056,00;10.057,00;10.057,00;10.013,00;9.940,00;9.840,00;9.769,00;9.714,00;9.705,00;9.627,00;9.548,00;9.500,00;9.429,00;9.271,00
01042;Okondo;1.168,00;1.174,00;1.164,00;1.177,00;1.217,00;1.204,00;1.181,00;1.176,00;1.164,00;1.148,00;1.151,00;1.144,00;1.155,00;1.155,00;1.109,00;1.083,00;1.077,00;1.065,00;1.048,00;1.030,00;1.010,00;964,00;899,00;842,00
20058;Olaberria;946,00;926,00;925,00;950,00;917,00;914,00;905,00;904,00;945,00;935,00;958,00;940,00;941,00;936,00;931,00;954,00;948,00;912,00;893,00;901,00;910,00;897,00;917,00;928,00
48073;Ondarroa;8.195,00;8.277,00;8.348,00;8.451,00;8.567,00;8.590,00;8.601,00;8.652,00;8.617,00;8.648,00;8.650,00;8.717,00;8.804,00;8.788,00;8.815,00;8.905,00;8.968,00;9.039,00;9.111,00;9.175,00;9.257,00;9.338,00;9.371,00;9.426,00
20076;Ordizia;10.286,00;10.217,00;10.010,00;10.057,00;10.070,00;9.970,00;9.720,00;9.590,00;9.488,00;9.483,00;9.456,00;9.434,00;9.523,00;9.547,00;9.533,00;9.523,00;9.600,00;9.194,00;8.986,00;8.833,00;8.679,00;8.729,00;8.820,00;8.807,00
20905;Orendain;241,00;236,00;242,00;225,00;211,00;202,00;202,00;194,00;196,00;190,00;191,00;190,00;179,00;182,00;187,00;180,00;175,00;170,00;170,00;166,00;162,00;161,00;146,00;142,00
20060;Orexa;100,00;102,00;107,00;111,00;106,00;110,00;112,00;112,00;114,00;116,00;114,00;114,00;114,00;115,00;116,00;116,00;117,00;112,00;96,00;93,00;90,00;88,00;86,00;87,00
20061;Orio;6.187,00;6.131,00;6.071,00;6.107,00;6.132,00;6.061,00;5.986,00;5.944,00;5.901,00;5.853,00;5.748,00;5.574,00;5.416,00;5.282,00;5.143,00;5.009,00;4.933,00;4.792,00;4.717,00;4.675,00;4.633,00;4.662,00;4.555,00;4.427,00
20062;Ormaiztegi;1.266,00;1.231,00;1.242,00;1.252,00;1.276,00;1.295,00;1.321,00;1.310,00;1.300,00;1.292,00;1.291,00;1.299,00;1.291,00;1.309,00;1.309,00;1.314,00;1.301,00;1.295,00;1.264,00;1.249,00;1.233,00;1.192,00;1.180,00;1.189,00
48075;Orozko;2.738,00;2.729,00;2.750,00;2.733,00;2.631,00;2.613,00;2.617,00;2.618,00;2.635,00;2.633,00;2.624,00;2.629,00;2.580,00;2.495,00;2.452,00;2.440,00;2.414,00;2.358,00;2.322,00;2.302,00;2.287,00;2.229,00;2.170,00;2.119,00
48083;Ortuella;8.542,00;8.464,00;8.391,00;8.319,00;8.310,00;8.350,00;8.315,00;8.359,00;8.358,00;8.408,00;8.399,00;8.398,00;8.416,00;8.392,00;8.408,00;8.497,00;8.477,00;8.556,00;8.535,00;8.512,00;8.506,00;8.625,00;8.650,00;8.684,00
48072;Otxandio;1.338,00;1.305,00;1.319,00;1.346,00;1.355,00;1.337,00;1.318,00;1.324,00;1.289,00;1.274,00;1.298,00;1.289,00;1.300,00;1.272,00;1.264,00;1.226,00;1.214,00;1.178,00;1.143,00;1.114,00;1.088,00;1.082,00;1.076,00;1.067,00
01043;Oyón-Oion;3.582,00;3.559,00;3.551,00;3.567,00;3.521,00;3.497,00;3.465,00;3.427,00;3.427,00;3.414,00;3.388,00;3.356,00;3.367,00;3.364,00;3.317,00;3.215,00;3.175,00;3.085,00;2.940,00;2.825,00;2.705,00;2.572,00;2.485,00;2.387,00
20059;Oñati;11.462,00;11.494,00;11.449,00;11.367,00;11.468,00;11.355,00;11.308,00;11.344,00;11.275,00;11.202,00;11.202,00;11.121,00;11.069,00;10.951,00;10.875,00;10.809,00;10.728,00;10.658,00;10.649,00;10.624,00;10.599,00;10.611,00;10.620,00;10.565,00
20064;Pasaia;16.838,00;16.658,00;16.506,00;16.612,00;16.722,00;16.711,00;16.629,00;16.591,00;16.587,00;16.418,00;16.345,00;16.287,00;16.188,00;16.140,00;16.042,00;15.962,00;15.903,00;15.965,00;16.065,00;16.049,00;16.032,00;16.292,00;16.455,00;16.644,00
01044;Peñacerrada-Urizaharra;325,00;325,00;331,00;321,00;288,00;287,00;282,00;279,00;280,00;282,00;284,00;283,00;294,00;298,00;303,00;294,00;274,00;251,00;255,00;251,00;246,00;244,00;231,00;231,00
48077;Plentzia;4.493,00;4.459,00;4.466,00;4.523,00;4.400,00;4.363,00;4.412,00;4.374,00;4.360,00;4.397,00;4.430,00;4.426,00;4.404,00;4.414,00;4.387,00;4.354,00;4.355,00;4.232,00;4.126,00;4.035,00;3.951,00;3.819,00;3.701,00;3.707,00
48078;Portugalete;45.108,00;44.919,00;45.110,00;45.677,00;46.153,00;46.191,00;46.274,00;46.323,00;46.372,00;46.700,00;47.001,00;47.319,00;47.645,00;47.603,00;47.739,00;47.955,00;48.086,00;48.239,00;48.560,00;48.882,00;49.299,00;49.918,00;50.543,00;51.184,00
01047;Ribera Baja/Erribera Beitia;1.582,00;1.574,00;1.574,00;1.572,00;1.601,00;1.560,00;1.573,00;1.547,00;1.492,00;1.494,00;1.474,00;1.453,00;1.445,00;1.406,00;1.383,00;1.279,00;1.266,00;1.197,00;1.162,00;1.099,00;1.033,00;920,00;891,00;812,00
01051;Salvatierra/Agurain;5.329,00;5.254,00;5.237,00;5.214,00;5.353,00;5.296,00;5.240,00;5.246,00;5.155,00;5.105,00;5.060,00;5.101,00;5.048,00;4.916,00;4.887,00;4.809,00;4.679,00;4.434,00;4.341,00;4.259,00;4.170,00;4.108,00;4.085,00;4.031,00
01052;Samaniego;282,00;297,00;297,00;292,00;241,00;238,00;237,00;245,00;276,00;275,00;273,00;308,00;319,00;329,00;326,00;319,00;331,00;317,00;318,00;325,00;331,00;332,00;329,00;343,00
01053;San Millán/Donemiliaga;720,00;732,00;730,00;732,00;726,00;737,00;730,00;733,00;735,00;739,00;744,00;759,00;735,00;738,00;733,00;709,00;712,00;738,00;728,00;730,00;731,00;709,00;716,00;743,00
48082;Santurtzi;45.891,00;45.699,00;45.335,00;45.661,00;45.943,00;45.690,00;45.651,00;45.716,00;45.703,00;45.962,00;46.327,00;46.821,00;47.001,00;46.891,00;46.810,00;46.727,00;46.799,00;46.936,00;46.738,00;46.509,00;46.370,00;46.527,00;46.879,00;47.314,00
20070;Segura;1.473,00;1.471,00;1.483,00;1.476,00;1.533,00;1.523,00;1.496,00;1.498,00;1.498,00;1.500,00;1.491,00;1.484,00;1.487,00;1.485,00;1.451,00;1.379,00;1.356,00;1.290,00;1.283,00;1.278,00;1.272,00;1.265,00;1.269,00;1.275,00
48084;Sestao;27.775,00;27.364,00;27.082,00;26.896,00;27.246,00;27.146,00;27.311,00;27.408,00;27.286,00;27.578,00;27.859,00;28.248,00;28.476,00;28.674,00;28.970,00;29.249,00;29.441,00;29.547,00;29.592,00;29.705,00;29.875,00;30.673,00;31.311,00;31.793,00
48904;Sondika;4.554,00;4.492,00;4.506,00;4.516,00;4.534,00;4.489,00;4.483,00;4.464,00;4.461,00;4.480,00;4.527,00;4.498,00;4.504,00;4.492,00;4.473,00;4.490,00;4.440,00;4.389,00;4.323,00;4.293,00;4.271,00;4.173,00;4.050,00;4.036,00
48085;Sopela;13.917,00;13.850,00;13.627,00;13.273,00;13.175,00;12.947,00;12.744,00;12.672,00;12.592,00;12.401,00;12.295,00;12.271,00;12.228,00;12.089,00;12.049,00;12.292,00;12.169,00;12.058,00;11.729,00;11.579,00;11.452,00;11.191,00;10.927,00;10.738,00
48086;Sopuerta;2.768,00;2.729,00;2.689,00;2.628,00;2.512,00;2.468,00;2.512,00;2.548,00;2.584,00;2.586,00;2.554,00;2.567,00;2.586,00;2.577,00;2.544,00;2.495,00;2.416,00;2.398,00;2.382,00;2.364,00;2.351,00;2.303,00;2.317,00;2.332,00
20065;Soraluze-Placencia de las Armas;3.727,00;3.673,00;3.773,00;3.838,00;3.974,00;3.937,00;3.949,00;3.949,00;3.877,00;3.888,00;3.941,00;3.969,00;3.945,00;3.942,00;3.941,00;3.916,00;3.956,00;3.987,00;4.016,00;4.046,00;4.075,00;4.085,00;4.097,00;4.084,00
48076;Sukarrieta;365,00;365,00;369,00;357,00;334,00;336,00;344,00;351,00;357,00;362,00;344,00;348,00;344,00;342,00;336,00;336,00;330,00;339,00;338,00;333,00;328,00;299,00;287,00;281,00
20071;Tolosa;19.961,00;19.929,00;19.706,00;19.688,00;19.400,00;19.270,00;19.069,00;18.989,00;19.041,00;18.993,00;18.835,00;18.749,00;18.454,00;18.111,00;17.932,00;17.822,00;17.685,00;17.677,00;17.599,00;17.500,00;17.400,00;17.555,00;17.637,00;17.687,00
48087;Trucios-Turtzioz;525,00;531,00;525,00;513,00;520,00;512,00;522,00;518,00;520,00;523,00;532,00;548,00;547,00;546,00;551,00;539,00;546,00;546,00;530,00;535,00;541,00;534,00;539,00;549,00
48088;Ubide;172,00;182,00;171,00;169,00;180,00;177,00;190,00;190,00;180,00;184,00;181,00;182,00;187,00;187,00;170,00;163,00;160,00;154,00;155,00;159,00;163,00;171,00;171,00;171,00
48065;Ugao-Miraballes;4.145,00;4.140,00;4.103,00;4.094,00;4.108,00;4.114,00;4.086,00;4.092,00;4.088,00;4.102,00;4.065,00;4.080,00;4.044,00;4.041,00;4.031,00;4.009,00;3.991,00;3.995,00;3.980,00;3.975,00;3.978,00;3.999,00;4.003,00;4.035,00
48089;Urduliz;5.626,00;5.385,00;5.164,00;4.955,00;4.515,00;4.294,00;4.133,00;4.095,00;4.128,00;4.055,00;3.919,00;3.784,00;3.634,00;3.573,00;3.442,00;3.333,00;3.296,00;3.266,00;3.211,00;3.263,00;3.322,00;3.312,00;3.273,00;3.238,00
48074;Urduña/Orduña;4.191,00;4.161,00;4.139,00;4.178,00;4.233,00;4.274,00;4.217,00;4.159,00;4.136,00;4.159,00;4.182,00;4.213,00;4.200,00;4.214,00;4.215,00;4.170,00;4.151,00;4.084,00;4.065,00;4.056,00;4.055,00;4.011,00;3.994,00;3.953,00
01054;Urkabustaiz;1.501,00;1.474,00;1.445,00;1.448,00;1.450,00;1.435,00;1.399,00;1.394,00;1.377,00;1.334,00;1.312,00;1.328,00;1.374,00;1.339,00;1.286,00;1.213,00;1.173,00;1.146,00;1.097,00;1.067,00;1.035,00;986,00;961,00;938,00
20072;Urnieta;6.228,00;6.180,00;6.161,00;6.172,00;6.209,00;6.190,00;6.192,00;6.204,00;6.169,00;6.158,00;6.122,00;6.136,00;6.145,00;6.094,00;6.074,00;6.067,00;6.011,00;5.934,00;5.842,00;5.779,00;5.715,00;5.718,00;5.629,00;5.434,00
20077;Urretxu;6.822,00;6.798,00;6.799,00;6.835,00;6.829,00;6.802,00;6.776,00;6.820,00;6.850,00;6.958,00;6.932,00;6.900,00;6.930,00;6.892,00;6.889,00;6.804,00;6.698,00;6.641,00;6.655,00;6.599,00;6.543,00;6.540,00;6.470,00;6.358,00
20073;Usurbil;6.439,00;6.350,00;6.174,00;6.146,00;6.308,00;6.318,00;6.305,00;6.305,00;6.223,00;6.225,00;6.207,00;6.154,00;6.109,00;6.055,00;5.989,00;5.884,00;5.729,00;5.651,00;5.633,00;5.591,00;5.549,00;5.489,00;5.407,00;5.296,00
01055;Valdegovía/Gaubea;1.149,00;1.139,00;1.169,00;1.122,00;1.064,00;1.069,00;1.068,00;1.058,00;1.063,00;1.064,00;1.084,00;1.088,00;1.107,00;1.136,00;1.136,00;1.124,00;1.164,00;1.121,00;1.111,00;1.087,00;1.061,00;1.015,00;1.003,00;954,00
48080;Valle de Trápaga-Trapagaran;11.747,00;11.749,00;11.760,00;11.760,00;11.855,00;11.875,00;11.872,00;11.878,00;11.938,00;12.008,00;12.052,00;12.048,00;12.151,00;12.181,00;12.262,00;12.321,00;12.362,00;12.406,00;12.357,00;12.395,00;12.457,00;12.555,00;12.549,00;12.465,00
20075;Villabona;5.747,00;5.706,00;5.728,00;5.755,00;5.917,00;5.906,00;5.925,00;5.894,00;5.768,00;5.737,00;5.769,00;5.766,00;5.761,00;5.755,00;5.720,00;5.688,00;5.675,00;5.677,00;5.601,00;5.585,00;5.569,00;5.466,00;5.423,00;5.401,00
01057;Villabuena de Álava/Eskuernaga;299,00;291,00;296,00;292,00;282,00;304,00;306,00;303,00;295,00;309,00;316,00;316,00;326,00;331,00;322,00;321,00;320,00;317,00;330,00;328,00;326,00;326,00;332,00;322,00
01059;Vitoria-Gasteiz;251.974,00;250.100,00;248.106,00;247.833,00;248.087,00;246.149,00;243.815,00;242.254,00;241.451,00;240.699,00;238.862,00;238.911,00;240.430,00;238.128,00;237.150,00;234.741,00;232.020,00;229.387,00;226.645,00;223.953,00;220.871,00;219.583,00;216.926,00;214.676,00
01060;Yécora/Iekora;262,00;247,00;246,00;263,00;267,00;257,00;258,00;258,00;272,00;267,00;266,00;276,00;294,00;291,00;298,00;311,00;302,00;305,00;293,00;282,00;271,00;253,00;258,00;264,00
48095;Zaldibar;3.022,00;3.005,00;3.015,00;3.032,00;3.045,00;3.056,00;3.067,00;3.056,00;3.062,00;3.038,00;3.041,00;3.030,00;3.047,00;3.010,00;3.017,00;2.993,00;2.912,00;2.871,00;2.832,00;2.807,00;2.787,00;2.767,00;2.767,00;2.767,00
20078;Zaldibia;1.736,00;1.731,00;1.666,00;1.636,00;1.658,00;1.630,00;1.630,00;1.593,00;1.566,00;1.574,00;1.556,00;1.524,00;1.517,00;1.510,00;1.495,00;1.515,00;1.492,00;1.453,00;1.431,00;1.445,00;1.459,00;1.489,00;1.481,00;1.469,00
01061;Zalduondo;213,00;214,00;207,00;205,00;197,00;194,00;196,00;199,00;198,00;206,00;196,00;191,00;192,00;204,00;201,00;196,00;194,00;203,00;199,00;196,00;193,00;172,00;172,00;167,00
48096;Zalla;8.229,00;8.244,00;8.245,00;8.349,00;8.441,00;8.438,00;8.420,00;8.409,00;8.376,00;8.408,00;8.415,00;8.453,00;8.402,00;8.238,00;8.155,00;8.172,00;8.147,00;8.023,00;7.922,00;7.886,00;7.865,00;7.844,00;7.798,00;7.755,00
01062;Zambrana;448,00;428,00;432,00;438,00;446,00;436,00;425,00;424,00;415,00;418,00;427,00;437,00;439,00;409,00;385,00;374,00;356,00;359,00;355,00;356,00;357,00;344,00;358,00;366,00
48905;Zamudio;3.247,00;3.223,00;3.202,00;3.223,00;3.313,00;3.274,00;3.268,00;3.212,00;3.183,00;3.174,00;3.174,00;3.194,00;3.216,00;3.192,00;3.188,00;3.194,00;3.216,00;3.221,00;3.170,00;3.114,00;3.064,00;3.019,00;2.948,00;2.809,00
48097;Zaratamo;1.616,00;1.609,00;1.624,00;1.644,00;1.647,00;1.631,00;1.633,00;1.635,00;1.609,00;1.619,00;1.655,00;1.657,00;1.670,00;1.674,00;1.720,00;1.744,00;1.746,00;1.691,00;1.674,00;1.655,00;1.639,00;1.653,00;1.681,00;1.701,00
20079;Zarautz;23.333,00;23.118,00;23.055,00;23.243,00;23.347,00;23.301,00;23.188,00;23.058,00;23.040,00;22.915,00;22.814,00;22.695,00;22.548,00;22.583,00;22.470,00;22.402,00;22.254,00;22.104,00;22.031,00;21.739,00;21.445,00;21.170,00;20.989,00;20.568,00
48024;Zeanuri;1.239,00;1.241,00;1.254,00;1.233,00;1.254,00;1.258,00;1.250,00;1.251,00;1.243,00;1.251,00;1.264,00;1.287,00;1.310,00;1.317,00;1.297,00;1.328,00;1.305,00;1.267,00;1.242,00;1.228,00;1.217,00;1.205,00;1.211,00;1.215,00
48025;Zeberio;1.076,00;1.076,00;1.072,00;1.078,00;1.084,00;1.065,00;1.053,00;1.057,00;1.069,00;1.061,00;1.066,00;1.066,00;1.059,00;1.048,00;1.049,00;1.051,00;1.072,00;1.075,00;1.068,00;1.058,00;1.050,00;1.044,00;1.022,00;998,00
20025;Zegama;1.543,00;1.545,00;1.542,00;1.556,00;1.521,00;1.532,00;1.534,00;1.532,00;1.521,00;1.525,00;1.531,00;1.539,00;1.537,00;1.540,00;1.517,00;1.478,00;1.439,00;1.390,00;1.359,00;1.317,00;1.275,00;1.271,00;1.290,00;1.268,00
20026;Zerain;281,00;281,00;275,00;279,00;274,00;266,00;258,00;257,00;258,00;257,00;265,00;265,00;263,00;254,00;246,00;240,00;241,00;245,00;244,00;242,00;240,00;242,00;240,00;234,00
20027;Zestoa;3.825,00;3.766,00;3.739,00;3.781,00;3.894,00;3.833,00;3.846,00;3.825,00;3.740,00;3.715,00;3.664,00;3.662,00;3.657,00;3.638,00;3.520,00;3.439,00;3.392,00;3.379,00;3.341,00;3.303,00;3.265,00;3.245,00;3.284,00;3.288,00
48913;Zierbena;1.488,00;1.492,00;1.487,00;1.517,00;1.524,00;1.493,00;1.495,00;1.497,00;1.494,00;1.500,00;1.501,00;1.483,00;1.465,00;1.434,00;1.382,00;1.368,00;1.334,00;1.286,00;1.279,00;1.273,00;1.270,00;1.257,00;1.221,00;1.194,00
01018;Zigoitia;1.861,00;1.833,00;1.840,00;1.827,00;1.707,00;1.712,00;1.719,00;1.729,00;1.762,00;1.786,00;1.766,00;1.783,00;1.765,00;1.745,00;1.699,00;1.637,00;1.568,00;1.480,00;1.455,00;1.435,00;1.412,00;1.394,00;1.362,00;1.339,00
48915;Ziortza-Bolibar;426,00;413,00;420,00;426,00;439,00;451,00;466,00;466,00;461,00;464,00;463,00;462,00;448,00;443,00;439,00;422,00;418,00;411,00;405,00;0,00;0,00;0,00;0,00;0,00
20028;Zizurkil;2.895,00;2.897,00;2.920,00;2.926,00;3.035,00;3.029,00;2.998,00;2.992,00;2.935,00;2.944,00;2.941,00;2.946,00;2.866,00;2.772,00;2.741,00;2.763,00;2.758,00;2.748,00;2.784,00;2.736,00;2.688,00;2.730,00;2.754,00;2.738,00
01063;Zuia;2.434,00;2.392,00;2.371,00;2.345,00;2.362,00;2.365,00;2.379,00;2.374,00;2.380,00;2.414,00;2.452,00;2.457,00;2.470,00;2.447,00;2.419,00;2.398,00;2.381,00;2.354,00;2.310,00;2.252,00;2.189,00;2.027,00;1.869,00;1.740,00
20081;Zumaia;10.090,00;10.054,00;10.006,00;9.983,00;9.827,00;9.825,00;9.770,00;9.739,00;9.746,00;9.718,00;9.662,00;9.554,00;9.505,00;9.377,00;9.261,00;9.209,00;9.019,00;8.889,00;8.829,00;8.767,00;8.704,00;8.650,00;8.571,00;8.454,00
20080;Zumarraga;9.590,00;9.573,00;9.585,00;9.626,00;9.821,00;9.767,00;9.868,00;9.858,00;9.820,00;9.815,00;9.866,00;10.019,00;9.926,00;9.883,00;9.866,00;9.907,00;9.812,00;9.807,00;9.816,00;9.790,00;9.763,00;9.795,00;9.877,00;9.896,00
