Indicadores municipales de sostenibilidad: Viviendas protegidas (VPO) adjudicadas por Etxebide en el último quinquenio (? habitantes);;;;;;;;;;;;;;;;;;;;;;
"";;;;;;;;;;;;;;;;;;;;;;
Resumen de datos;;;;;;;;;;;;;;;;;;;;;;
Entidad;;2023;2022;2021;2020;2019;2018;2017;2016;2015;2014;2013;2012;2011;2010;2009;2008;2007;2006;2005;2004;2003
Araba/Álava;;1,30;0,70;0,26;0,54;0,42;1,23;1,28;1,29;1,49;3,93;5,58;7,14;7,26;9,41;8,74;10,00;12,00;14,86;13,34;11,82;9,53
Bizkaia;;0,79;0,97;1,15;1,10;1,06;0,97;1,28;1,27;1,76;1,97;2,31;2,21;1,95;1,93;1,72;2,39;3,09;3,58;3,69;3,77;4,58
CAE;;0,81;0,79;0,82;0,84;0,83;0,91;1,23;1,26;1,69;2,17;2,75;2,86;2,70;2,97;2,85;3,41;4,35;5,44;5,11;4,96;4,11
Gipuzkoa;;0,61;0,56;0,55;0,56;0,65;0,67;1,12;1,23;1,67;1,69;2,19;2,00;1,88;1,81;2,11;2,19;3,09;4,42;3,94;3,98;4,07
"";;;;;;;;;;;;;;;;;;;;;;
Detalle por comarcas;;;;;;;;;;;;;;;;;;;;;;
Código comarca;Comarca;2023;2022;2021;2020;2019;2018;2017;2016;2015;2014;2013;2012;2011;2010;2009;2008;2007;2006;2005;2004;2003
01100;Arabako Ibarrak / Valles Alaveses;0,00;0,00;0,00;0,00;0,00;0,00;0,00;0,00;0,00;0,00;0,00;0,00;0,00;0,71;0,72;0,74;0,76;0,78;0,00;0,00;0,00
01200;Arabako Lautada / Llanada Alavesa;1,30;0,71;0,32;0,68;0,52;1,53;1,54;1,54;1,66;4,62;6,00;7,42;7,50;10,31;9,27;11,11;14,08;17,61;15,56;13,64;11,03
01300;Arabako Mendialdea / Montaña Alavesa;0,00;0,00;0,00;0,00;0,00;0,00;0,00;0,00;0,00;0,00;0,00;0,00;0,00;0,00;0,00;0,00;0,00;0,00;1,93;1,93;4,52
48100;Arratia Nerbioi / Arratia-Nervión;0,00;0,00;0,00;0,00;0,00;0,00;0,00;0,00;0,00;0,00;1,54;1,55;3,92;6,61;6,68;5,13;6,28;4,12;1,38;1,39;1,39
20200;Bidasoa Beherea / Bajo Bidasoa;0,44;1,28;1,70;1,47;1,47;1,89;1,65;1,56;1,35;1,35;0,93;0,33;0,43;0,43;0,43;0,44;0,44;3,84;3,88;3,90;3,92
48200;Bilbo Handia / Gran Bilbao;1,05;1,29;1,54;1,46;1,41;1,29;1,64;1,56;1,94;2,09;2,27;1,98;1,63;1,72;1,49;2,50;3,21;3,84;4,04;4,10;2,90
20100;Deba Beherea / Bajo Deba;0,00;0,00;0,00;1,06;1,35;1,35;2,42;2,43;2,72;3,71;5,79;5,02;5,04;4,52;4,25;4,00;4,81;7,75;6,88;5,86;4,04
20300;Debagoiena / Alto Deba;3,44;2,62;1,51;1,51;0,51;0,00;2,23;2,24;2,24;2,25;5,09;4,46;4,98;4,99;5,00;4,28;4,42;4,20;4,39;4,39;2,52
20400;Donostialdea / Donostia-San Sebastián;0,37;0,37;0,37;0,28;0,60;0,64;0,91;1,09;2,00;1,76;2,06;1,97;1,80;1,77;2,41;2,71;3,88;4,52;3,57;3,45;4,31
48300;Durangaldea / Duranguesado;0,00;0,00;0,00;0,00;0,00;0,00;0,58;0,58;2,87;4,10;5,69;5,49;5,53;3,83;2,61;1,97;2,71;3,08;2,46;2,47;1,47
48400;Enkartazioak / Encartaciones;0,00;0,00;0,00;0,00;0,00;0,00;0,00;0,00;0,00;0,00;0,00;2,29;2,31;2,33;2,35;2,37;1,89;1,90;3,73;4,81;4,83
01400;Errioxa Arabarra / Rioja Alavesa;0,00;0,00;0,00;0,00;0,00;0,00;0,00;0,00;0,00;0,00;0,00;0,00;0,00;0,00;0,00;0,00;0,46;2,54;2,59;3,38;4,49
48500;Gernika-Bermeo;0,00;0,00;0,00;0,00;0,00;0,00;0,00;1,13;1,13;1,13;1,79;3,67;2,55;2,57;2,58;1,93;1,24;1,25;1,25;3,22;3,22
20500;Goierri;0,00;0,00;0,00;0,00;0,00;0,00;0,37;0,93;1,12;1,13;1,13;1,39;0,83;0,64;0,74;0,92;3,38;5,10;5,12;5,34;5,40
01500;Gorbeia Inguruak / Estribaciones del Gorbea;4,67;4,70;0,00;0,00;0,00;0,00;1,82;1,82;5,91;5,94;5,99;5,84;7,62;3,40;8,92;9,11;8,56;6,93;7,14;2,23;5,11
01600;Kantauri Arabarra / Cantábrica Alavesa;1,22;0,00;0,00;0,00;0,00;0,00;0,00;0,00;0,00;0,69;5,72;9,66;9,72;9,77;9,95;7,90;4,61;4,64;5,52;6,49;3,37
48600;Markina-Ondarroa;0,00;0,00;0,00;0,00;0,00;0,00;0,00;0,00;0,00;0,00;0,00;0,00;0,00;0,00;0,00;0,76;5,19;5,18;5,16;5,15;4,39
48700;Plentzia-Mungia;0,00;0,00;0,00;0,00;0,00;0,00;0,00;0,00;0,00;0,00;0,00;0,00;0,00;0,00;1,48;1,50;1,53;1,97;2,01;0,43;0,43
20600;Tolosaldea / Tolosa;0,00;0,00;0,00;0,00;0,00;0,00;0,54;0,54;0,54;1,32;1,33;1,39;1,40;1,41;1,58;1,59;2,31;3,53;3,55;3,79;3,80
20700;Urola-Kostaldea / Urola Costa;0,89;0,18;0,60;0,60;0,61;0,61;0,61;0,47;0,47;0,48;0,48;0,49;0,00;0,00;0,00;0,00;0,00;2,06;2,08;3,51;3,53
"";;;;;;;;;;;;;;;;;;;;;;
Detalle por municipios;;;;;;;;;;;;;;;;;;;;;;
Código municipio;Municipio;2023;2022;2021;2020;2019;2018;2017;2016;2015;2014;2013;2012;2011;2010;2009;2008;2007;2006;2005;2004;2003
48001;Abadiño;0,00;0,00;0,00;0,00;0,00;0,00;0,00;0,00;7,23;16,54;37,47;37,73;38,00;30,84;21,51;0,00;0,00;0,00;0,00;0,00;0,00
20001;Abaltzisketa;0,00;0,00;0,00;0,00;0,00;0,00;0,00;0,00;0,00;0,00;0,00;0,00;0,00;0,00;0,00;0,00;0,00;0,00;0,00;0,00;0,00
48002;Abanto y Ciérvana-Abanto Zierbena;0,00;0,00;0,00;0,00;0,00;0,00;0,00;0,00;0,00;0,00;0,00;0,00;0,00;0,00;0,00;0,00;0,00;0,00;0,00;0,00;0,00
20002;Aduna;0,00;0,00;0,00;0,00;0,00;0,00;0,00;0,00;0,00;0,00;0,00;0,00;0,00;0,00;0,00;0,00;0,00;0,00;0,00;0,00;0,00
20016;Aia;0,00;0,00;0,00;0,00;0,00;0,00;0,00;0,00;0,00;0,00;0,00;0,00;0,00;0,00;0,00;0,00;0,00;13,62;13,73;13,80;13,90
20003;Aizarnazabal;0,00;0,00;0,00;0,00;0,00;0,00;0,00;0,00;0,00;0,00;0,00;0,00;0,00;0,00;0,00;0,00;0,00;0,00;0,00;0,00;0,00
48911;Ajangiz;0,00;0,00;0,00;0,00;0,00;0,00;0,00;0,00;0,00;0,00;0,00;0,00;0,00;0,00;0,00;0,00;0,00;0,00;0,00;0,00;0,00
20004;Albiztur;0,00;0,00;0,00;0,00;0,00;0,00;0,00;0,00;0,00;0,00;0,00;0,00;0,00;0,00;0,00;0,00;0,00;0,00;0,00;0,00;0,00
20005;Alegia;0,00;0,00;0,00;0,00;0,00;0,00;0,00;0,00;0,00;0,00;0,00;0,00;0,00;0,00;0,00;0,00;0,00;0,00;0,00;0,00;0,00
01001;Alegría-Dulantzi;0,00;0,00;0,00;0,00;0,00;0,00;0,00;0,00;0,00;0,00;0,00;0,00;0,00;0,00;0,00;0,00;0,00;0,00;0,00;0,00;0,00
20006;Alkiza;0,00;0,00;0,00;0,00;0,00;0,00;0,00;0,00;0,00;0,00;0,00;0,00;0,00;0,00;0,00;0,00;0,00;0,00;0,00;0,00;0,00
48912;Alonsotegi;0,00;0,00;0,00;0,00;0,00;0,00;0,00;0,00;0,00;0,00;0,00;0,00;0,00;0,00;0,00;0,00;0,00;0,00;0,00;0,00;0,00
20906;Altzaga;0,00;0,00;0,00;0,00;0,00;0,00;0,00;0,00;0,00;0,00;0,00;0,00;0,00;0,00;0,00;0,00;0,00;0,00;0,00;0,00;0,00
20007;Altzo;0,00;0,00;0,00;0,00;0,00;0,00;0,00;0,00;0,00;0,00;0,00;0,00;0,00;0,00;0,00;0,00;0,00;0,00;0,00;0,00;0,00
20008;Amezketa;0,00;0,00;0,00;0,00;0,00;0,00;0,00;0,00;0,00;0,00;0,00;0,00;0,00;0,00;0,00;0,00;0,00;0,00;0,00;0,00;0,00
48003;Amorebieta-Etxano;0,00;0,00;0,00;0,00;0,00;0,00;0,00;0,00;0,00;0,00;0,00;0,00;0,00;0,00;0,00;0,00;1,90;3,85;3,88;3,89;3,91
48004;Amoroto;0,00;0,00;0,00;0,00;0,00;0,00;0,00;0,00;0,00;0,00;0,00;0,00;0,00;0,00;0,00;0,00;0,00;0,00;0,00;0,00;0,00
01002;Amurrio;4,05;0,00;0,00;0,00;0,00;0,00;0,00;0,00;0,00;0,00;0,00;4,95;4,98;5,02;5,07;5,14;2,39;2,41;2,42;5,26;5,26
20009;Andoain;0,00;0,00;0,00;0,00;0,00;0,00;0,00;0,00;0,00;0,00;0,00;0,00;0,00;6,94;7,01;9,99;18,56;18,52;11,38;11,36;8,43
20010;Anoeta;0,00;0,00;0,00;0,00;0,00;0,00;13,41;13,61;13,85;14,03;14,14;0,00;0,00;0,00;0,00;0,00;0,00;0,00;0,00;0,00;0,00
20011;Antzuola;0,00;0,00;0,00;0,00;0,00;0,00;0,00;0,00;0,00;0,00;0,00;0,00;0,00;0,00;0,00;0,00;0,00;0,00;0,00;0,00;0,00
48005;Arakaldo;0,00;0,00;0,00;0,00;0,00;0,00;0,00;0,00;0,00;0,00;0,00;0,00;0,00;0,00;0,00;0,00;0,00;0,00;0,00;0,00;0,00
20012;Arama;0,00;0,00;0,00;0,00;0,00;0,00;0,00;0,00;0,00;0,00;0,00;0,00;0,00;0,00;0,00;0,00;0,00;0,00;0,00;0,00;0,00
01003;Aramaio;0,00;0,00;0,00;0,00;0,00;0,00;0,00;0,00;0,00;0,00;0,00;0,00;0,00;0,00;28,97;29,12;29,31;29,57;29,87;0,00;0,00
48006;Arantzazu;0,00;0,00;0,00;0,00;0,00;0,00;0,00;0,00;0,00;0,00;0,00;0,00;0,00;0,00;0,00;0,00;0,00;0,00;0,00;0,00;0,00
48093;Areatza;0,00;0,00;0,00;0,00;0,00;0,00;0,00;0,00;0,00;0,00;30,61;31,33;32,17;32,88;33,49;0,00;0,00;5,82;5,81;5,81;5,79
20013;Aretxabaleta;0,00;0,00;0,00;0,00;0,00;0,00;0,00;0,00;0,00;0,00;0,00;14,91;15,06;15,17;15,34;18,55;3,01;3,05;3,10;3,12;0,00
01006;Armiñón;0,00;0,00;0,00;0,00;0,00;0,00;0,00;0,00;0,00;0,00;0,00;0,00;0,00;0,00;0,00;0,00;0,00;0,00;0,00;0,00;0,00
01037;Arraia-Maeztu;0,00;0,00;0,00;0,00;0,00;0,00;0,00;0,00;0,00;0,00;0,00;0,00;0,00;0,00;0,00;0,00;0,00;0,00;0,00;0,00;0,00
48009;Arrankudiaga;0,00;0,00;0,00;0,00;0,00;0,00;0,00;0,00;0,00;0,00;0,00;0,00;0,00;0,00;0,00;0,00;0,00;0,00;0,00;0,00;0,00
20055;Arrasate/Mondragón;9,90;7,53;4,32;4,31;1,45;0,00;6,38;6,39;6,40;6,41;14,42;8,02;8,02;7,99;7,95;4,51;8,93;8,84;8,77;8,73;4,35
48914;Arratzu;0,00;0,00;0,00;0,00;0,00;0,00;0,00;0,00;0,00;0,00;0,00;0,00;0,00;0,00;0,00;0,00;0,00;0,00;0,00;0,00;0,00
01008;Arratzua-Ubarrundia;0,00;0,00;0,00;0,00;0,00;0,00;0,00;0,00;0,00;0,00;0,00;0,00;0,00;0,00;0,00;0,00;0,00;0,00;0,00;0,00;0,00
48010;Arrieta;0,00;0,00;0,00;0,00;0,00;0,00;0,00;0,00;0,00;0,00;0,00;0,00;0,00;0,00;0,00;0,00;0,00;0,00;0,00;0,00;0,00
48011;Arrigorriaga;0,00;0,00;0,00;0,00;0,00;0,00;0,00;0,00;0,00;0,00;0,00;4,40;4,41;4,43;12,86;12,98;18,34;18,72;24,68;15,85;16,12
48023;Artea;0,00;0,00;0,00;0,00;0,00;0,00;0,00;0,00;0,00;0,00;0,00;0,00;0,00;0,00;0,00;0,00;0,00;0,00;0,00;0,00;0,00
48008;Artzentales;0,00;0,00;0,00;0,00;0,00;0,00;0,00;0,00;0,00;0,00;0,00;0,00;0,00;0,00;0,00;0,00;0,00;0,00;0,00;0,00;0,00
01004;Artziniega;0,00;0,00;0,00;0,00;0,00;0,00;0,00;0,00;0,00;0,00;0,00;0,00;0,00;0,00;0,00;0,00;0,00;0,00;0,00;0,00;0,00
01009;Asparrena;0,00;0,00;0,00;0,00;0,00;0,00;0,00;0,00;0,00;0,00;0,00;0,00;0,00;0,00;0,00;10,14;17,82;17,85;17,90;17,95;7,71
20014;Asteasu;0,00;0,00;0,00;0,00;0,00;0,00;0,00;0,00;0,00;0,00;0,00;0,00;0,00;0,00;0,00;0,00;0,00;0,00;0,00;0,00;0,00
20903;Astigarraga;0,00;0,00;0,00;0,00;0,00;0,00;0,00;0,00;0,00;0,00;0,00;0,00;0,00;0,00;0,00;0,00;0,00;0,00;0,00;0,00;0,00
20015;Ataun;0,00;0,00;0,00;0,00;0,00;0,00;0,00;0,00;0,00;0,00;0,00;0,00;0,00;0,00;0,00;0,00;0,00;0,00;0,00;0,00;0,00
48091;Atxondo;0,00;0,00;0,00;0,00;0,00;0,00;0,00;0,00;0,00;0,00;0,00;0,00;0,00;0,00;0,00;0,00;0,00;0,00;0,00;0,00;0,00
48070;Aulesti;0,00;0,00;0,00;0,00;0,00;0,00;0,00;0,00;0,00;0,00;0,00;0,00;0,00;0,00;0,00;0,00;0,00;0,00;0,00;0,00;0,00
01010;Ayala/Aiara;0,00;0,00;0,00;0,00;0,00;0,00;0,00;0,00;0,00;0,00;0,00;0,00;0,00;0,00;0,00;0,00;0,00;0,00;0,00;0,00;0,00
20017;Azkoitia;1,17;1,17;1,34;1,34;1,34;1,35;1,35;0,00;0,00;0,00;0,00;0,00;0,00;0,00;0,00;0,00;0,00;5,71;5,73;5,74;5,75
20018;Azpeitia;3,15;0,00;0,00;0,00;0,00;0,00;0,00;0,00;0,00;0,00;0,00;0,00;0,00;0,00;0,00;0,00;0,00;0,00;0,00;0,00;0,00
01049;Añana;0,00;0,00;0,00;0,00;0,00;0,00;0,00;0,00;0,00;0,00;0,00;0,00;0,00;0,00;0,00;0,00;0,00;0,00;0,00;0,00;0,00
48012;Bakio;0,00;0,00;0,00;0,00;0,00;0,00;0,00;0,00;0,00;0,00;0,00;0,00;0,00;0,00;0,00;0,00;0,00;0,00;0,00;0,00;0,00
20904;Baliarrain;0,00;0,00;0,00;0,00;0,00;0,00;0,00;0,00;0,00;0,00;0,00;0,00;0,00;0,00;0,00;0,00;0,00;0,00;0,00;0,00;0,00
48090;Balmaseda;0,00;0,00;0,00;0,00;0,00;0,00;0,00;0,00;0,00;0,00;0,00;0,00;0,00;0,00;0,00;0,00;0,00;0,00;0,00;4,58;4,59
48013;Barakaldo;0,00;0,00;0,73;0,73;0,73;0,73;1,89;2,09;2,08;2,08;2,09;0,93;0,00;0,00;0,00;0,00;0,00;0,00;0,00;0,00;0,00
48014;Barrika;0,00;0,00;0,00;0,00;0,00;0,00;0,00;0,00;0,00;0,00;0,00;0,00;0,00;0,00;0,00;0,00;0,00;0,00;0,00;0,00;0,00
01013;Barrundia;0,00;0,00;0,00;0,00;0,00;0,00;0,00;0,00;0,00;0,00;0,00;0,00;0,00;0,00;0,00;0,00;0,00;0,00;0,00;0,00;0,00
48015;Basauri;0,89;0,88;1,30;1,30;5,08;5,07;5,04;5,04;5,78;2,05;4,17;4,14;2,85;2,09;2,08;0,00;0,00;0,00;0,00;1,80;1,80
01011;Baños de Ebro/Mañueta;0,00;0,00;0,00;0,00;0,00;0,00;0,00;0,00;0,00;0,00;0,00;0,00;0,00;0,00;0,00;0,00;0,00;0,00;0,00;0,00;0,00
20019;Beasain;0,00;0,00;0,00;0,00;0,00;0,00;1,80;4,56;5,52;5,54;5,57;3,76;0,97;0,00;0,00;0,00;7,71;7,79;7,86;9,46;9,50
48092;Bedia;0,00;0,00;0,00;0,00;0,00;0,00;0,00;0,00;0,00;0,00;0,00;0,00;0,00;0,00;0,00;0,00;0,00;0,00;0,00;0,00;0,00
20020;Beizama;0,00;0,00;0,00;0,00;0,00;0,00;0,00;0,00;0,00;0,00;0,00;0,00;0,00;0,00;0,00;0,00;0,00;0,00;0,00;0,00;0,00
20021;Belauntza;0,00;0,00;0,00;0,00;0,00;0,00;0,00;0,00;0,00;0,00;0,00;0,00;0,00;0,00;0,00;0,00;0,00;0,00;0,00;0,00;0,00
48016;Berango;0,00;0,00;0,00;0,00;0,00;0,00;0,00;0,00;0,00;0,00;0,00;0,00;0,00;2,94;3,01;3,09;5,50;7,71;4,60;4,67;4,76
01014;Berantevilla;0,00;0,00;0,00;0,00;0,00;0,00;0,00;0,00;0,00;0,00;0,00;0,00;0,00;0,00;0,00;0,00;0,00;0,00;0,00;0,00;0,00
20022;Berastegi;0,00;0,00;0,00;0,00;0,00;0,00;0,00;0,00;0,00;0,00;0,00;0,00;0,00;0,00;0,00;0,00;0,00;0,00;0,00;0,00;0,00
20074;Bergara;0,00;0,00;0,00;0,00;0,00;0,00;0,00;0,00;0,00;0,00;0,00;0,00;0,00;0,00;0,00;0,00;0,61;1,83;1,83;1,83;1,83
48017;Bermeo;0,00;0,00;0,00;0,00;0,00;0,00;0,00;0,00;0,00;0,00;0,00;0,00;0,00;0,00;0,00;0,00;3,31;3,32;3,32;3,33;3,33
01016;Bernedo;0,00;0,00;0,00;0,00;0,00;0,00;0,00;0,00;0,00;0,00;0,00;0,00;0,00;0,00;0,00;0,00;0,00;0,00;10,83;10,87;10,87
48018;Berriatua;0,00;0,00;0,00;0,00;0,00;0,00;0,00;0,00;0,00;0,00;0,00;0,00;0,00;0,00;0,00;0,00;0,00;0,00;0,00;0,00;0,00
48019;Berriz;0,00;0,00;0,00;0,00;0,00;0,00;0,00;0,00;0,00;0,00;0,00;0,00;0,00;0,00;0,00;0,00;0,00;0,00;0,00;0,00;0,00
20023;Berrobi;0,00;0,00;0,00;0,00;0,00;0,00;0,00;0,00;0,00;0,00;0,00;0,00;0,00;0,00;0,00;0,00;0,00;0,00;0,00;0,00;0,00
20024;Bidania-Goiatz;0,00;0,00;0,00;0,00;0,00;0,00;0,00;0,00;0,00;0,00;0,00;0,00;0,00;0,00;0,00;0,00;0,00;0,00;0,00;0,00;0,00
48020;Bilbao;1,07;1,51;1,71;2,09;2,09;1,78;2,05;1,49;1,52;1,93;2,05;1,77;1,77;2,37;1,81;2,89;3,76;4,61;4,60;4,87;3,66
48021;Busturia;0,00;0,00;0,00;0,00;0,00;0,00;0,00;0,00;0,00;0,00;0,00;0,00;0,00;0,00;0,00;0,00;0,00;0,00;0,00;0,00;0,00
01017;Campezo/Kanpezu;0,00;0,00;0,00;0,00;0,00;0,00;0,00;0,00;0,00;0,00;0,00;0,00;0,00;0,00;0,00;0,00;0,00;0,00;0,00;0,00;7,39
20029;Deba;0,00;0,00;0,00;0,00;0,00;0,00;0,00;0,00;0,00;0,00;0,00;0,00;0,00;0,00;0,00;0,00;0,00;0,00;0,00;0,00;0,00
48901;Derio;0,00;0,00;0,00;0,00;0,00;0,00;0,00;0,00;0,00;12,81;13,07;13,38;13,72;14,04;0,00;0,00;0,00;0,00;15,77;15,84;15,88
48026;Dima;0,00;0,00;0,00;0,00;0,00;0,00;0,00;0,00;0,00;0,00;0,00;0,00;0,00;0,00;0,00;0,00;0,00;0,00;0,00;0,00;0,00
20069;Donostia / San Sebastián;0,38;0,39;0,39;0,39;0,77;0,39;0,39;0,39;0,39;0,00;1,00;1,26;1,26;1,26;1,83;2,13;2,62;3,20;3,21;3,17;3,11
48027;Durango;0,00;0,00;0,00;0,00;0,00;0,00;0,00;0,00;5,88;6,80;6,81;6,85;6,89;0,92;0,00;0,00;2,59;2,62;2,66;2,67;2,69
48028;Ea;0,00;0,00;0,00;0,00;0,00;0,00;0,00;0,00;0,00;0,00;0,00;0,00;0,00;0,00;0,00;0,00;0,00;0,00;0,00;0,00;0,00
20030;Eibar;0,00;0,00;0,00;1,62;1,62;1,62;3,79;3,78;2,17;2,17;2,17;0,00;0,00;0,44;2,45;2,44;4,60;4,57;4,10;2,13;2,12
48031;Elantxobe;0,00;0,00;0,00;0,00;0,00;0,00;0,00;0,00;0,00;0,00;0,00;0,00;0,00;0,00;0,00;0,00;0,00;0,00;0,00;0,00;0,00
01021;Elburgo/Burgelu;0,00;0,00;0,00;0,00;0,00;0,00;0,00;0,00;0,00;0,00;0,00;0,00;0,00;0,00;0,00;0,00;0,00;0,00;0,00;0,00;0,00
01022;Elciego;0,00;0,00;0,00;0,00;0,00;0,00;0,00;0,00;0,00;0,00;0,00;0,00;0,00;0,00;0,00;0,00;3,02;21,28;21,34;21,34;21,41
20031;Elduain;0,00;0,00;0,00;0,00;0,00;0,00;0,00;0,00;0,00;0,00;0,00;0,00;0,00;0,00;0,00;0,00;0,00;0,00;0,00;0,00;0,00
20033;Elgeta;0,00;0,00;0,00;0,00;0,00;0,00;0,00;0,00;0,00;0,00;0,00;0,00;0,00;0,00;0,00;0,00;0,00;0,00;0,00;0,00;0,00
20032;Elgoibar;0,00;0,00;0,00;1,30;2,69;2,70;2,71;2,72;1,41;6,18;6,21;6,26;6,32;6,39;0,00;9,22;9,27;24,32;24,34;24,35;15,02
48032;Elorrio;0,00;0,00;0,00;0,00;0,00;0,00;0,00;0,00;0,00;3,30;3,30;8,16;8,20;8,25;4,93;4,97;0,00;0,00;0,00;0,00;0,00
01023;Elvillar/Bilar;0,00;0,00;0,00;0,00;0,00;0,00;0,00;0,00;0,00;0,00;0,00;0,00;0,00;0,00;0,00;0,00;0,00;0,00;0,00;0,00;0,00
48902;Erandio;0,00;0,00;0,00;0,00;0,00;0,00;0,00;0,00;0,00;0,00;0,00;0,00;0,00;0,00;0,00;0,00;0,00;4,87;4,90;4,92;4,94
48033;Ereño;0,00;0,00;0,00;0,00;0,00;0,00;0,00;0,00;0,00;0,00;0,00;0,00;0,00;0,00;0,00;0,00;0,00;0,00;0,00;0,00;0,00
48034;Ermua;0,00;0,00;0,00;0,00;0,00;0,00;3,54;3,54;3,52;3,52;3,51;0,00;0,00;3,58;3,58;8,51;8,49;8,45;4,87;4,85;0,00
20067;Errenteria;1,28;1,28;1,27;0,00;0,00;0,00;0,00;0,75;0,76;0,76;0,77;0,77;0,00;1,63;4,81;4,83;4,83;4,83;3,18;0,00;0,00
20066;Errezil;0,00;0,00;0,00;0,00;0,00;0,00;0,00;0,00;0,00;0,00;0,00;0,00;0,00;0,00;0,00;0,00;0,00;0,00;0,00;0,00;0,00
01046;Erriberagoitia/Ribera Alta;0,00;0,00;0,00;0,00;0,00;0,00;0,00;0,00;0,00;0,00;0,00;0,00;0,00;0,00;0,00;0,00;0,00;0,00;0,00;0,00;0,00
48079;Errigoiti;0,00;0,00;0,00;0,00;0,00;0,00;0,00;0,00;0,00;0,00;0,00;0,00;0,00;0,00;0,00;0,00;0,00;0,00;0,00;0,00;0,00
20034;Eskoriatza;0,00;0,00;0,00;0,00;0,00;0,00;0,00;0,00;0,00;0,00;0,00;0,00;7,70;7,76;7,82;10,93;11,02;3,08;3,08;3,08;4,10
48029;Etxebarri;0,00;0,00;0,00;0,00;0,00;0,00;0,00;0,00;0,00;0,00;1,11;1,15;1,21;4,95;5,16;19,74;20,15;20,52;16,71;22,17;5,38
48030;Etxebarria;0,00;0,00;0,00;0,00;0,00;0,00;0,00;0,00;0,00;0,00;0,00;0,00;0,00;0,00;0,00;0,00;0,00;0,00;0,00;0,00;0,00
20035;Ezkio-Itsaso;0,00;0,00;0,00;0,00;0,00;0,00;0,00;0,00;0,00;0,00;0,00;0,00;0,00;0,00;0,00;0,00;0,00;0,00;0,00;0,00;0,00
48906;Forua;0,00;0,00;0,00;0,00;0,00;0,00;0,00;0,00;0,00;0,00;0,00;0,00;0,00;0,00;0,00;0,00;0,00;0,00;0,00;0,00;0,00
48035;Fruiz;0,00;0,00;0,00;0,00;0,00;0,00;0,00;0,00;0,00;0,00;0,00;0,00;0,00;0,00;0,00;0,00;0,00;0,00;0,00;0,00;0,00
20038;Gabiria;0,00;0,00;0,00;0,00;0,00;0,00;0,00;0,00;0,00;0,00;0,00;0,00;0,00;0,00;0,00;0,00;0,00;0,00;0,00;0,00;0,00
20037;Gaintza;0,00;0,00;0,00;0,00;0,00;0,00;0,00;0,00;0,00;0,00;0,00;0,00;0,00;0,00;0,00;0,00;0,00;0,00;0,00;0,00;0,00
48036;Galdakao;0,00;0,00;0,00;0,00;0,00;0,00;0,00;0,00;0,00;0,00;0,00;0,00;0,00;0,00;0,00;0,00;0,00;0,00;0,00;0,00;0,00
48037;Galdames;0,00;0,00;0,00;0,00;0,00;0,00;0,00;0,00;0,00;0,00;0,00;0,00;0,00;0,00;0,00;0,00;0,00;0,00;0,00;0,00;0,00
48038;Gamiz-Fika;0,00;0,00;0,00;0,00;0,00;0,00;0,00;0,00;0,00;0,00;0,00;0,00;0,00;0,00;0,00;0,00;0,00;0,00;0,00;0,00;0,00
48039;Garai;0,00;0,00;0,00;0,00;0,00;0,00;0,00;0,00;0,00;0,00;0,00;0,00;0,00;0,00;0,00;0,00;0,00;0,00;0,00;0,00;0,00
48040;Gatika;0,00;0,00;0,00;0,00;0,00;0,00;0,00;0,00;0,00;0,00;0,00;0,00;0,00;0,00;0,00;0,00;0,00;0,00;0,00;0,00;0,00
48041;Gautegiz Arteaga;0,00;0,00;0,00;0,00;0,00;0,00;0,00;0,00;0,00;0,00;0,00;0,00;0,00;0,00;0,00;0,00;0,00;0,00;0,00;0,00;0,00
20907;Gaztelu;0,00;0,00;0,00;0,00;0,00;0,00;0,00;0,00;0,00;0,00;0,00;0,00;0,00;0,00;0,00;0,00;0,00;0,00;0,00;0,00;0,00
48046;Gernika-Lumo;0,00;0,00;0,00;0,00;0,00;0,00;0,00;3,14;3,15;3,17;5,02;10,35;7,20;7,25;7,32;5,48;0,00;0,00;0,00;5,64;5,65
20039;Getaria;0,00;0,00;0,00;0,00;0,00;0,00;0,00;0,00;0,00;0,00;0,00;0,00;0,00;0,00;0,00;0,00;0,00;0,00;0,00;0,00;0,00
48044;Getxo;0,00;0,00;0,00;0,00;0,00;0,00;0,00;0,00;0,00;0,00;0,00;0,00;0,00;0,00;0,00;0,00;0,45;0,45;0,45;0,45;0,45
48047;Gizaburuaga;0,00;0,00;0,00;0,00;0,00;0,00;0,00;0,00;0,00;0,00;0,00;0,00;0,00;0,00;0,00;0,00;0,00;0,00;0,00;0,00;0,00
48042;Gordexola;0,00;0,00;0,00;0,00;0,00;0,00;0,00;0,00;0,00;0,00;0,00;0,00;0,00;0,00;0,00;0,00;0,00;0,00;0,00;0,00;0,00
48043;Gorliz;0,00;0,00;0,00;0,00;0,00;0,00;0,00;0,00;0,00;0,00;0,00;0,00;0,00;0,00;0,00;0,00;0,00;0,00;0,00;0,00;0,00
48045;Güeñes;0,00;0,00;0,00;0,00;0,00;0,00;0,00;0,00;0,00;0,00;0,00;0,00;0,00;0,00;0,00;0,00;1,97;2,01;2,03;2,05;2,06
01056;Harana/Valle de Arana;0,00;0,00;0,00;0,00;0,00;0,00;0,00;0,00;0,00;0,00;0,00;0,00;0,00;0,00;0,00;0,00;0,00;0,00;0,00;0,00;0,00
20040;Hernani;0,00;0,00;0,00;1,00;2,71;5,38;9,81;11,20;18,97;18,58;15,98;11,54;10,21;1,26;0,00;0,00;2,88;8,03;8,07;8,09;20,20
20041;Hernialde;0,00;0,00;0,00;0,00;0,00;0,00;0,00;0,00;0,00;0,00;0,00;0,00;0,00;0,00;0,00;0,00;0,00;0,00;0,00;0,00;0,00
20036;Hondarribia;0,00;1,94;1,94;1,93;1,93;3,81;1,89;3,39;3,42;3,45;1,52;1,53;0,00;0,00;0,00;0,00;0,00;0,00;0,00;0,00;0,00
20042;Ibarra;0,00;0,00;0,00;0,00;0,00;0,00;0,00;0,00;0,00;0,00;0,00;0,00;0,00;0,00;0,00;0,00;8,02;13,71;13,78;26,67;26,75
48048;Ibarrangelu;0,00;0,00;0,00;0,00;0,00;0,00;0,00;0,00;0,00;0,00;0,00;0,00;0,00;0,00;0,00;0,00;0,00;0,00;0,00;0,00;0,00
20043;Idiazabal;0,00;0,00;0,00;0,00;0,00;0,00;0,00;0,00;0,00;0,00;0,00;0,00;0,00;0,00;2,78;2,81;2,85;2,88;2,92;0,00;0,00
48094;Igorre;0,00;0,00;0,00;0,00;0,00;0,00;0,00;0,00;0,00;0,00;0,00;0,00;0,00;0,00;0,00;0,00;0,00;0,00;0,00;0,00;0,00
20044;Ikaztegieta;0,00;0,00;0,00;0,00;0,00;0,00;0,00;0,00;0,00;0,00;0,00;0,00;0,00;0,00;0,00;0,00;0,00;0,00;0,00;0,00;0,00
20045;Irun;0,57;1,10;1,63;1,34;1,34;1,34;1,58;1,04;0,77;0,77;0,77;0,00;0,55;0,55;0,55;0,55;0,56;4,86;4,91;4,94;4,97
20046;Irura;0,00;0,00;0,00;0,00;0,00;0,00;0,00;0,00;0,00;0,00;0,00;0,00;0,00;0,00;0,00;0,00;0,00;0,00;0,00;0,00;0,00
01027;Iruraiz-Gauna;0,00;0,00;0,00;0,00;0,00;0,00;0,00;0,00;0,00;0,00;0,00;0,00;0,00;0,00;0,00;0,00;0,00;0,00;0,00;0,00;0,00
01901;Iruña Oka/Iruña de Oca;0,00;0,00;0,00;0,00;0,00;3,62;3,67;3,72;3,79;10,23;6,49;27,87;29,01;30,09;40,39;42,17;17,97;18,50;19,08;0,00;0,00
48049;Ispaster;0,00;0,00;0,00;0,00;0,00;0,00;0,00;0,00;0,00;0,00;0,00;0,00;0,00;0,00;0,00;0,00;0,00;0,00;0,00;0,00;0,00
20047;Itsasondo;0,00;0,00;0,00;0,00;0,00;0,00;0,00;0,00;0,00;0,00;0,00;0,00;0,00;0,00;0,00;0,00;0,00;0,00;0,00;0,00;0,00
48910;Iurreta;0,00;0,00;0,00;0,00;0,00;0,00;0,00;0,00;0,00;0,00;0,00;0,00;0,00;0,00;0,00;0,00;0,00;0,00;0,00;0,00;0,00
48050;Izurtza;0,00;0,00;0,00;0,00;0,00;0,00;0,00;0,00;0,00;0,00;0,00;0,00;0,00;0,00;0,00;0,00;0,00;0,00;0,00;0,00;0,00
48022;Karrantza Harana/Valle de Carranza;0,00;0,00;0,00;0,00;0,00;0,00;0,00;0,00;0,00;0,00;0,00;0,00;0,00;0,00;0,00;0,00;0,00;0,00;0,00;0,00;0,00
48907;Kortezubi;0,00;0,00;0,00;0,00;0,00;0,00;0,00;0,00;0,00;0,00;0,00;0,00;0,00;0,00;0,00;0,00;0,00;0,00;0,00;0,00;0,00
01019;Kripan;0,00;0,00;0,00;0,00;0,00;0,00;0,00;0,00;0,00;0,00;0,00;0,00;0,00;0,00;0,00;0,00;0,00;0,00;0,00;0,00;0,00
01020;Kuartango;0,00;0,00;0,00;0,00;0,00;0,00;0,00;0,00;0,00;0,00;0,00;0,00;0,00;0,00;0,00;0,00;0,00;0,00;0,00;0,00;0,00
01028;Labastida/Bastida;0,00;0,00;0,00;0,00;0,00;0,00;0,00;0,00;0,00;0,00;0,00;0,00;0,00;0,00;0,00;0,00;0,00;0,00;0,00;5,95;6,01
01030;Lagrán;0,00;0,00;0,00;0,00;0,00;0,00;0,00;0,00;0,00;0,00;0,00;0,00;0,00;0,00;0,00;0,00;0,00;0,00;0,00;0,00;0,00
01031;Laguardia;0,00;0,00;0,00;0,00;0,00;0,00;0,00;0,00;0,00;0,00;0,00;0,00;0,00;0,00;0,00;0,00;0,00;0,00;0,00;0,00;7,67
01032;Lanciego/Lantziego;0,00;0,00;0,00;0,00;0,00;0,00;0,00;0,00;0,00;0,00;0,00;0,00;0,00;0,00;0,00;0,00;0,00;0,00;0,00;0,00;0,00
48051;Lanestosa;0,00;0,00;0,00;0,00;0,00;0,00;0,00;0,00;0,00;0,00;0,00;0,00;0,00;0,00;0,00;0,00;0,00;0,00;0,00;0,00;0,00
01902;Lantarón;0,00;0,00;0,00;0,00;0,00;0,00;0,00;0,00;0,00;0,00;0,00;0,00;0,00;0,00;0,00;0,00;0,00;0,00;0,00;0,00;0,00
01033;Lapuebla de Labarca;0,00;0,00;0,00;0,00;0,00;0,00;0,00;0,00;0,00;0,00;0,00;0,00;0,00;0,00;0,00;0,00;0,00;0,00;0,00;0,00;0,00
48052;Larrabetzu;0,00;0,00;0,00;0,00;0,00;0,00;0,00;0,00;0,00;0,00;0,00;0,00;0,00;0,00;0,00;0,00;0,00;0,00;0,00;0,00;0,00
20048;Larraul;0,00;0,00;0,00;0,00;0,00;0,00;0,00;0,00;0,00;0,00;0,00;0,00;0,00;0,00;0,00;0,00;0,00;0,00;0,00;0,00;0,00
20902;Lasarte-Oria;0,00;0,00;0,00;0,00;0,00;0,00;0,00;0,00;0,00;0,00;0,00;0,00;0,00;0,00;0,00;0,00;6,56;6,59;6,61;6,63;12,24
01036;Laudio/Llodio;0,00;0,00;0,00;0,00;0,00;0,00;0,00;0,00;0,00;1,29;10,65;10,68;10,70;10,73;10,96;7,09;7,09;7,09;7,07;7,29;1,74
48053;Laukiz;0,00;0,00;0,00;0,00;0,00;0,00;0,00;0,00;0,00;0,00;0,00;0,00;0,00;0,00;0,00;0,00;0,00;0,00;0,00;0,00;0,00
20049;Lazkao;0,00;0,00;0,00;0,00;0,00;0,00;0,00;0,00;0,00;0,00;0,00;0,00;0,00;0,00;0,00;0,00;0,00;3,21;3,25;3,26;6,34
20050;Leaburu;0,00;0,00;0,00;0,00;0,00;0,00;0,00;0,00;0,00;0,00;0,00;0,00;0,00;0,00;0,00;0,00;0,00;0,00;0,00;0,00;0,00
20051;Legazpi;0,00;0,00;0,00;0,00;0,00;0,00;0,00;0,00;0,00;0,00;0,00;0,00;0,00;0,00;0,00;0,00;0,00;8,12;8,08;8,06;8,04
20052;Legorreta;0,00;0,00;0,00;0,00;0,00;0,00;0,00;0,00;0,00;0,00;0,00;8,08;8,19;8,33;8,45;8,57;0,00;21,75;21,87;21,93;21,93
01058;Legutio;21,78;22,35;0,00;0,00;0,00;0,00;9,31;9,28;30,36;30,64;30,92;21,78;22,26;0,00;0,00;0,00;5,39;5,54;5,67;5,74;5,81
20068;Leintz-Gatzaga;0,00;0,00;0,00;0,00;0,00;0,00;0,00;0,00;0,00;0,00;0,00;0,00;0,00;0,00;0,00;0,00;0,00;0,00;0,00;0,00;0,00
48054;Leioa;0,00;3,21;3,23;3,26;3,27;3,29;6,29;9,24;9,26;9,29;9,33;4,91;1,94;5,16;5,23;9,22;7,28;11,35;12,68;12,72;8,69
48057;Lekeitio;0,00;0,00;0,00;0,00;0,00;0,00;0,00;0,00;0,00;0,00;0,00;0,00;0,00;0,00;0,00;0,00;15,95;15,97;15,93;15,91;15,87
48055;Lemoa;0,00;0,00;0,00;0,00;0,00;0,00;0,00;0,00;0,00;0,00;0,00;0,00;0,00;0,00;0,00;0,00;0,00;0,00;0,00;0,00;0,00
48056;Lemoiz;0,00;0,00;0,00;0,00;0,00;0,00;0,00;0,00;0,00;0,00;0,00;0,00;0,00;0,00;0,00;0,00;0,00;0,00;0,00;0,00;0,00
01034;Leza;0,00;0,00;0,00;0,00;0,00;0,00;0,00;0,00;0,00;0,00;0,00;0,00;0,00;0,00;0,00;0,00;0,00;0,00;0,00;0,00;0,00
48081;Lezama;0,00;0,00;0,00;0,00;0,00;0,00;0,00;0,00;0,00;0,00;0,00;0,00;0,00;0,00;0,00;0,00;0,00;0,00;0,00;0,00;0,00
20053;Lezo;0,00;0,00;0,00;0,00;0,00;0,00;0,00;0,00;0,00;0,00;0,00;0,00;0,00;0,00;0,00;0,00;0,00;0,00;0,00;15,15;15,14
20054;Lizartza;0,00;0,00;0,00;0,00;0,00;0,00;0,00;0,00;0,00;0,00;0,00;0,00;0,00;0,00;0,00;0,00;0,00;0,00;0,00;0,00;0,00
48903;Loiu;0,00;0,00;0,00;0,00;0,00;0,00;0,00;0,00;0,00;0,00;0,00;0,00;0,00;0,00;0,00;63,59;64,37;64,56;66,20;66,70;0,00
48058;Mallabia;0,00;0,00;0,00;0,00;0,00;0,00;0,00;0,00;0,00;0,00;0,00;0,00;0,00;0,00;0,00;0,00;0,00;0,00;0,00;0,00;0,00
48060;Markina-Xemein;0,00;0,00;0,00;0,00;0,00;0,00;0,00;0,00;0,00;0,00;0,00;0,00;0,00;0,00;0,00;0,00;0,00;0,00;0,00;0,00;0,00
48061;Maruri-Jatabe;0,00;0,00;0,00;0,00;0,00;0,00;0,00;0,00;0,00;0,00;0,00;0,00;0,00;0,00;0,00;0,00;0,00;0,00;0,00;0,00;0,00
48059;Mañaria;0,00;0,00;0,00;0,00;0,00;0,00;0,00;0,00;0,00;0,00;0,00;0,00;0,00;0,00;0,00;0,00;0,00;0,00;0,00;0,00;0,00
20901;Mendaro;0,00;0,00;0,00;0,00;0,00;0,00;0,00;0,00;0,00;0,00;0,00;0,00;0,00;0,00;0,00;0,00;0,00;0,00;0,00;0,00;0,00
48062;Mendata;0,00;0,00;0,00;0,00;0,00;0,00;0,00;0,00;0,00;0,00;0,00;0,00;0,00;0,00;0,00;0,00;0,00;0,00;0,00;0,00;0,00
48063;Mendexa;0,00;0,00;0,00;0,00;0,00;0,00;0,00;0,00;0,00;0,00;0,00;0,00;0,00;0,00;0,00;0,00;0,00;0,00;0,00;0,00;0,00
48064;Meñaka;0,00;0,00;0,00;0,00;0,00;0,00;0,00;0,00;0,00;0,00;0,00;0,00;0,00;0,00;0,00;0,00;0,00;0,00;0,00;0,00;0,00
01039;Moreda de Álava / Moreda Araba;0,00;0,00;0,00;0,00;0,00;0,00;0,00;0,00;0,00;0,00;0,00;0,00;0,00;0,00;0,00;0,00;0,00;0,00;0,00;0,00;0,00
48066;Morga;0,00;0,00;0,00;0,00;0,00;0,00;0,00;0,00;0,00;0,00;0,00;0,00;0,00;0,00;0,00;0,00;0,00;0,00;0,00;0,00;0,00
48068;Mundaka;0,00;0,00;0,00;0,00;0,00;0,00;0,00;0,00;0,00;0,00;0,00;0,00;0,00;0,00;0,00;0,00;0,00;0,00;0,00;0,00;0,00
48069;Mungia;0,00;0,00;0,00;0,00;0,00;0,00;0,00;0,00;0,00;0,00;0,00;0,00;0,00;0,00;0,00;0,00;0,00;0,00;0,00;0,00;0,00
48007;Munitibar-Arbatzegi Gerrikaitz-;0,00;0,00;0,00;0,00;0,00;0,00;0,00;0,00;0,00;0,00;0,00;0,00;0,00;0,00;0,00;51,95;52,36;52,08;51,81;51,68;0,00
48908;Murueta;0,00;0,00;0,00;0,00;0,00;0,00;0,00;0,00;0,00;0,00;0,00;0,00;0,00;0,00;0,00;0,00;0,00;0,00;0,00;0,00;0,00
48071;Muskiz;0,00;0,00;0,00;0,00;0,00;0,00;0,00;0,00;0,00;5,39;5,44;11,01;11,17;16,82;25,09;42,45;46,47;46,82;52,00;37,81;20,34
20057;Mutiloa;0,00;0,00;0,00;0,00;0,00;0,00;0,00;0,00;0,00;0,00;0,00;0,00;0,00;0,00;0,00;0,00;0,00;0,00;0,00;0,00;0,00
20056;Mutriku;0,00;0,00;0,00;0,00;0,00;0,00;0,00;0,00;14,48;14,67;37,30;37,77;38,13;23,13;23,31;0,00;0,00;0,00;0,00;0,00;0,00
48067;Muxika;0,00;0,00;0,00;0,00;0,00;0,00;0,00;0,00;0,00;0,00;0,00;0,00;0,00;0,00;0,00;0,00;0,00;0,00;0,00;0,00;0,00
48909;Nabarniz;0,00;0,00;0,00;0,00;0,00;0,00;0,00;0,00;0,00;0,00;0,00;0,00;0,00;0,00;0,00;0,00;0,00;0,00;0,00;0,00;0,00
01041;Navaridas;0,00;0,00;0,00;0,00;0,00;0,00;0,00;0,00;0,00;0,00;0,00;0,00;0,00;0,00;0,00;0,00;0,00;0,00;0,00;0,00;0,00
20063;Oiartzun;0,00;0,00;0,00;0,00;0,00;0,00;0,00;0,00;0,00;0,00;0,00;0,00;0,00;5,31;5,34;5,38;5,41;5,44;0,00;0,00;0,00
01042;Okondo;0,00;0,00;0,00;0,00;0,00;0,00;0,00;0,00;0,00;0,00;0,00;75,27;76,50;78,07;79,17;80,31;0,00;0,00;29,50;30,14;31,04
20058;Olaberria;0,00;0,00;0,00;0,00;0,00;0,00;0,00;0,00;0,00;0,00;0,00;0,00;0,00;0,00;0,00;0,00;0,00;0,00;0,00;0,00;0,00
48073;Ondarroa;0,00;0,00;0,00;0,00;0,00;0,00;0,00;0,00;0,00;0,00;0,00;0,00;0,00;0,00;0,00;0,00;0,00;0,00;0,00;0,00;0,00
20076;Ordizia;0,00;0,00;0,00;0,00;0,00;0,00;0,00;0,00;0,00;0,00;0,00;0,00;0,00;0,00;0,00;0,00;0,00;0,00;0,00;0,00;0,00
20905;Orendain;0,00;0,00;0,00;0,00;0,00;0,00;0,00;0,00;0,00;0,00;0,00;0,00;0,00;0,00;0,00;0,00;0,00;0,00;0,00;0,00;0,00
20060;Orexa;0,00;0,00;0,00;0,00;0,00;0,00;0,00;0,00;0,00;0,00;0,00;0,00;0,00;0,00;0,00;0,00;0,00;0,00;0,00;0,00;0,00
20061;Orio;0,99;0,00;0,00;0,00;0,00;0,00;0,00;0,00;0,00;0,00;0,00;0,00;0,00;0,00;0,00;0,00;0,00;0,00;0,00;7,00;7,04
20062;Ormaiztegi;0,00;0,00;0,00;0,00;0,00;0,00;0,00;0,00;0,00;0,00;0,00;0,00;0,00;0,00;0,00;0,00;0,00;0,00;0,00;0,00;0,00
48075;Orozko;0,00;0,00;0,00;0,00;0,00;0,00;0,00;0,00;0,00;0,00;0,00;0,00;0,00;0,00;0,00;0,00;0,00;0,00;0,00;0,00;0,00
48083;Ortuella;20,11;20,15;20,17;10,07;0,00;0,00;0,00;8,81;8,81;8,81;8,79;8,77;0,00;0,00;0,00;0,00;0,00;0,00;0,00;0,00;0,00
48072;Otxandio;0,00;0,00;0,00;0,00;0,00;0,00;0,00;0,00;0,00;0,00;0,00;0,00;0,00;0,00;0,00;0,00;21,41;21,80;22,12;22,26;22,33
01043;Oyón-Oion;0,00;0,00;0,00;0,00;0,00;0,00;0,00;0,00;0,00;0,00;0,00;0,00;0,00;0,00;0,00;0,00;0,71;2,22;2,31;2,36;2,42
20059;Oñati;0,00;0,00;0,00;0,00;0,00;0,00;0,00;0,00;0,00;0,00;0,00;0,00;0,00;0,00;0,00;0,00;0,00;0,00;1,13;1,13;1,13
20064;Pasaia;0,00;0,00;0,00;0,00;0,00;1,88;1,88;1,89;10,69;10,74;8,87;9,41;9,44;0,50;0,50;0,50;0,00;0,00;0,00;0,00;0,00
01044;Peñacerrada-Urizaharra;0,00;0,00;0,00;0,00;0,00;0,00;0,00;0,00;0,00;0,00;0,00;0,00;0,00;0,00;0,00;0,00;0,00;0,00;0,00;0,00;0,00
48077;Plentzia;0,00;0,00;0,00;0,00;0,00;0,00;0,00;0,00;0,00;0,00;0,00;0,00;0,00;0,00;0,00;0,00;0,00;5,09;5,20;5,27;5,34
48078;Portugalete;0,00;0,00;0,00;0,00;0,69;0,69;0,68;0,68;0,68;0,00;0,00;0,00;0,00;0,00;0,00;0,00;4,80;4,75;5,10;5,08;5,04
01047;Ribera Baja/Erribera Beitia;0,00;0,00;0,00;0,00;0,00;0,00;0,00;0,00;0,00;0,00;0,00;0,00;0,00;0,00;0,00;0,00;0,00;0,00;0,00;0,00;0,00
01051;Salvatierra/Agurain;0,00;0,00;0,00;0,00;0,00;0,00;0,00;0,00;0,00;0,00;0,00;0,00;0,00;0,00;0,00;0,00;0,00;0,00;0,00;0,73;0,74
01052;Samaniego;0,00;0,00;0,00;0,00;0,00;0,00;0,00;0,00;0,00;0,00;0,00;0,00;0,00;0,00;0,00;0,00;0,00;0,00;0,00;0,00;0,00
01053;San Millán/Donemiliaga;0,00;0,00;0,00;0,00;0,00;0,00;0,00;0,00;0,00;0,00;0,00;0,00;0,00;0,00;0,00;0,00;0,00;0,00;0,00;0,00;0,00
48082;Santurtzi;5,00;4,07;4,07;2,67;0,70;0,70;0,69;0,69;1,03;0,34;0,34;0,34;0,34;0,00;0,00;0,00;0,00;0,00;0,00;0,00;0,00
20070;Segura;0,00;0,00;0,00;0,00;0,00;0,00;0,00;0,00;0,00;0,00;0,00;0,00;0,00;0,00;0,00;8,49;8,61;8,64;8,65;8,66;0,00
48084;Sestao;3,65;3,65;5,55;3,81;1,90;1,89;1,88;0,00;9,59;9,49;10,20;10,12;10,04;0,78;0,78;3,04;3,01;2,98;2,93;4,04;1,12
48904;Sondika;0,00;0,00;0,00;0,00;0,00;0,00;0,00;0,00;0,00;19,56;19,59;19,64;19,74;19,90;0,00;0,00;0,00;0,00;0,00;0,00;0,00
48085;Sopela;0,00;0,00;0,00;0,00;0,00;0,00;0,00;0,00;0,00;0,00;0,00;0,00;0,00;0,00;6,27;6,36;6,46;6,59;6,71;0,00;0,00
48086;Sopuerta;0,00;0,00;0,00;0,00;0,00;0,00;0,00;0,00;0,00;0,00;0,00;0,00;0,00;0,00;0,00;0,00;19,07;19,21;42,43;42,56;42,73
20065;Soraluze-Placencia de las Armas;0,00;0,00;0,00;0,00;0,00;0,00;0,00;0,00;0,00;0,00;0,00;4,06;4,05;12,62;12,55;12,45;8,41;8,37;0,00;0,00;0,00
48076;Sukarrieta;0,00;0,00;0,00;0,00;0,00;0,00;0,00;0,00;0,00;0,00;0,00;0,00;0,00;0,00;0,00;0,00;0,00;0,00;0,00;0,00;0,00
20071;Tolosa;0,00;0,00;0,00;0,00;0,00;0,00;0,00;0,00;0,00;2,01;2,03;2,94;2,97;2,99;3,40;3,41;3,99;3,99;3,99;1,48;1,48
48087;Trucios-Turtzioz;0,00;0,00;0,00;0,00;0,00;0,00;0,00;0,00;0,00;0,00;0,00;0,00;0,00;0,00;0,00;0,00;0,00;0,00;0,00;0,00;0,00
48088;Ubide;0,00;0,00;0,00;0,00;0,00;0,00;0,00;0,00;0,00;0,00;0,00;0,00;0,00;0,00;0,00;0,00;0,00;0,00;0,00;0,00;0,00
48065;Ugao-Miraballes;0,00;0,00;0,00;0,00;0,00;0,00;0,00;0,00;0,00;0,00;0,00;0,00;13,46;28,49;28,57;28,61;28,61;15,05;0,00;0,00;0,00
48089;Urduliz;0,00;0,00;0,00;0,00;0,00;0,00;0,00;0,00;0,00;0,00;0,00;0,00;0,00;0,00;0,00;0,00;0,00;0,00;0,00;0,00;0,00
48074;Urduña/Orduña;0,00;0,00;0,00;0,00;0,00;0,00;0,00;0,00;0,00;0,00;0,00;0,00;0,00;0,00;0,00;0,00;0,00;0,00;0,00;0,00;0,00
01054;Urkabustaiz;0,00;0,00;0,00;0,00;0,00;0,00;0,00;0,00;0,00;0,00;0,00;10,96;22,75;23,67;24,58;25,36;13,13;0,00;0,00;0,00;0,00
20072;Urnieta;0,00;0,00;0,00;0,00;0,00;0,00;0,00;0,00;0,00;0,00;0,00;0,00;0,00;15,04;15,18;15,37;15,52;15,69;0,00;0,00;0,00
20077;Urretxu;0,00;0,00;0,00;0,00;0,00;0,00;0,00;0,00;0,00;0,00;0,00;0,00;0,00;0,00;0,00;0,00;0,00;3,35;3,38;3,40;3,41
20073;Usurbil;0,00;0,00;0,00;0,00;0,00;0,00;0,00;0,00;0,00;0,00;0,00;0,00;0,00;0,00;0,00;0,00;0,00;0,00;0,00;0,00;0,00
01055;Valdegovía/Gaubea;0,00;0,00;0,00;0,00;0,00;0,00;0,00;0,00;0,00;0,00;0,00;0,00;0,00;0,00;0,00;0,00;0,00;0,00;0,00;0,00;0,00
48080;Valle de Trápaga-Trapagaran;0,00;0,00;0,00;0,00;0,00;0,00;0,00;0,00;0,00;0,00;0,00;0,00;0,00;0,00;0,00;2,99;2,98;4,01;4,01;4,00;1,04
20075;Villabona;0,00;0,00;0,00;0,00;0,00;0,00;0,00;0,00;0,00;0,00;0,00;0,00;0,00;0,00;0,00;0,00;0,00;0,00;0,00;0,00;0,00
01057;Villabuena de Álava/Eskuernaga;0,00;0,00;0,00;0,00;0,00;0,00;0,00;0,00;0,00;0,00;0,00;0,00;0,00;0,00;0,00;0,00;0,00;0,00;0,00;0,00;0,00
01059;Vitoria-Gasteiz;1,39;0,76;0,34;0,72;0,56;1,59;1,60;1,60;1,73;4,81;6,34;7,58;7,65;10,63;9,40;11,27;14,63;18,36;16,17;14,31;11,61
01060;Yécora/Iekora;0,00;0,00;0,00;0,00;0,00;0,00;0,00;0,00;0,00;0,00;0,00;0,00;0,00;0,00;0,00;0,00;0,00;0,00;0,00;0,00;0,00
48095;Zaldibar;0,00;0,00;0,00;0,00;0,00;0,00;0,00;0,00;0,00;0,00;0,00;0,00;0,00;0,00;0,00;4,22;4,27;4,30;4,32;4,33;0,00
20078;Zaldibia;0,00;0,00;0,00;0,00;0,00;0,00;0,00;0,00;0,00;0,00;0,00;0,00;0,00;0,00;0,00;0,00;0,00;0,00;0,00;0,00;0,00
01061;Zalduondo;0,00;0,00;0,00;0,00;0,00;0,00;0,00;0,00;0,00;0,00;0,00;0,00;0,00;0,00;0,00;0,00;0,00;0,00;0,00;0,00;0,00
48096;Zalla;0,00;0,00;0,00;0,00;0,00;0,00;0,00;0,00;0,00;0,00;0,00;8,76;8,84;8,91;8,97;9,04;0,00;0,00;0,00;0,00;0,00
01062;Zambrana;0,00;0,00;0,00;0,00;0,00;0,00;0,00;0,00;0,00;0,00;0,00;0,00;0,00;10,93;11,11;11,20;11,30;11,30;0,00;0,00;0,00
48905;Zamudio;0,00;0,00;0,00;0,00;0,00;0,00;0,00;0,00;0,00;0,00;0,00;0,00;0,00;0,00;0,00;0,00;0,00;0,00;0,00;0,00;0,00
48097;Zaratamo;0,00;0,00;0,00;0,00;0,00;0,00;0,00;0,00;0,00;0,00;0,00;0,00;0,00;0,00;0,00;0,00;0,00;0,00;0,00;0,00;0,00
20079;Zarautz;0,00;0,00;1,29;1,29;1,30;1,30;1,31;0,00;0,00;0,00;0,00;0,00;0,00;0,00;0,00;0,00;0,00;2,61;2,64;5,70;5,74
48024;Zeanuri;0,00;0,00;0,00;0,00;0,00;0,00;0,00;0,00;0,00;0,00;0,00;0,00;0,00;0,00;0,00;0,00;0,00;0,00;0,00;0,00;0,00
48025;Zeberio;0,00;0,00;0,00;0,00;0,00;0,00;0,00;0,00;0,00;0,00;0,00;0,00;0,00;0,00;0,00;0,00;0,00;0,00;0,00;0,00;0,00
20025;Zegama;0,00;0,00;0,00;0,00;0,00;0,00;0,00;0,00;0,00;0,00;0,00;0,00;0,00;0,00;0,00;0,00;0,00;0,00;0,00;0,00;0,00
20026;Zerain;0,00;0,00;0,00;0,00;0,00;0,00;0,00;0,00;0,00;0,00;0,00;0,00;0,00;0,00;0,00;0,00;0,00;0,00;0,00;0,00;0,00
20027;Zestoa;0,00;0,00;0,00;0,00;0,00;0,00;0,00;9,49;9,54;9,65;9,77;9,92;0,00;0,00;0,00;0,00;0,00;0,00;0,00;0,00;0,00
48913;Zierbena;0,00;0,00;0,00;0,00;0,00;0,00;0,00;0,00;0,00;0,00;0,00;0,00;0,00;0,00;0,00;0,00;0,00;0,00;0,00;0,00;0,00
01018;Zigoitia;0,00;0,00;0,00;0,00;0,00;0,00;0,00;0,00;0,00;0,00;0,00;0,00;0,00;0,00;0,00;0,00;0,00;0,00;0,00;5,81;20,51
48915;Ziortza-Bolibar;0,00;0,00;0,00;0,00;0,00;0,00;0,00;0,00;0,00;0,00;0,00;0,00;0,00;0,00;0,00;0,00;0,00;0,00;0,00;0,00;0,00
20028;Zizurkil;0,00;0,00;0,00;0,00;0,00;0,00;0,00;0,00;0,00;0,00;0,00;0,00;0,00;0,00;0,00;0,00;0,00;0,00;0,00;0,00;0,00
01063;Zuia;0,00;0,00;0,00;0,00;0,00;0,00;0,00;0,00;0,00;0,00;0,00;0,00;0,00;0,00;0,00;0,00;0,00;0,00;0,00;0,00;0,00
20081;Zumaia;0,00;0,00;0,00;0,00;0,00;0,00;0,00;0,00;0,00;0,00;0,00;0,00;0,00;0,00;0,00;0,00;0,00;0,00;0,00;0,00;0,00
20080;Zumarraga;0,00;0,00;0,00;0,00;0,00;0,00;0,00;0,00;0,00;0,00;0,00;4,25;4,26;4,27;4,27;4,29;10,41;10,40;10,38;10,37;10,35
