Indicadores municipales de sostenibilidad: Población extranjera (%);;;;;;;;;;;;;;;;;;;;;;;
"";;;;;;;;;;;;;;;;;;;;;;;
Resumen de datos;;;;;;;;;;;;;;;;;;;;;;;
Entidad;;2024;2023;2022;2021;2020;2019;2018;2017;2016;2015;2014;2013;2012;2011;2010;2009;2008;2007;2006;2005;2004;2003
Araba/Álava;;11,19;10,57;9,98;9,69;9,88;9,28;8,67;8,85;8,68;8,70;9,50;9,70;10,04;9,39;9,03;8,30;7,22;6,02;5,15;4,30;3,46;2,71
Bizkaia;;9,43;8,85;8,05;7,87;7,93;7,04;6,37;6,61;6,27;6,09;6,64;6,96;6,93;6,59;6,17;5,78;5,05;4,17;3,42;2,81;2,22;1,69
CAE;;9,84;9,27;8,54;8,34;8,41;7,62;6,98;7,15;6,88;6,71;7,21;7,39;7,34;6,95;6,54;6,12;5,32;4,36;3,61;2,94;2,37;1,84
Gipuzkoa;;9,86;9,34;8,63;8,46;8,49;7,78;7,18;7,25;7,03;6,79;7,11;7,05;6,78;6,42;6,02;5,70;4,94;3,93;3,24;2,55;2,14;1,73
"";;;;;;;;;;;;;;;;;;;;;;;
Detalle por comarcas;;;;;;;;;;;;;;;;;;;;;;;
Código comarca;Comarca;2024;2023;2022;2021;2020;2019;2018;2017;2016;2015;2014;2013;2012;2011;2010;2009;2008;2007;2006;2005;2004;2003
01100;Arabako Ibarrak / Valles Alaveses;8,67;8,15;8,11;8,25;8,49;8,12;7,26;7,96;7,27;7,42;8,34;8,90;7,92;7,23;6,62;5,80;5,04;4,51;3,60;3,02;2,05;1,55
01200;Arabako Lautada / Llanada Alavesa;11,91;11,28;10,65;10,31;10,53;9,88;9,27;9,43;9,32;9,35;10,24;10,45;10,90;10,15;9,80;8,99;7,77;6,44;5,59;4,69;3,81;3,02
01300;Arabako Mendialdea / Montaña Alavesa;6,40;5,67;5,70;5,38;5,39;5,68;4,81;5,62;4,26;4,02;5,00;6,50;6,33;5,86;6,12;5,94;6,24;5,20;4,46;4,74;3,70;2,29
48100;Arratia Nerbioi / Arratia-Nervión;9,17;8,66;8,12;7,95;7,65;6,99;6,01;5,93;5,42;5,18;5,83;6,45;6,29;6,07;5,76;5,34;5,11;3,59;3,09;2,64;2,01;1,29
20200;Bidasoa Beherea / Bajo Bidasoa;11,25;10,42;10,09;9,81;10,05;9,26;8,73;8,85;8,52;8,32;8,70;8,64;8,37;7,95;7,54;7,21;6,42;5,29;4,58;3,60;3,07;2,44
48200;Bilbo Handia / Gran Bilbao;9,66;9,02;8,16;7,94;7,99;7,00;6,31;6,60;6,25;6,08;6,66;6,95;6,93;6,66;6,22;5,81;5,02;4,18;3,46;2,84;2,24;1,71
20100;Deba Beherea / Bajo Deba;10,51;9,92;9,35;9,31;9,38;8,48;7,84;7,59;7,55;7,22;7,54;7,30;6,62;5,99;5,55;5,01;4,22;3,23;2,43;1,77;1,52;1,22
20300;Debagoiena / Alto Deba;8,75;8,09;7,19;6,93;6,78;6,19;5,82;5,80;5,62;5,69;6,17;5,79;5,40;4,95;4,63;4,30;3,70;3,05;2,24;1,59;1,17;0,91
20400;Donostialdea / Donostia-San Sebastián;9,56;9,10;8,28;8,06;8,14;7,45;6,77;7,06;6,78;6,47;6,87;6,92;6,69;6,37;5,93;5,66;4,90;4,03;3,50;2,93;2,54;2,07
48300;Durangaldea / Duranguesado;9,71;9,04;8,52;8,29;8,35;7,70;7,09;7,12;6,81;6,50;6,80;7,20;7,12;6,49;6,05;5,71;4,98;3,93;3,06;2,38;1,82;1,37
48400;Enkartazioak / Encartaciones;7,76;7,46;6,91;7,06;7,31;6,81;6,05;6,22;5,97;5,85;6,12;6,52;6,42;5,82;5,41;4,88;4,35;3,44;2,78;2,17;1,67;1,25
01400;Errioxa Arabarra / Rioja Alavesa;13,67;13,05;12,65;12,46;12,53;11,72;11,03;11,69;10,96;10,99;11,09;10,75;10,37;9,80;8,78;8,55;8,38;7,58;5,79;4,88;3,80;2,88
48500;Gernika-Bermeo;10,01;9,65;8,83;8,69;8,67;8,03;7,44;7,33;7,09;6,90;7,24;7,80;7,63;6,93;6,38;6,12;5,56;4,58;3,48;2,76;1,97;1,35
20500;Goierri;12,41;11,77;10,95;10,75;10,46;9,64;8,83;8,58;8,40;8,16;8,21;8,04;7,93;7,63;7,29;7,08;6,34;4,20;3,06;2,14;1,66;1,36
01500;Gorbeia Inguruak / Estribaciones del Gorbea;7,19;6,35;5,77;5,80;5,61;5,11;4,53;4,50;4,73;5,05;5,31;5,50;6,12;5,72;5,70;5,65;4,84;4,64;3,94;3,19;2,46;2,18
01600;Kantauri Arabarra / Cantábrica Alavesa;6,68;6,22;5,75;5,67;5,70;5,46;5,03;5,07;4,78;4,64;5,24;5,32;5,31;5,30;4,93;4,43;3,86;3,13;2,32;1,79;1,27;0,81
48600;Markina-Ondarroa;9,14;8,85;8,52;8,64;9,05;8,42;7,78;8,04;7,45;7,17;7,71;7,79;7,60;7,33;6,93;6,97;6,26;5,19;4,20;3,51;3,12;2,47
48700;Plentzia-Mungia;6,40;6,19;5,58;5,54;5,66;5,30;4,84;5,11;4,92;4,94;5,59;5,94;6,07;5,78;5,55;5,35;4,89;4,16;3,59;3,25;2,69;2,14
20600;Tolosaldea / Tolosa;9,80;9,29;8,68;8,53;8,53;7,69;7,05;6,85;6,58;6,37;6,26;6,18;5,64;5,20;4,84;4,33;3,58;2,77;2,24;1,52;1,21;1,01
20700;Urola-Kostaldea / Urola Costa;7,95;7,78;7,26;7,36;7,36;6,90;6,62;6,45;6,42;6,26;6,51;6,53;6,48;6,24;5,88;5,56;4,70;3,74;2,89;2,19;1,68;1,39
"";;;;;;;;;;;;;;;;;;;;;;;
Detalle por municipios;;;;;;;;;;;;;;;;;;;;;;;
Código municipio;Municipio;2024;2023;2022;2021;2020;2019;2018;2017;2016;2015;2014;2013;2012;2011;2010;2009;2008;2007;2006;2005;2004;2003
48001;Abadiño;7,53;7,08;6,51;5,47;5,58;5,04;4,61;4,88;5,14;5,11;5,23;5,18;4,91;4,40;4,64;4,35;3,78;2,99;2,52;1,89;1,15;0,90
20001;Abaltzisketa;8,63;6,85;4,28;1,95;1,59;1,22;2,55;3,44;2,87;3,45;4,39;3,12;2,20;2,87;3,18;1,90;1,59;1,32;0,68;0,68;0,68;0,68
48002;Abanto y Ciérvana-Abanto Zierbena;4,57;3,91;3,12;2,99;3,01;2,29;2,24;2,15;1,84;1,66;1,97;2,20;2,43;2,33;2,13;1,84;1,60;1,19;1,09;0,84;0,71;0,53
20002;Aduna;3,63;3,58;0,83;0,42;0,62;0,62;0,42;0,83;0,65;0,86;1,07;1,99;1,79;1,79;2,35;2,51;2,96;2,74;3,03;1,13;0,58;0,29
20016;Aia;6,58;6,66;5,60;5,21;5,04;5,31;4,50;4,84;4,45;4,05;4,33;4,38;4,90;4,35;5,79;5,06;3,32;2,98;2,73;2,18;1,35;1,04
20003;Aizarnazabal;7,23;6,28;5,98;6,74;6,89;6,42;5,87;6,37;8,09;9,80;10,74;10,40;9,62;9,01;8,04;8,66;9,91;10,56;5,96;6,55;3,96;1,94
48911;Ajangiz;1,73;2,80;1,94;1,50;1,82;1,99;1,09;1,30;1,08;1,77;1,54;0,68;1,99;2,66;2,04;1,83;1,60;1,38;2,08;1,87;1,18;1,41
20004;Albiztur;1,62;2,58;3,32;3,64;1,71;1,35;0,99;1,32;1,62;1,33;1,31;1,32;0,68;0,69;0,69;1,67;1,66;1,03;1,04;0,68;0,00;0,00
20005;Alegia;15,33;12,99;10,99;12,22;11,51;9,71;10,09;10,99;9,32;8,40;8,31;7,58;7,43;7,12;6,24;6,29;4,73;2,82;1,94;1,11;1,14;0,45
01001;Alegría-Dulantzi;10,28;10,22;10,77;10,01;10,76;8,39;9,09;9,63;8,00;8,11;9,54;8,97;9,41;9,04;7,08;6,79;5,42;4,58;3,63;3,29;3,36;1,92
20006;Alkiza;6,61;3,65;2,33;3,16;2,57;2,60;1,98;2,58;2,02;3,43;3,06;3,00;2,52;1,75;1,18;1,14;1,17;0,63;0,63;0,65;0,33;0,35
48912;Alonsotegi;9,58;7,37;7,43;6,31;5,74;5,47;4,29;4,86;4,38;4,39;5,36;4,95;4,90;3,61;3,38;3,44;2,71;2,10;1,97;1,62;1,55;1,10
20906;Altzaga;6,10;4,22;5,26;4,71;3,83;1,60;1,09;1,63;1,73;1,69;3,61;3,03;1,85;2,53;1,92;2,52;2,60;3,27;0,67;1,33;1,32;1,46
20007;Altzo;2,53;2,76;2,12;3,28;6,41;5,18;2,51;3,67;3,91;2,86;0,87;3,39;2,25;2,85;2,03;2,76;3,54;2,93;1,11;1,38;1,09;0,89
20008;Amezketa;4,46;4,78;4,52;4,96;4,67;4,96;5,42;4,89;5,75;5,10;6,43;5,65;5,02;4,84;6,73;6,05;4,64;1,17;1,04;0,42;0,42;0,32
48003;Amorebieta-Etxano;11,06;10,64;10,56;10,30;10,23;9,77;8,86;8,47;8,05;7,58;8,08;8,72;8,64;7,59;6,80;6,10;5,38;4,09;2,83;2,03;1,44;0,87
48004;Amoroto;3,38;2,61;3,33;3,20;3,61;3,18;4,06;4,30;2,91;1,75;2,21;1,77;2,01;2,72;2,47;2,72;2,74;2,22;2,00;1,99;0,99;1,70
01002;Amurrio;7,70;7,40;6,88;6,98;6,77;6,86;6,29;6,39;5,99;6,04;6,70;6,92;6,75;6,87;6,90;6,34;5,76;4,01;2,85;2,26;1,61;1,04
20009;Andoain;7,88;7,41;6,91;6,81;6,62;6,17;5,40;5,28;4,86;4,69;4,49;4,44;4,35;4,52;4,04;3,98;3,15;2,44;1,92;1,30;1,19;1,10
20010;Anoeta;8,23;8,30;8,70;8,81;8,82;8,64;7,27;6,78;7,67;6,03;6,02;5,72;4,75;4,86;5,33;5,42;4,04;2,79;2,06;1,66;1,60;1,26
20011;Antzuola;5,75;5,41;4,73;4,24;4,08;4,00;3,65;3,52;3,64;4,01;4,15;4,12;4,17;4,31;4,24;4,72;4,08;3,74;3,22;2,09;0,81;0,59
48005;Arakaldo;5,71;4,49;4,73;5,29;6,47;5,99;4,88;3,68;1,82;2,45;3,33;2,92;2,42;3,20;0,00;0,00;0,00;0,00;0,00;0,00;0,00;0,00
20012;Arama;10,81;10,26;10,61;10,73;10,29;7,92;8,13;8,53;8,57;9,86;8,64;8,64;6,00;4,06;8,41;3,61;1,62;0,00;0,00;0,00;0,00;0,00
01003;Aramaio;2,33;2,43;2,59;3,41;2,43;1,93;1,45;1,52;2,10;3,23;2,68;2,98;3,12;2,50;2,75;2,62;1,58;2,54;2,57;1,60;1,48;1,16
48006;Arantzazu;10,53;9,22;8,81;8,39;7,47;3,98;3,53;5,08;2,65;3,39;3,64;5,09;6,35;4,84;4,33;2,64;2,64;1,00;0,67;0,68;1,03;2,05
48093;Areatza;15,05;12,82;12,47;12,56;11,14;10,21;10,15;9,64;9,88;7,74;9,88;11,99;11,96;11,80;12,07;11,52;10,07;8,41;7,63;5,52;4,13;2,54
20013;Aretxabaleta;6,91;6,11;5,76;5,82;5,68;5,89;4,62;4,93;4,62;4,96;5,62;5,07;4,89;4,44;4,30;4,17;3,67;2,90;1,62;0,97;0,83;0,74
01006;Armiñón;8,82;7,11;7,02;7,59;4,93;4,93;5,14;8,44;6,31;8,37;6,52;5,50;3,35;3,48;2,01;0,00;0,00;0,00;0,00;0,00;0,87;0,00
01037;Arraia-Maeztu;7,50;6,17;5,62;4,03;3,83;4,78;4,06;5,97;4,46;3,68;3,24;3,83;3,93;4,84;5,77;5,79;6,54;4,51;4,65;5,10;5,01;3,18
48009;Arrankudiaga;5,54;3,76;2,93;3,66;3,44;3,43;2,26;1,67;1,09;1,31;1,62;1,74;2,77;2,65;2,48;1,98;1,57;1,06;0,95;0,84;0,73;0,49
20055;Arrasate/Mondragón;10,17;9,26;8,24;8,00;7,87;7,11;7,02;6,69;6,54;6,39;6,62;5,98;5,44;4,94;4,49;3,86;2,96;2,33;1,72;1,29;1,03;0,76
48914;Arratzu;3,44;5,97;4,95;4,83;3,66;4,10;3,86;3,66;3,44;3,94;3,49;3,84;2,58;2,34;2,40;2,72;2,29;1,45;1,14;0,86;0,88;0,86
01008;Arratzua-Ubarrundia;3,79;3,15;3,08;3,77;3,67;3,29;2,90;2,72;2,24;2,77;3,08;2,34;2,36;2,06;2,37;3,20;3,17;2,26;1,71;0,71;0,97;0,80
48010;Arrieta;4,58;4,90;4,25;3,55;4,44;4,06;3,28;2,91;3,42;3,71;4,75;4,63;5,11;4,65;3,60;3,29;3,48;3,45;1,28;1,11;0,74;0,94
48011;Arrigorriaga;6,48;6,06;5,42;5,45;5,34;4,55;4,24;4,19;3,83;3,84;4,05;4,43;4,58;4,53;4,13;4,03;3,72;3,04;2,48;1,98;1,65;1,23
48023;Artea;6,20;6,29;4,92;5,34;4,30;4,43;2,92;3,06;3,94;5,14;6,96;7,34;8,55;8,44;5,89;4,59;3,48;2,81;3,46;3,32;3,93;0,93
48008;Artzentales;2,20;2,52;2,54;3,09;2,38;2,17;2,68;2,80;3,14;2,09;2,24;3,06;6,91;7,02;6,15;4,28;2,55;1,32;1,17;1,19;0,75;0,45
01004;Artziniega;6,16;6,15;5,53;6,02;7,33;6,09;5,38;4,21;4,68;4,34;4,07;4,44;6,72;6,84;5,48;5,24;5,24;2,70;2,74;2,55;2,67;1,37
01009;Asparrena;9,08;9,56;9,45;9,35;8,85;7,89;7,03;6,54;5,50;6,05;6,93;8,43;8,97;8,08;8,20;7,05;5,40;4,01;3,55;2,92;2,16;1,80
20014;Asteasu;6,83;6,01;5,97;5,53;6,35;5,03;3,98;3,44;3,82;4,03;3,78;4,05;4,33;3,66;3,30;3,49;3,60;2,22;1,75;1,50;1,38;1,17
20903;Astigarraga;5,50;5,28;4,40;4,28;4,36;4,35;4,19;5,05;5,27;5,62;7,14;6,28;5,13;5,39;5,17;5,41;4,70;4,11;3,62;2,99;3,45;3,13
20015;Ataun;7,99;7,03;5,91;6,44;5,61;5,85;4,82;4,99;4,95;3,88;4,12;3,93;3,82;4,45;3,73;3,02;2,75;1,77;1,20;0,58;0,45;0,32
48091;Atxondo;6,69;6,13;5,74;6,26;6,50;6,15;5,87;4,99;3,85;3,41;3,80;4,24;4,38;3,85;3,63;3,78;3,22;2,79;2,96;1,93;1,59;1,21
48070;Aulesti;4,52;4,15;4,00;2,97;3,29;3,46;2,87;2,23;1,38;1,22;1,99;2,45;2,40;2,21;1,33;1,62;0,89;0,60;1,05;0,45;0,46;0,46
01010;Ayala/Aiara;3,24;2,67;2,19;1,92;1,73;1,59;1,45;1,60;1,56;1,70;1,98;1,91;2,06;1,91;1,48;1,30;1,51;1,70;1,47;1,19;0,59;0,34
20017;Azkoitia;10,88;10,36;9,85;9,55;9,59;9,08;8,68;8,33;8,37;7,79;8,27;8,20;8,15;7,33;6,69;6,29;5,57;3,70;2,83;1,96;1,16;0,89
20018;Azpeitia;8,53;8,60;8,06;8,12;8,15;7,37;6,91;6,61;6,68;6,63;6,61;6,60;6,61;6,04;5,66;5,70;4,45;3,52;2,32;1,61;1,33;1,27
01049;Añana;5,99;8,43;6,18;6,29;8,38;10,22;5,00;3,91;4,65;4,73;8,47;8,43;6,32;4,62;3,93;3,37;0,56;1,10;0,00;1,64;0,53;0,00
48012;Bakio;5,52;5,50;5,26;5,14;5,37;5,31;4,31;4,72;3,78;3,91;4,70;4,82;5,74;4,97;5,26;4,89;4,51;4,04;3,49;2,76;2,38;1,87
20904;Baliarrain;8,18;3,90;6,45;7,74;10,91;5,30;5,33;7,24;7,59;8,11;3,03;1,53;2,36;3,31;1,68;0,00;0,00;0,00;0,00;0,00;0,00;0,00
48090;Balmaseda;9,85;8,80;8,41;8,37;8,58;7,73;7,31;7,87;7,25;7,52;7,65;8,12;7,58;6,60;5,24;4,46;4,03;3,05;2,23;1,88;1,59;0,93
48013;Barakaldo;10,39;9,56;8,79;8,27;8,24;7,35;6,69;6,39;6,09;6,01;6,39;6,88;6,70;6,31;5,96;5,14;4,25;3,21;2,37;1,87;1,40;0,95
48014;Barrika;6,44;6,07;5,74;4,78;4,18;3,27;3,19;3,25;3,20;3,45;3,86;3,24;3,23;4,35;4,17;3,76;4,15;3,82;3,07;2,51;2,22;1,62
01013;Barrundia;3,63;3,36;3,72;3,77;3,83;5,19;3,80;4,29;3,74;3,30;3,79;4,09;4,69;4,72;5,39;4,19;4,15;3,31;2,62;2,30;1,18;1,43
48015;Basauri;9,60;8,85;7,97;7,55;7,27;6,30;5,65;5,77;5,24;4,77;5,01;4,88;4,49;4,34;3,90;3,38;2,83;2,35;1,95;1,57;1,15;0,85
01011;Baños de Ebro/Mañueta;22,12;20,82;21,32;18,45;20,87;21,98;16,35;13,84;12,46;11,78;14,98;12,00;11,25;10,70;10,00;11,34;16,30;14,29;13,90;7,58;5,64;2,19
20019;Beasain;14,84;14,59;13,75;13,67;13,54;12,75;11,91;11,89;12,29;11,90;11,60;11,31;11,15;10,36;9,97;9,38;8,74;5,17;3,63;2,57;1,89;1,45
48092;Bedia;7,53;6,38;6,09;6,42;6,20;4,65;4,09;3,81;4,29;3,91;4,55;4,04;3,86;4,23;5,58;4,35;3,97;2,97;3,31;2,90;2,17;1,63
20020;Beizama;0,97;1,87;2,68;2,54;4,03;4,17;5,47;3,97;3,20;1,59;3,88;3,03;0,73;2,01;2,05;0,69;0,00;1,17;0,59;0,00;0,00;0,00
20021;Belauntza;7,74;9,21;8,68;7,72;5,36;6,59;4,26;3,14;3,92;4,96;4,74;5,65;6,78;6,76;4,61;5,05;8,63;6,67;5,32;0,69;0,36;0,73
48016;Berango;5,41;5,19;4,58;4,39;4,50;4,50;3,95;4,47;4,06;4,20;4,78;5,92;5,45;5,40;5,33;5,25;4,85;4,34;3,26;3,43;2,66;2,27
01014;Berantevilla;10,94;9,43;9,09;9,96;11,62;9,22;6,19;7,53;6,53;8,60;8,02;8,92;6,29;5,74;6,58;4,67;4,61;4,06;3,72;3,85;3,07;3,11
20022;Berastegi;2,67;1,89;2,32;1,68;2,19;2,18;2,46;1,88;1,97;1,62;1,44;1,14;1,05;1,15;1,07;0,98;0,79;0,81;0,71;0,93;0,62;0,42
20074;Bergara;9,21;8,46;7,63;7,68;7,30;6,78;6,40;6,42;6,29;6,52;7,41;6,92;6,26;5,55;5,35;5,22;4,90;4,39;3,41;2,37;1,62;1,26
48017;Bermeo;11,35;10,28;9,61;9,08;8,98;8,22;7,48;7,24;6,84;6,75;7,10;7,92;7,57;6,82;6,34;5,65;5,32;4,18;2,96;2,16;1,56;1,24
01016;Bernedo;5,97;4,94;5,12;4,06;4,53;4,84;5,66;6,73;2,91;4,27;6,98;7,90;7,88;7,97;7,88;6,70;7,68;5,57;4,39;3,39;1,63;1,08
48018;Berriatua;14,43;13,87;14,11;14,23;15,12;14,23;14,49;13,73;12,58;12,18;13,46;14,24;14,18;13,12;14,80;14,87;14,67;11,98;8,11;5,80;3,96;2,43
48019;Berriz;10,95;9,75;8,79;8,52;8,47;7,79;7,62;7,13;6,89;7,38;7,19;7,27;7,61;6,90;6,38;6,27;5,43;4,88;3,89;2,18;1,31;1,21
20023;Berrobi;7,21;8,91;8,86;8,79;10,11;7,34;6,81;6,82;5,51;6,48;5,49;4,36;4,17;4,47;4,54;5,72;3,62;1,73;2,76;1,94;3,07;3,10
20024;Bidania-Goiatz;3,38;3,71;3,40;3,91;5,18;3,59;3,31;4,24;3,89;4,38;3,85;5,01;5,26;5,67;6,33;4,81;3,33;2,97;1,92;1,92;1,49;1,08
48020;Bilbao;11,79;11,15;10,10;9,99;10,16;8,81;7,95;8,54;8,13;7,87;8,68;8,99;9,06;8,72;8,19;7,80;6,76;5,75;4,85;4,03;3,24;2,51
48021;Busturia;6,36;5,70;5,51;5,27;4,62;2,80;2,99;3,19;2,60;2,74;2,61;3,21;3,28;3,62;2,74;2,89;2,82;2,67;1,93;1,23;1,11;0,71
01017;Campezo/Kanpezu;7,40;6,73;7,28;8,01;8,29;8,72;6,82;7,41;6,46;5,74;6,95;9,13;8,42;7,17;7,75;7,73;7,08;6,66;5,58;5,79;4,72;3,16
20029;Deba;6,42;6,01;6,08;6,14;6,60;5,97;5,54;5,59;5,80;5,50;5,74;5,50;5,06;4,48;4,36;4,04;3,57;2,92;2,40;1,30;0,96;1,04
48901;Derio;6,16;5,88;3,93;4,03;4,28;3,72;3,10;3,41;3,48;3,26;3,68;4,41;4,39;4,02;3,96;3,42;3,23;3,26;2,54;2,22;1,43;1,27
48026;Dima;4,52;4,88;3,56;3,18;3,82;2,73;2,29;2,62;2,33;2,10;2,26;2,21;2,13;2,36;2,99;2,48;2,24;2,78;2,00;1,50;1,49;0,77
20069;Donostia / San Sebastián;10,00;9,59;8,67;8,38;8,60;7,82;7,08;7,70;7,37;7,05;7,57;7,84;7,55;7,15;6,66;6,44;5,65;4,68;4,15;3,57;3,07;2,41
48027;Durango;9,72;9,10;8,31;8,31;8,79;8,01;7,64;7,99;7,48;7,20;7,43;7,93;7,72;7,12;7,01;6,86;5,99;4,91;3,89;2,93;2,19;1,59
48028;Ea;6,65;6,06;7,29;6,41;7,18;6,01;4,81;4,97;4,59;4,82;4,53;4,41;4,67;3,60;2,92;2,56;2,15;1,74;1,86;1,64;1,17;0,83
20030;Eibar;11,18;10,57;9,93;9,98;9,99;8,83;8,03;7,61;7,52;7,18;7,64;7,25;6,53;5,98;5,53;4,99;4,23;3,25;2,48;1,85;1,70;1,33
48031;Elantxobe;5,40;5,93;5,13;4,05;2,80;2,21;1,11;0,55;1,61;1,04;0,77;1,02;1,49;5,59;5,00;4,54;2,28;1,57;1,36;0,90;2,43;0,89
01021;Elburgo/Burgelu;4,64;3,95;4,31;4,43;5,02;4,78;3,33;4,22;3,92;4,27;5,12;4,34;4,62;5,14;5,03;4,64;5,39;4,84;2,98;3,04;1,04;1,94
01022;Elciego;9,84;8,88;7,91;8,18;9,18;7,80;8,12;8,44;6,99;9,73;7,95;6,20;8,04;7,46;6,60;7,36;7,11;6,43;4,62;5,18;4,73;4,71
20031;Elduain;2,88;3,03;4,10;2,92;3,29;3,20;2,88;1,65;1,23;0,82;0,42;0,42;0,43;1,29;1,27;1,28;1,28;1,33;0,46;0,46;0,46;0,46
20033;Elgeta;5,69;5,66;4,45;4,46;5,57;5,62;4,47;5,61;5,37;6,08;6,06;6,86;7,36;7,37;5,86;5,17;6,07;6,40;4,01;3,50;2,20;1,13
20032;Elgoibar;11,10;10,27;9,65;9,25;9,39;8,86;8,31;8,15;8,29;7,83;7,94;8,08;7,46;6,81;6,23;5,59;4,44;3,15;2,13;1,45;1,08;0,85
48032;Elorrio;7,85;7,30;7,24;7,56;6,97;6,42;5,50;5,73;5,65;5,03;4,88;4,95;4,86;4,20;3,71;3,17;2,99;2,15;1,63;1,30;1,01;0,68
01023;Elvillar/Bilar;9,79;10,70;10,68;13,62;10,51;9,58;11,41;13,35;10,34;8,96;8,80;7,51;8,66;6,76;3,61;6,32;5,40;5,68;4,07;3,11;3,85;2,50
48902;Erandio;9,16;8,60;7,94;7,63;7,92;7,18;6,22;6,46;6,21;5,93;6,86;7,20;7,20;6,81;6,53;6,41;5,61;4,95;3,84;2,69;1,96;1,38
48033;Ereño;4,66;6,27;7,19;6,93;5,43;5,30;5,84;5,43;4,60;5,81;6,35;5,91;6,77;5,49;5,30;4,96;3,88;3,83;1,95;1,95;1,93;2,76
48034;Ermua;9,12;8,21;7,64;7,53;7,40;6,77;6,03;6,20;5,82;5,43;5,69;6,02;5,81;5,39;4,75;4,49;3,87;3,12;2,61;2,46;2,23;1,99
20067;Errenteria;9,61;8,99;8,31;8,03;8,08;7,44;6,66;6,54;6,21;5,81;5,99;5,84;5,83;5,51;4,97;4,31;3,49;2,65;2,07;1,57;1,35;1,15
20066;Errezil;5,44;5,63;3,16;5,30;5,31;4,46;4,89;3,82;3,95;3,49;3,82;4,07;5,32;4,77;3,89;4,98;4,19;4,17;2,12;0,82;1,50;0,99
01046;Erriberagoitia/Ribera Alta;6,06;5,01;4,15;5,35;4,70;3,95;3,26;3,89;3,40;4,30;7,01;8,57;9,34;7,80;6,42;7,34;5,80;6,25;4,40;4,31;2,91;1,79
48079;Errigoiti;7,07;5,51;4,74;3,90;3,27;2,69;2,84;3,63;3,43;3,06;3,35;3,84;3,02;3,62;3,62;4,69;3,08;1,97;1,97;1,77;1,17;0,95
20034;Eskoriatza;10,04;8,90;6,94;6,83;6,29;5,36;5,18;5,29;4,95;5,31;5,00;4,74;4,59;4,27;4,09;4,01;3,70;2,85;2,18;1,64;1,29;1,16
48029;Etxebarri;3,71;3,70;3,10;3,10;3,52;3,29;2,85;2,97;2,58;2,70;3,08;3,20;3,22;2,98;2,84;2,58;2,17;1,78;1,47;1,59;1,08;0,82
48030;Etxebarria;10,93;11,22;12,50;12,15;11,68;10,52;9,39;6,47;7,22;6,25;5,25;6,22;6,52;5,67;5,45;6,82;6,67;4,77;3,49;3,40;1,78;1,01
20035;Ezkio-Itsaso;8,01;8,45;8,04;5,96;5,84;5,28;5,16;4,60;4,02;3,67;3,40;2,95;5,88;5,56;5,92;6,63;6,24;3,99;3,61;3,50;3,24;2,93
48906;Forua;5,50;5,06;5,87;6,09;5,97;5,35;4,76;4,87;4,71;4,84;6,32;6,10;5,72;5,56;6,28;5,99;5,11;4,64;3,32;2,90;2,78;1,77
48035;Fruiz;5,90;5,07;4,20;4,93;5,19;4,97;5,30;4,17;4,75;4,70;4,31;6,20;6,33;3,21;3,12;2,39;0,99;1,24;1,75;2,02;1,52;2,06
20038;Gabiria;8,35;6,79;5,71;5,51;4,87;2,57;2,77;2,15;1,97;2,16;3,12;3,13;3,76;4,73;5,34;6,42;5,66;2,35;4,07;0,73;0,50;2,13
20037;Gaintza;3,20;3,20;4,65;4,65;3,51;5,04;3,33;4,24;3,28;3,25;2,48;2,48;2,46;1,55;0,00;1,54;1,54;0,75;0,00;0,00;0,00;0,00
48036;Galdakao;5,29;5,10;4,48;4,54;4,46;3,91;3,35;3,53;3,23;3,09;3,41;3,29;3,24;3,18;2,95;2,74;2,53;1,97;1,66;1,53;1,25;1,02
48037;Galdames;2,54;2,87;2,16;2,38;1,90;2,03;2,65;2,30;2,44;1,95;1,94;1,68;1,88;1,28;1,78;1,77;1,47;0,96;0,97;0,84;0,84;0,72
48038;Gamiz-Fika;2,76;2,74;2,67;2,76;2,13;2,62;3,13;3,35;3,07;2,90;3,51;3,94;4,01;3,16;2,93;2,67;2,50;2,03;1,57;1,49;0,95;0,81
48039;Garai;2,11;1,24;1,55;1,25;1,86;2,16;1,58;1,91;1,94;1,29;1,27;1,22;2,95;3,57;2,18;2,87;2,53;2,31;1,02;1,35;0,67;0,35
48040;Gatika;3,62;2,90;2,32;2,70;2,91;2,61;2,83;3,11;2,89;2,53;1,98;2,48;2,78;2,41;2,76;2,15;1,86;2,00;1,56;0,93;0,72;0,75
48041;Gautegiz Arteaga;5,78;5,16;4,75;5,28;5,43;5,39;5,01;4,61;4,26;4,90;5,39;6,79;6,58;4,65;3,85;4,74;4,46;4,68;4,34;3,11;2,78;1,77
20907;Gaztelu;3,98;3,41;1,67;3,91;4,17;3,01;2,99;2,34;1,21;1,78;1,69;0,57;0,58;2,29;0,59;0,00;0,00;0,00;0,00;0,00;0,00;0,00
48046;Gernika-Lumo;12,39;12,51;11,17;11,33;11,33;10,65;10,18;10,26;10,12;9,62;10,06;10,52;10,49;9,33;8,51;8,38;7,67;6,49;5,01;4,17;2,74;1,64
20039;Getaria;11,12;9,96;9,88;9,93;9,61;9,17;9,01;8,93;8,71;9,07;9,27;8,80;8,52;8,21;7,73;6,55;5,63;4,46;4,00;3,80;2,26;1,71
48044;Getxo;7,96;7,45;6,96;6,95;7,02;6,49;6,12;6,45;6,37;6,47;7,18;7,35;7,32;7,00;6,63;6,35;5,79;4,99;4,34;3,76;3,05;2,43
48047;Gizaburuaga;14,63;12,75;15,58;7,77;8,50;9,05;8,45;7,14;3,83;6,07;6,57;4,65;4,41;5,42;5,03;4,12;0,00;0,00;0,57;0,67;0,81;0,82
48042;Gordexola;4,94;4,48;4,58;4,55;5,28;4,81;4,41;3,85;3,53;3,33;4,20;4,28;3,79;4,02;3,73;3,68;3,11;1,78;1,36;1,12;0,63;0,50
48043;Gorliz;5,72;6,22;5,65;5,17;5,11;4,52;3,75;4,12;4,00;4,06;5,37;5,55;5,23;4,97;5,01;5,19;5,28;4,04;3,29;2,65;2,30;2,06
48045;Güeñes;7,79;7,63;6,94;7,02;7,22;6,73;5,75;6,33;5,99;5,59;5,95;6,78;6,49;5,96;6,40;5,36;5,02;4,25;3,98;2,88;2,25;1,71
01056;Harana/Valle de Arana;3,57;3,49;2,98;2,93;2,54;1,68;0,81;0,81;0,82;0,40;0,75;2,58;2,83;2,05;3,30;3,19;4,70;5,23;5,65;8,19;5,46;2,29
20040;Hernani;9,07;9,19;8,28;8,17;7,84;7,25;6,86;6,64;6,31;6,16;6,47;5,86;5,52;5,15;4,91;4,81;4,09;3,18;2,47;1,95;1,70;1,45
20041;Hernialde;6,92;7,01;4,78;5,92;3,93;4,59;4,78;3,23;3,51;3,40;7,00;6,14;6,29;6,30;2,93;2,08;2,37;2,44;1,53;2,17;1,26;1,95
20036;Hondarribia;6,97;6,31;6,22;6,12;6,13;5,61;5,83;6,20;6,18;6,47;6,54;6,60;6,13;5,96;5,73;5,44;4,80;4,32;3,71;3,14;2,67;2,42
20042;Ibarra;9,57;8,96;8,80;9,05;9,24;8,29;7,32;7,05;7,35;7,28;6,84;6,53;5,77;5,31;5,22;4,42;3,20;2,32;1,74;1,30;1,13;1,04
48048;Ibarrangelu;3,44;3,94;3,74;3,81;3,38;2,56;2,07;2,20;2,02;1,72;2,04;1,74;1,88;2,35;2,12;2,60;2,80;1,52;1,37;0,86;1,21;0,86
20043;Idiazabal;7,99;7,55;6,86;6,64;5,46;5,53;5,55;5,52;5,74;5,52;6,12;5,76;5,26;5,52;5,18;6,34;4,68;4,09;2,68;2,27;1,76;1,37
48094;Igorre;13,66;12,83;13,34;12,76;12,32;11,51;10,07;10,16;8,91;8,56;8,74;9,14;8,66;8,67;7,45;7,10;6,81;4,43;3,58;3,32;1,93;1,18
20044;Ikaztegieta;14,23;13,24;13,26;11,55;11,52;10,67;9,49;6,92;8,47;6,61;3,25;3,04;2,79;2,60;3,47;3,29;2,00;2,02;1,13;1,17;1,45;1,94
20045;Irun;12,46;11,58;11,19;10,85;11,16;10,30;9,56;9,61;9,19;8,85;9,32;9,21;8,98;8,50;8,04;7,69;6,85;5,55;4,81;3,72;3,18;2,45
20046;Irura;10,18;10,06;9,91;9,36;10,10;8,78;8,56;8,70;8,00;7,11;7,01;6,47;6,24;6,40;5,47;5,42;3,72;2,82;1,83;2,63;1,13;1,51
01027;Iruraiz-Gauna;3,38;3,10;2,09;2,13;3,11;2,45;3,19;3,15;2,57;2,78;2,77;3,10;3,14;2,65;3,68;2,47;2,32;1,18;0,60;0,40;0,60;0,20
01901;Iruña Oka/Iruña de Oca;11,65;10,92;9,76;8,52;9,61;7,88;7,00;7,27;7,26;6,39;6,25;6,32;6,32;5,48;6,49;6,53;6,42;5,39;4,68;4,92;4,10;3,11
48049;Ispaster;4,84;6,07;6,25;6,61;7,12;6,88;5,77;5,83;5,01;4,40;5,86;6,38;5,24;2,65;1,35;1,06;1,21;0,96;0,97;0,81;0,97;0,81
20047;Itsasondo;14,45;14,18;12,79;13,63;13,19;11,70;6,55;8,38;8,68;8,46;9,30;8,83;8,28;7,07;6,43;5,80;4,86;5,20;4,58;3,30;2,31;2,61
48910;Iurreta;11,18;11,14;10,92;10,22;9,76;9,51;8,34;8,16;8,08;7,34;7,78;8,71;9,42;8,75;7,31;7,40;6,31;3,81;2,94;2,58;1,85;1,13
48050;Izurtza;17,70;12,81;4,00;11,42;14,98;13,84;14,93;6,32;6,77;5,70;13,59;18,15;14,54;13,21;10,33;6,08;5,68;2,02;1,20;0,00;0,00;0,00
48022;Karrantza Harana/Valle de Carranza;6,39;6,51;5,23;6,03;6,28;4,99;2,70;2,76;2,48;2,36;2,61;3,02;2,96;2,55;2,34;1,97;1,39;1,40;0,93;0,61;0,43;0,46
48907;Kortezubi;5,03;3,75;4,46;4,72;4,75;4,12;3,88;2,78;3,41;3,93;4,82;3,64;2,63;2,59;1,68;1,70;2,21;1,75;2,05;1,04;1,32;0,80
01019;Kripan;4,89;3,31;2,20;2,21;2,73;2,70;2,67;2,15;2,14;2,20;2,13;1,52;1,03;1,01;1,02;1,03;1,08;0,54;1,06;1,05;0,52;0,00
01020;Kuartango;3,31;3,65;4,69;3,81;3,76;4,18;4,64;2,76;2,53;2,29;2,91;2,92;2,33;1,49;1,17;1,20;0,00;0,00;0,83;0,00;0,87;0,58
01028;Labastida/Bastida;11,41;12,15;11,28;11,76;12,43;10,52;10,68;10,98;10,58;9,53;10,39;10,13;10,35;9,49;8,20;8,55;8,11;6,91;4,98;4,23;3,39;2,14
01030;Lagrán;4,42;3,28;2,70;7,61;6,25;1,78;0,59;0,57;0,58;0,59;1,20;4,57;4,37;2,16;1,67;1,06;1,59;3,54;0,51;1,55;0,52;0,00
01031;Laguardia;15,94;14,53;12,96;12,53;11,47;11,36;10,83;10,26;9,81;10,44;10,18;10,88;9,48;8,90;7,96;7,35;7,49;6,67;5,47;4,50;4,11;3,09
01032;Lanciego/Lantziego;17,57;16,71;17,66;16,42;17,80;16,71;14,91;13,37;13,55;12,68;13,27;12,22;10,40;10,73;12,11;8,23;6,90;8,84;6,01;4,61;3,02;1,81
48051;Lanestosa;4,46;4,43;4,55;2,82;4,73;3,99;3,30;4,29;5,00;6,01;5,42;5,71;4,04;4,03;4,61;5,76;4,70;5,30;4,00;2,39;2,09;1,41
01902;Lantarón;8,92;8,35;8,57;6,96;7,30;6,16;4,27;5,77;5,70;4,34;6,20;7,61;6,41;5,41;5,67;4,74;3,06;2,89;2,51;2,51;1,46;0,64
01033;Lapuebla de Labarca;11,78;11,56;13,53;13,18;11,95;10,54;9,34;11,10;9,48;10,73;10,21;7,30;7,57;8,45;5,98;7,26;8,16;6,57;5,48;5,48;4,78;5,69
48052;Larrabetzu;4,06;4,92;4,62;4,14;3,17;2,83;2,29;2,50;2,63;3,06;3,87;4,13;3,47;4,25;4,22;3,46;3,05;1,44;0,88;0,83;0,72;0,42
20048;Larraul;5,84;6,20;5,77;4,60;2,79;2,03;0,81;0,41;0,41;1,60;4,21;4,23;1,20;0,81;0,79;0,81;0,85;0,97;0,50;0,00;0,99;0,51
20902;Lasarte-Oria;10,16;9,52;8,50;8,92;8,57;7,90;7,49;7,25;7,15;6,74;7,04;7,01;6,66;6,38;5,95;5,40;4,60;3,76;3,10;2,23;1,90;1,51
01036;Laudio/Llodio;6,84;6,18;5,75;5,53;5,55;5,23;4,90;4,99;4,64;4,43;5,13;5,16;4,92;4,80;4,37;3,82;3,05;2,88;2,10;1,49;0,92;0,56
48053;Laukiz;4,71;4,29;3,96;4,56;4,85;4,55;3,96;3,55;3,38;3,46;3,85;5,17;5,19;5,06;5,54;5,87;5,84;5,34;4,21;4,33;4,23;3,87
20049;Lazkao;13,14;12,77;12,53;11,89;11,08;10,27;9,25;8,68;8,04;7,50;7,91;7,52;7,49;6,90;6,52;6,54;5,67;3,95;2,77;1,94;1,65;1,41
20050;Leaburu;13,68;12,53;15,59;11,68;11,11;9,92;9,54;8,64;9,72;9,89;10,54;9,47;9,21;7,67;5,40;2,90;2,89;1,86;0,27;1,35;1,63;1,34
20051;Legazpi;8,46;7,13;6,13;5,94;5,45;4,48;3,71;4,01;3,78;3,63;4,18;4,16;3,81;3,79;3,82;3,79;2,90;2,05;1,74;1,27;1,00;0,68
20052;Legorreta;14,06;13,38;11,45;11,45;10,54;7,79;7,32;7,65;7,14;7,55;8,94;8,67;7,39;9,36;8,13;6,74;4,41;4,53;3,28;2,16;1,39;1,09
01058;Legutio;12,82;12,26;11,20;10,57;10,10;9,42;8,40;6,95;6,76;7,86;8,42;9,40;9,65;7,81;8,19;9,25;6,75;6,02;4,22;3,17;2,08;1,91
20068;Leintz-Gatzaga;7,11;4,31;3,64;4,87;3,85;5,20;6,45;4,92;5,71;5,58;5,88;7,78;5,99;11,15;7,75;7,28;5,04;2,02;1,98;0,00;0,00;0,42
48054;Leioa;6,72;6,37;5,94;5,79;5,73;5,24;4,92;5,33;4,90;4,73;5,59;5,71;5,76;6,13;5,90;5,60;5,21;4,37;3,37;2,73;2,09;1,66
48057;Lekeitio;7,38;7,09;6,64;6,96;7,47;7,22;6,53;6,15;5,27;4,94;5,98;5,79;5,75;5,35;4,70;4,34;3,78;2,87;1,95;1,48;1,05;0,91
48055;Lemoa;12,32;10,93;10,41;8,98;9,40;8,37;7,55;7,66;7,56;7,56;8,73;8,83;9,35;9,29;7,88;6,65;5,83;4,84;3,44;3,04;2,55;1,77
48056;Lemoiz;4,04;3,36;3,21;2,88;2,94;2,67;2,18;2,51;2,57;2,35;3,02;2,78;3,67;3,34;3,47;3,78;2,92;3,05;2,08;1,79;1,49;0,87
01034;Leza;15,02;15,84;16,67;17,97;15,04;13,36;9,48;13,51;9,26;8,56;6,57;11,47;8,89;6,91;12,86;11,74;11,64;12,50;10,81;11,50;7,39;6,45
48081;Lezama;6,12;5,51;5,37;5,78;4,93;4,83;4,66;4,05;3,74;3,97;4,42;4,51;5,02;6,38;5,34;5,25;4,90;4,12;3,11;2,30;1,63;0,58
20053;Lezo;6,02;5,71;5,25;5,17;5,28;4,80;4,00;4,37;4,12;3,58;3,83;3,94;3,72;3,53;3,04;2,97;2,94;2,28;1,64;1,31;0,96;0,85
20054;Lizartza;12,10;10,96;13,06;11,11;10,17;10,36;9,01;8,27;8,93;11,87;12,67;11,18;13,73;10,14;8,84;6,79;4,82;3,81;1,84;1,48;0,49;0,49
48903;Loiu;9,01;7,43;7,46;10,71;11,60;10,96;8,82;7,30;6,32;5,76;7,01;7,66;7,85;8,03;8,50;9,21;5,16;8,34;7,48;6,33;8,02;6,93
48058;Mallabia;6,37;5,57;5,12;4,15;4,37;3,49;3,32;2,80;2,72;4,12;3,72;3,72;3,26;3,21;2,63;2,91;2,49;2,08;1,84;1,42;1,25;1,58
48060;Markina-Xemein;13,38;12,96;12,58;12,90;13,61;12,33;11,38;12,83;11,92;12,31;12,59;12,61;12,31;12,68;12,58;12,82;11,41;9,53;6,55;4,46;3,46;2,61
48061;Maruri-Jatabe;3,73;4,13;2,99;2,81;2,84;2,59;1,85;2,27;2,02;1,70;2,14;2,44;2,73;2,19;2,70;2,81;2,84;2,61;2,88;1,95;2,60;1,56
48059;Mañaria;7,12;5,66;5,70;5,43;5,75;5,23;5,78;8,05;8,11;6,90;7,20;9,77;9,90;10,98;10,10;10,30;9,28;6,98;3,33;3,08;2,83;1,51
20901;Mendaro;10,27;10,14;8,56;8,44;8,37;7,48;7,54;7,54;6,96;6,97;7,01;6,61;5,73;4,55;4,59;4,74;4,21;3,63;2,15;1,26;0,60;0,76
48062;Mendata;5,24;4,69;4,10;4,70;4,69;7,11;3,71;3,46;2,75;2,30;1,82;1,60;1,31;1,55;1,52;2,35;2,41;1,61;1,90;1,40;1,44;0,87
48063;Mendexa;6,46;4,90;4,88;3,56;3,81;4,54;2,71;3,33;4,24;3,59;5,81;4,40;4,40;3,54;2,49;3,12;2,59;3,33;1,74;2,49;1,75;0,52
48064;Meñaka;1,86;1,88;1,91;1,37;1,14;1,40;1,56;1,54;1,24;1,68;1,92;2,05;2,03;2,36;1,86;1,78;1,95;1,54;1,22;1,39;1,56;0,81
01039;Moreda de Álava / Moreda Araba;9,30;4,35;5,38;5,08;5,20;6,12;6,32;7,22;4,96;4,53;4,80;2,92;6,43;5,28;2,10;4,05;5,72;4,62;4,98;5,94;5,90;3,32
48066;Morga;3,29;2,59;3,26;2,87;4,13;3,84;3,95;3,48;4,07;4,01;4,30;4,43;2,69;2,92;2,40;2,22;2,28;1,29;1,52;1,26;1,75;1,75
48068;Mundaka;2,86;3,32;3,51;3,57;3,91;3,47;2,85;3,75;3,66;4,04;4,42;5,40;5,62;5,68;6,16;6,62;4,85;4,02;3,11;2,60;2,18;1,86
48069;Mungia;9,03;8,84;7,94;8,04;8,07;7,71;7,15;7,95;7,75;7,59;8,40;8,83;9,15;8,78;8,32;7,47;6,54;5,47;4,94;4,46;3,63;2,85
48007;Munitibar-Arbatzegi Gerrikaitz-;6,22;5,59;4,88;5,76;5,24;5,25;3,79;3,33;2,81;1,95;2,15;2,18;2,49;2,11;2,88;2,64;2,54;2,37;3,13;2,61;2,35;1,32
48908;Murueta;4,09;4,20;2,80;2,22;2,25;2,63;2,66;1,33;1,68;1,68;2,70;3,70;2,43;3,75;2,72;3,37;3,01;3,33;3,07;1,40;0,72;0,79
48071;Muskiz;5,02;4,53;3,87;3,66;4,32;3,41;3,03;3,19;2,98;2,93;3,10;3,68;3,50;2,75;2,58;2,31;2,33;1,75;1,63;1,28;1,16;0,51
20057;Mutiloa;3,75;2,85;1,65;0,00;0,78;0,80;0,40;0,40;0,41;0,79;1,61;2,08;0,00;0,00;0,00;0,00;0,00;0,49;0,50;0,51;0,52;1,01
20056;Mutriku;7,46;7,60;7,37;7,66;7,53;7,37;7,01;7,05;6,63;6,52;6,78;6,39;5,84;5,26;5,08;4,45;4,16;3,06;2,09;1,76;1,34;1,31
48067;Muxika;6,70;7,16;5,35;5,78;6,22;6,55;5,42;2,78;3,07;2,63;3,06;3,44;3,16;3,48;3,29;3,14;2,02;1,24;1,18;1,55;0,44;0,44
48909;Nabarniz;5,19;5,30;3,89;3,42;4,26;3,72;3,28;4,02;3,92;4,24;3,38;2,58;2,19;2,12;2,14;0,87;0,89;1,74;1,35;1,30;0,84;0,00
01041;Navaridas;25,11;22,17;20,18;20,27;20,00;19,42;18,66;28,63;28,51;26,29;19,31;20,73;15,02;11,26;7,34;8,64;8,00;7,59;4,61;2,82;2,87;0,49
20063;Oiartzun;4,70;4,46;4,38;4,64;4,73;4,29;3,91;3,50;3,34;3,32;3,35;3,00;2,87;2,76;2,60;2,37;2,29;1,89;1,72;1,44;1,32;1,12
01042;Okondo;4,45;5,20;4,73;5,01;5,83;5,07;4,40;4,68;4,30;3,40;3,82;3,67;4,50;5,45;3,97;3,32;3,25;3,57;2,77;3,20;3,86;3,53
20058;Olaberria;13,21;11,34;9,41;9,26;8,51;7,33;6,30;6,86;5,61;5,45;6,16;5,00;4,68;5,24;6,55;6,92;6,75;4,39;2,35;2,33;0,99;1,56
48073;Ondarroa;8,49;8,42;7,87;8,05;8,36;7,65;7,22;7,88;7,62;7,10;7,29;7,48;7,16;6,98;6,38;6,52;5,97;5,23;5,27;4,92;5,11;4,16
20076;Ordizia;20,83;20,41;19,05;18,99;19,16;17,59;15,85;15,05;13,92;13,53;13,55;13,58;14,06;13,76;12,75;12,79;12,12;7,43;5,34;3,35;2,34;1,65
20905;Orendain;4,56;4,66;4,55;3,56;4,74;8,42;4,95;5,15;3,06;3,68;1,57;1,58;1,12;0,55;1,07;1,67;1,71;0,59;2,35;0,00;0,62;0,62
20060;Orexa;4,00;2,94;0,00;2,70;0,94;0,91;1,79;1,79;0,88;3,45;1,75;0,88;1,75;0,87;0,00;0,00;0,85;1,79;0,00;0,00;0,00;0,00
20061;Orio;9,21;8,81;8,50;8,48;8,25;7,80;7,83;7,57;7,91;7,79;7,78;7,32;7,18;6,76;6,22;5,21;4,54;3,42;2,50;2,18;1,75;1,67
20062;Ormaiztegi;9,40;7,64;7,09;6,71;7,05;7,72;9,01;9,62;9,85;9,29;8,52;8,85;8,21;9,24;8,86;7,76;7,07;6,33;3,88;3,52;2,51;2,18
48075;Orozko;7,38;7,18;7,24;6,92;6,42;5,32;5,20;5,00;5,12;5,13;5,18;6,24;6,40;5,13;5,02;4,75;4,47;2,97;2,93;2,56;1,53;0,58
48083;Ortuella;6,80;5,81;4,65;3,80;3,43;3,17;2,61;2,36;2,27;2,38;2,31;2,19;1,81;1,56;1,18;1,26;0,87;0,99;0,83;0,59;0,52;0,39
48072;Otxandio;11,96;10,34;10,61;10,92;9,96;9,05;7,13;7,33;6,90;5,42;7,24;6,90;6,62;7,31;6,96;6,69;5,77;3,57;2,54;1,44;1,10;1,02
01043;Oyón-Oion;13,79;13,49;13,69;13,26;13,52;13,10;11,89;12,90;12,63;12,60;13,46;13,23;12,41;11,95;10,40;9,67;9,32;8,46;5,92;4,99;2,85;1,91
20059;Oñati;7,00;7,15;6,40;5,45;5,55;4,61;4,24;4,45;4,22;4,11;4,84;4,91;4,79;4,47;4,23;3,90;3,23;2,46;1,74;1,25;1,01;0,81
20064;Pasaia;14,02;12,66;11,62;11,20;11,22;10,16;9,12;8,78;8,65;8,05;8,42;8,22;8,33;8,10;7,76;7,15;6,06;5,38;4,81;4,18;3,75;3,39
01044;Peñacerrada-Urizaharra;4,00;4,92;5,14;2,49;2,08;3,83;3,55;3,23;3,21;3,19;4,23;4,95;5,78;5,37;2,97;4,08;4,01;1,20;0,78;0,00;0,00;0,41
48077;Plentzia;8,55;7,38;6,65;7,25;7,45;6,46;6,10;5,88;5,67;6,07;6,43;6,35;6,40;6,43;5,45;6,11;5,65;4,73;4,24;3,79;2,96;2,17
48078;Portugalete;8,18;7,17;6,50;6,32;6,10;5,24;4,54;4,57;4,14;3,87;4,12;4,43;4,58;4,14;3,56;2,96;2,39;1,72;1,35;1,10;0,76;0,55
01047;Ribera Baja/Erribera Beitia;11,13;10,99;11,44;12,40;12,87;13,01;12,14;12,61;11,73;11,85;11,33;11,63;11,49;10,38;10,20;8,29;7,35;6,85;5,85;5,10;3,10;2,17
01051;Salvatierra/Agurain;12,29;11,52;11,48;11,72;13,00;12,48;10,88;12,87;11,97;11,26;11,98;12,06;11,45;11,39;10,56;9,71;7,84;5,68;4,58;3,50;2,64;1,51
01052;Samaniego;17,02;15,82;8,08;8,22;5,81;5,04;7,17;6,94;6,52;7,64;9,52;15,58;15,36;17,33;15,03;13,48;12,08;7,57;3,77;2,15;1,81;0,30
01053;San Millán/Donemiliaga;3,47;3,14;2,19;2,46;2,75;2,44;2,60;2,46;2,45;2,84;3,63;2,64;2,59;2,30;2,05;1,13;0,98;1,63;1,92;2,74;1,64;1,55
48082;Santurtzi;7,69;7,08;6,15;5,84;5,66;4,82;4,32;4,48;4,32;4,20;4,57;4,87;4,83;4,65;4,24;3,70;3,06;2,31;1,92;1,46;1,02;0,62
20070;Segura;8,01;7,48;6,68;7,45;8,74;8,67;8,36;8,34;8,81;8,33;8,32;7,95;8,41;7,74;6,75;6,09;5,90;4,42;3,66;2,82;2,75;2,77
48084;Sestao;13,98;12,35;10,79;9,38;9,15;7,70;6,77;7,04;6,46;6,15;6,47;7,06;6,79;6,20;5,51;4,96;3,94;2,95;2,16;1,42;1,00;0,79
48904;Sondika;6,32;5,88;5,64;5,58;5,84;4,81;5,13;5,02;4,48;4,35;5,06;4,98;5,06;5,50;5,28;4,59;4,08;3,26;3,05;2,07;1,50;1,05
48085;Sopela;5,12;4,86;4,35;3,97;4,29;4,00;3,73;3,71;3,55;3,72;4,34;4,95;4,73;4,36;4,31;4,63;4,21;3,62;3,00;2,88;2,54;2,04
48086;Sopuerta;6,21;5,86;5,21;5,37;5,77;4,74;3,98;4,08;4,26;4,33;4,42;4,87;5,45;5,70;5,78;5,05;4,55;3,88;3,06;1,95;1,28;0,69
20065;Soraluze-Placencia de las Armas;14,27;13,07;12,19;12,01;11,93;10,52;9,67;9,42;9,65;9,16;9,46;9,42;8,47;7,46;6,47;5,67;4,47;3,76;3,39;2,87;2,77;1,74
48076;Sukarrieta;5,21;5,21;3,79;2,52;1,80;2,38;4,36;6,27;5,32;4,70;3,49;4,31;5,52;5,56;2,98;2,68;3,03;1,77;1,48;1,20;1,22;0,67
20071;Tolosa;10,41;9,96;8,80;8,62;8,40;7,65;6,93;6,68;6,20;6,20;6,07;6,07;5,66;4,83;4,68;4,00;3,42;2,75;2,22;1,35;0,97;0,76
48087;Trucios-Turtzioz;4,95;4,33;3,62;3,70;3,27;4,30;3,83;3,86;3,85;4,78;5,26;4,93;4,57;4,40;4,90;4,45;3,48;3,85;1,70;2,06;2,03;0,56
48088;Ubide;13,95;15,38;8,77;8,28;9,44;7,34;12,63;12,63;9,44;11,96;9,39;9,34;10,16;9,63;8,82;8,59;9,38;7,79;7,74;9,43;8,59;8,19
48065;Ugao-Miraballes;8,59;8,57;7,41;6,67;6,18;5,47;4,58;5,43;4,77;4,68;4,62;5,29;4,62;4,21;4,37;3,67;3,03;2,20;1,91;1,41;1,11;0,75
48089;Urduliz;4,78;4,68;4,16;4,46;4,67;4,35;3,48;3,42;3,34;3,21;3,39;3,38;3,74;3,75;3,54;2,97;2,97;2,85;2,55;2,97;1,75;1,36
48074;Urduña/Orduña;8,95;9,04;7,90;8,19;8,46;8,31;6,50;5,31;5,08;4,76;6,38;6,84;6,45;6,29;6,10;5,49;6,50;4,26;3,89;3,62;3,38;2,37
01054;Urkabustaiz;11,13;9,43;7,96;8,84;9,93;8,57;7,51;8,75;9,15;7,35;7,77;7,76;11,86;10,38;8,32;7,17;6,99;6,28;5,65;4,40;3,67;2,94
20072;Urnieta;7,06;6,88;6,56;6,30;5,91;5,23;4,96;4,77;4,73;4,30;4,70;4,92;4,77;4,23;4,17;4,17;3,84;3,42;3,06;2,60;1,96;1,77
20077;Urretxu;7,56;7,13;7,02;6,72;6,31;5,88;5,70;5,82;5,52;5,49;5,99;4,96;4,94;4,82;4,49;4,31;3,58;3,13;2,51;1,56;1,13;1,07
20073;Usurbil;6,66;6,47;5,81;5,29;4,99;5,02;4,77;4,92;5,24;4,92;4,85;4,63;4,29;4,15;3,97;3,79;3,09;2,51;2,40;1,73;1,75;1,93
01055;Valdegovía/Gaubea;7,92;7,20;7,53;7,13;7,05;7,02;7,12;8,13;7,15;7,42;8,39;8,36;5,69;7,57;6,43;5,78;6,44;5,26;3,96;2,21;1,89;1,97
48080;Valle de Trápaga-Trapagaran;5,25;4,68;3,96;3,55;3,49;2,75;2,40;2,44;2,43;2,43;2,44;2,42;2,39;2,21;1,92;1,78;1,47;1,31;1,04;0,87;0,75;0,55
20075;Villabona;11,69;11,30;11,42;11,21;11,12;10,51;9,81;9,09;9,05;8,40;8,27;7,96;7,08;6,50;5,49;5,03;4,28;3,35;3,14;2,13;1,51;1,12
01057;Villabuena de Álava/Eskuernaga;12,37;12,71;10,81;10,27;8,16;8,22;10,46;10,89;9,15;10,36;10,44;9,49;9,82;7,85;7,76;5,30;6,25;6,31;6,06;5,49;7,67;5,21
01059;Vitoria-Gasteiz;12,08;11,44;10,78;10,43;10,61;9,99;9,39;9,51;9,44;9,50;10,40;10,63;11,11;10,33;9,98;9,15;7,90;6,56;5,71;4,78;3,89;3,09
01060;Yécora/Iekora;14,12;9,72;9,76;10,65;15,73;13,23;13,18;13,57;14,34;9,36;9,77;10,87;11,90;9,62;14,43;15,76;9,93;9,51;9,22;6,03;2,21;3,95
48095;Zaldibar;11,45;10,65;9,92;8,71;8,21;7,07;6,81;6,77;6,47;6,06;6,51;6,96;7,15;6,15;6,63;6,21;5,15;3,80;3,25;2,64;2,15;1,73
20078;Zaldibia;18,20;17,56;15,79;15,34;14,17;13,56;13,01;11,42;11,88;12,20;10,28;9,91;9,69;9,34;8,76;8,78;8,31;4,54;2,94;2,63;3,36;3,02
01061;Zalduondo;0,47;0,93;0,48;0,98;1,02;1,03;1,02;1,51;1,52;1,94;2,04;2,09;2,08;1,96;1,99;1,02;1,03;1,48;1,01;0,51;0,52;0,58
48096;Zalla;8,63;8,71;8,24;8,46;8,73;8,75;8,04;7,80;7,71;7,41;7,74;7,88;7,91;7,04;6,43;6,44;5,81;4,41;3,55;2,93;2,21;1,94
01062;Zambrana;9,60;9,11;7,87;7,99;8,07;8,26;9,41;9,67;9,16;8,37;11,01;11,21;11,16;7,82;5,71;6,15;5,62;3,90;2,25;1,69;0,56;1,16
48905;Zamudio;10,19;10,08;8,99;8,72;9,33;8,25;7,89;7,66;6,82;6,71;6,36;7,64;7,00;6,64;5,99;5,89;5,04;4,81;3,88;2,95;2,25;1,89
48097;Zaratamo;5,38;4,60;3,82;4,50;5,10;3,68;3,31;3,12;2,86;2,84;3,02;2,84;2,57;2,69;2,97;2,75;3,26;1,89;1,67;1,15;0,79;0,73
20079;Zarautz;6,28;6,20;5,62;5,90;5,99;5,64;5,49;5,37;5,36;5,23;5,68;6,23;6,12;6,44;6,32;6,04;5,26;4,42;3,69;2,76;2,22;1,81
48024;Zeanuri;5,65;5,08;4,55;4,54;4,07;3,66;3,84;3,60;3,38;3,28;4,03;5,98;6,11;6,30;6,25;7,30;6,67;4,42;3,54;3,01;1,73;1,08
48025;Zeberio;4,18;3,25;2,99;2,97;3,41;3,85;2,75;2,84;2,34;2,36;2,72;2,63;2,27;2,29;2,67;2,47;2,43;2,51;1,59;1,13;0,57;0,67
20025;Zegama;8,94;8,74;8,17;8,23;7,82;8,09;7,76;8,55;8,48;8,07;10,32;11,05;11,32;10,91;11,21;9,13;7,92;6,69;4,78;2,58;2,20;1,42
20026;Zerain;3,56;3,91;3,27;2,87;4,38;3,01;2,33;2,72;5,04;4,28;6,04;6,04;5,32;2,76;1,63;1,25;1,24;0,82;1,64;0,41;0,42;0,41
20027;Zestoa;8,94;9,19;8,42;9,12;8,89;7,85;7,33;6,88;6,76;6,38;5,90;5,16;5,74;6,07;4,94;3,78;2,83;2,46;1,71;1,36;1,04;0,68
48913;Zierbena;2,96;2,35;2,89;3,96;3,67;3,22;3,01;2,94;2,41;2,60;2,93;3,10;3,75;3,63;2,60;2,85;2,55;1,56;1,02;1,02;1,02;0,95
01018;Zigoitia;4,51;4,15;3,48;3,01;2,81;2,75;2,27;2,26;2,50;2,86;3,23;3,53;3,23;3,04;2,88;2,44;2,55;2,50;2,06;1,95;1,56;1,43
48915;Ziortza-Bolibar;4,93;3,15;2,14;2,82;1,59;1,77;1,50;1,72;3,25;3,66;3,02;4,11;4,46;3,39;2,73;2,13;1,67;1,22;1,73;;;
20028;Zizurkil;9,08;8,39;8,29;7,96;8,93;7,86;7,61;8,32;7,39;6,35;6,02;7,37;5,51;5,48;4,78;4,60;4,46;4,04;3,70;2,45;2,86;2,60
01063;Zuia;4,81;3,47;3,54;3,58;3,47;3,47;3,49;3,79;4,03;4,60;4,98;4,52;4,37;5,64;6,49;6,55;6,09;5,65;5,02;4,48;3,38;3,26
20081;Zumaia;5,96;5,89;5,55;5,56;5,56;5,50;5,29;5,43;4,98;4,87;5,26;4,86;4,61;4,31;3,88;3,87;3,20;2,62;2,10;1,65;1,49;1,28
20080;Zumarraga;9,78;8,80;8,26;7,95;7,75;6,82;6,38;5,51;5,50;5,62;5,14;5,53;4,99;4,71;4,62;4,52;3,66;2,69;1,98;1,65;1,36;1,19
