Indicadores municipales de sostenibilidad: Solicitudes de vivienda que constan en Etxebide (? habitantes);;;;;;;;;;;;;;;;;;;;
"";;;;;;;;;;;;;;;;;;;;
Resumen de datos;;;;;;;;;;;;;;;;;;;;
Entidad;;2023;2022;2021;2020;2019;2018;2017;2016;2015;2014;2013;2012;2011;2010;2009;2008;2007;2006;2005
Araba/Álava;;45,48;37,30;36,91;35,33;32,37;29,80;27,56;22,75;21,98;24,04;30,83;28,93;37,92;37,70;45,09;53,05;57,82;59,66;61,13
Bizkaia;;69,39;52,36;55,16;54,52;49,71;45,26;43,63;37,45;37,59;36,69;42,55;40,66;40,56;39,85;41,92;38,33;37,74;37,07;35,16
CAE;;62,66;50,71;52,55;51,59;46,32;42,47;40,32;34,10;34,10;33,74;40,56;38,50;40,70;40,76;44,03;43,33;44,08;43,64;41,13
Gipuzkoa;;59,93;54,29;55,60;54,38;47,32;43,81;40,86;33,89;34,01;33,40;41,74;39,31;42,18;43,62;47,02;47,22;48,41;47,40;42,16
"";;;;;;;;;;;;;;;;;;;;
Detalle por comarcas;;;;;;;;;;;;;;;;;;;;
Código comarca;Comarca;2023;2022;2021;2020;2019;2018;2017;2016;2015;2014;2013;2012;2011;2010;2009;2008;2007;2006;2005
01100;Arabako Ibarrak / Valles Alaveses;17,90;16,01;15,64;40,69;14,29;13,94;13,00;10,61;8,94;9,87;11,30;5,67;3,32;2,35;2,37;1,75;2,30;3,06;3,87
01200;Arabako Lautada / Llanada Alavesa;49,46;40,44;40,11;1,12;34,98;31,86;29,47;24,65;23,69;25,84;33,29;31,41;41,88;40,83;49,83;59,23;64,92;67,58;69,57
01300;Arabako Mendialdea / Montaña Alavesa;12,38;9,98;10,18;16,04;6,29;9,64;9,96;7,31;7,38;7,64;12,41;7,57;7,48;7,83;8,12;6,88;6,62;5,71;5,09
48100;Arratia Nerbioi / Arratia-Nervión;33,25;23,49;25,35;261,97;22,44;22,69;22,31;17,40;16,93;17,45;22,06;18,88;18,38;17,53;19,40;20,72;21,38;21,30;18,33
20200;Bidasoa Beherea / Bajo Bidasoa;56,89;52,63;54,94;29,81;47,61;45,32;40,22;31,30;29,96;28,95;32,48;30,38;29,79;28,46;28,28;28,54;28,01;25,63;20,59
48200;Bilbo Handia / Gran Bilbao;77,39;58,67;61,44;12,93;55,42;50,30;48,24;41,39;41,34;39,99;46,68;45,17;44,40;43,53;45,42;41,03;40,26;39,32;37,27
20100;Deba Beherea / Bajo Deba;37,19;33,61;34,58;74,32;31,02;30,13;28,86;22,56;22,46;20,68;29,17;26,99;30,15;33,21;35,21;34,83;35,25;35,12;33,58
20300;Debagoiena / Alto Deba;30,31;25,98;27,78;19,72;23,23;20,90;18,95;16,11;16,96;17,69;28,37;25,53;30,31;32,38;38,15;45,15;49,14;48,23;44,66
20400;Donostialdea / Donostia-San Sebastián;76,72;70,23;71,61;4,91;60,44;54,63;52,50;43,99;45,31;44,59;55,28;52,54;56,40;58,09;62,13;60,36;61,98;62,80;56,39
48300;Durangaldea / Duranguesado;46,80;33,04;36,10;61,90;31,30;28,60;28,06;24,31;24,72;25,87;30,09;27,16;31,03;31,69;36,10;34,35;33,48;34,01;34,39
48400;Enkartazioak / Encartaciones;38,16;29,45;31,73;305,14;31,04;27,76;25,50;23,03;22,64;21,41;23,68;18,80;19,43;20,08;21,69;22,71;22,02;20,10;17,41
01400;Errioxa Arabarra / Rioja Alavesa;25,73;22,79;23,86;71,47;24,35;21,13;18,65;16,51;15,06;14,64;14,26;11,75;8,57;6,70;5,26;4,60;4,69;4,51;4,36
48500;Gernika-Bermeo;32,41;25,81;27,76;558,59;25,25;25,02;25,35;22,63;24,03;22,73;29,15;25,23;26,22;26,59;28,88;28,47;31,56;32,00;30,82
20500;Goierri;29,13;26,47;26,37;54,77;21,11;19,88;19,18;16,31;17,46;17,32;23,72;21,52;23,71;26,37;28,49;29,05;29,97;27,83;24,26
01500;Gorbeia Inguruak / Estribaciones del Gorbea;31,28;27,97;24,07;1.083,25;19,14;16,45;12,85;11,00;10,71;11,49;13,93;10,28;16,88;17,08;19,87;26,92;29,37;28,47;28,63
01600;Kantauri Arabarra / Cantábrica Alavesa;33,11;26,71;26,47;10,94;23,86;25,01;23,92;17,01;17,87;20,88;27,51;27,09;32,61;39,15;40,65;43,37;44,98;42,68;41,21
48600;Markina-Ondarroa;27,29;20,88;22,04;36,05;20,37;19,37;21,44;17,93;21,03;21,15;27,17;25,26;26,09;25,21;26,81;24,10;22,89;19,64;18,94
48700;Plentzia-Mungia;70,29;52,14;57,26;38,71;50,74;45,92;45,28;38,27;38,68;40,65;38,50;36,08;37,53;34,76;35,47;33,45;32,87;34,79;30,58
20600;Tolosaldea / Tolosa;42,55;39,22;39,97;460,19;32,39;32,51;31,18;27,85;27,74;26,24;28,61;25,68;26,24;28,94;35,28;40,70;40,24;40,21;33,84
20700;Urola-Kostaldea / Urola Costa;70,03;59,75;61,39;42,85;55,61;53,55;44,22;35,96;31,04;31,21;37,82;36,58;38,83;38,21;40,86;40,63;41,27;32,86;26,87
"";;;;;;;;;;;;;;;;;;;;
Detalle por municipios;;;;;;;;;;;;;;;;;;;;
Código municipio;Municipio;2023;2022;2021;2020;2019;2018;2017;2016;2015;2014;2013;2012;2011;2010;2009;2008;2007;2006;2005
48001;Abadiño;50,32;34,47;35,74;39,09;32,50;29,24;27,62;20,73;22,13;26,54;28,28;29,06;33,24;35,99;59,95;52,94;41,67;31,67;30,81
20001;Abaltzisketa;6,39;6,23;6,58;9,77;6,37;12,20;9,55;6,25;6,37;6,27;3,13;3,12;3,14;3,18;3,18;3,17;3,17;3,31;3,38
48002;Abanto y Ciérvana-Abanto Zierbena;46,45;36,19;37,08;34,13;31,15;28,18;26,72;23,57;23,51;24,07;29,92;25,78;27,03;27,02;31,17;30,54;29,88;29,58;31,21
20002;Aduna;92,74;67,59;57,97;56,49;51,76;37,50;27,08;24,95;36,56;36,56;8,57;4,42;6,71;4,47;2,35;5,03;5,39;5,48;5,51
20016;Aia;35,73;28,80;29,92;457,94;23,68;23,52;21,78;15,80;11,37;11,36;10,94;6,97;7,00;7,58;7,55;6,71;5,43;8,82;6,68
20003;Aizarnazabal;47,31;36,05;35,90;76,52;35,11;32,77;30,03;22,11;23,87;19,87;21,22;16,00;13,55;15,49;19,01;29,37;47,17;52,80;53,14
48911;Ajangiz;19,48;17,24;15,09;124,46;20,45;26,49;26,20;23,81;30,11;26,49;4,39;6,76;8,85;15,52;6,79;6,88;13,70;11,47;11,57
20004;Albiztur;0,00;0,00;3,32;102,65;3,41;3,38;6,62;6,58;6,47;3,33;3,27;3,31;3,40;3,46;6,87;3,33;3,32;0,00;0,00
20005;Alegia;33,35;32,47;32,91;1,10;28,92;27,41;35,35;25,63;21,59;19,73;20,21;15,60;13,41;19,63;23,11;24,46;27,20;22,81;18,15
01001;Alegría-Dulantzi;45,11;36,49;33,81;30,48;26,11;22,44;24,02;20,37;16,73;18,27;19,61;9,37;9,98;7,19;8,18;9,59;10,29;9,60;7,27
20006;Alkiza;14,37;11,24;17,49;163,79;8,57;11,56;14,12;8,60;5,78;2,86;5,56;2,72;2,80;5,83;5,90;5,68;5,83;6,29;0,00
48912;Alonsotegi;58,63;44,27;46,62;4,41;42,17;40,67;40,42;33,49;31,17;27,20;29,07;28,41;22,38;22,64;22,55;24,59;21,81;18,12;17,95
20906;Altzaga;0,00;6,02;11,70;3.076,47;5,46;5,32;10,87;5,43;0,00;0,00;0,00;0,00;0,00;6,33;6,41;6,29;0,00;0,00;0,00
20007;Altzo;32,83;25,13;21,22;10,10;15,38;19,07;25,14;22,60;19,55;20,00;23,19;8,47;2,81;2,85;2,90;5,03;2,53;5,32;2,77
20008;Amezketa;19,57;21,72;23,66;1,08;17,39;23,15;18,42;10,86;7,60;5,42;5,27;1,05;0,00;0,00;2,04;2,05;4,13;5,32;3,13
48003;Amorebieta-Etxano;49,69;34,41;39,95;0,47;33,28;28,56;27,80;25,44;24,61;25,06;21,79;16,39;18,78;19,76;22,76;24,29;26,13;28,94;35,34
48004;Amoroto;10,39;13,05;12,82;344,83;7,23;4,89;4,77;4,77;7,26;14,96;4,90;0,00;0,00;0,00;0,00;2,48;2,49;2,46;2,50
01002;Amurrio;38,13;33,58;32,69;29,54;27,20;27,55;24,31;16,37;18,14;22,90;29,67;28,33;34,07;41,22;44,58;43,47;40,82;39,27;33,12
20009;Andoain;54,65;44,98;48,04;0,61;41,10;37,67;36,91;32,29;34,94;35,81;43,67;41,30;44,46;47,42;49,99;49,62;49,88;54,07;52,98
20010;Anoeta;45,41;37,25;39,94;8,52;34,98;38,31;33,30;36,46;34,07;30,64;23,77;24,57;19,67;21,31;18,49;17,53;20,19;19,33;15,44
20011;Antzuola;18,23;16,78;17,33;330,38;9,18;7,72;5,41;3,61;2,70;8,02;10,26;5,82;7,71;6,35;5,07;8,33;11,72;9,48;5,68
48005;Arakaldo;45,71;28,09;41,42;4.788,24;29,41;23,95;24,39;12,27;30,30;18,40;13,33;0,00;0,00;0,00;0,00;0,00;0,00;0,00;0,00
20012;Arama;0,00;10,26;15,15;419,51;19,61;14,85;19,14;18,96;19,05;14,08;4,55;4,55;5,00;5,08;4,67;0,00;0,00;5,52;5,85
01003;Aramaio;7,06;6,93;10,22;4,01;8,78;8,63;7,89;9,22;9,17;9,03;15,04;11,67;9,76;9,89;9,81;31,48;41,50;42,97;43,56
48006;Arantzazu;21,53;16,99;7,14;11,99;10,31;10,61;16,30;8,02;7,94;7,81;10,39;5,36;5,52;8,55;9,29;13,20;13,20;13,29;10,03
48093;Areatza;36,05;21,92;23,48;1.895,07;24,39;25,51;22,91;19,12;18,43;11,90;20,75;25,12;21,29;23,10;42,29;37,50;34,48;32,71;30,51
20013;Aretxabaleta;27,61;22,05;27,52;3,65;23,59;22,40;21,25;19,22;17,46;19,07;23,02;17,47;19,12;22,79;29,19;32,84;35,83;49,64;48,40
01006;Armiñón;25,21;17,78;13,16;13,39;13,45;8,97;14,02;8,89;0,00;0,00;0,00;0,00;0,00;0,00;0,00;0,00;6,29;0,00;0,00
01037;Arraia-Maeztu;14,51;14,81;17,50;26,42;6,83;8,20;9,79;8,33;11,14;11,32;16,90;5,47;6,78;5,53;7,04;8,47;5,69;5,63;5,63
48009;Arrankudiaga;25,29;18,81;24,39;30,66;18,66;16,68;19,65;14,78;17,89;19,11;8,09;10,21;10,27;8,47;6,47;10,98;12,37;12,94;16,61
20055;Arrasate/Mondragón;44,98;38,17;39,57;5,98;34,46;30,47;26,67;22,63;22,74;22,61;39,09;36,80;42,37;43,64;47,86;54,13;56,80;54,66;53,08
48914;Arratzu;9,83;4,77;9,43;169,08;12,20;16,87;21,69;17,07;19,66;14,78;12,47;15,35;10,34;13,02;2,67;2,72;8,57;8,67;5,68
01008;Arratzua-Ubarrundia;21,26;16,70;12,14;9,43;7,73;2,90;4,84;3,89;5,85;8,60;13,46;1,95;3,94;7,21;4,31;4,26;7,66;5,66;9,13
48010;Arrieta;19,37;12,24;15,93;37,30;7,10;12,37;9,11;7,29;8,99;7,07;17,61;3,70;3,65;1,86;3,60;0,00;0,00;0,00;0,00
48011;Arrigorriaga;58,81;42,44;44,50;0,42;40,19;37,87;35,98;31,09;35,17;34,95;42,45;38,53;39,37;40,38;47,61;44,18;41,79;47,63;45,63
48023;Artea;42,22;27,52;27,93;49,40;24,97;27,70;23,61;22,28;14,95;13,18;17,06;17,36;15,54;16,88;24,10;24,32;26,46;16,30;13,55
48008;Artzentales;20,66;16,83;18,34;5,62;19,37;21,68;19,77;16,78;15,03;8,34;7,01;1,39;1,33;4,13;5,59;2,85;4,26;1,47;2,93
01004;Artziniega;21,91;14,85;17,71;8,06;16,75;15,09;12,42;12,64;9,15;8,68;14,66;11,92;9,06;9,15;9,86;7,10;7,33;5,87;4,76
01009;Asparrena;15,84;12,87;13,24;4,83;7,43;13,05;10,39;4,94;8,55;13,91;22,30;16,03;18,77;12,97;13,07;14,59;15,68;20,37;25,36
20014;Asteasu;25,36;25,10;23,61;3,29;20,51;21,29;20,25;16,56;21,43;17,85;19,88;18,60;18,67;22,37;15,81;17,11;17,68;10,41;6,31
20903;Astigarraga;142,99;133,23;139,41;1,28;129,16;112,78;102,67;86,12;80,16;80,52;40,44;25,12;23,96;27,06;28,75;30,60;34,09;32,55;28,67
20015;Ataun;12,74;12,30;13,13;117,75;9,73;9,74;8,13;5,81;4,72;8,96;16,49;11,32;11,95;12,03;10,84;11,47;12,81;10,09;10,78
48091;Atxondo;19,84;16,05;13,08;195,19;13,72;16,27;16,07;11,24;12,35;15,95;30,15;28,04;34,58;36,36;32,82;20,60;19,16;9,07;8,44
48070;Aulesti;14,04;6,14;6,15;104,85;8,98;7,52;7,55;7,44;6,13;6,12;3,06;6,13;4,50;7,35;7,41;4,41;17,73;20,83;2,99
01010;Ayala/Aiara;19,97;16,99;15,61;11,67;12,44;12,41;10,36;7,28;5,19;7,30;9,74;7,28;5,93;10,26;9,74;11,11;11,36;6,67;6,76
20017;Azkoitia;34,27;34,52;34,16;3,26;31,63;31,28;28,34;22,39;19,49;18,24;26,20;26,74;28,50;30,38;31,82;32,28;28,88;25,39;16,69
20018;Azpeitia;42,72;35,70;39,82;68,17;45,14;41,58;25,81;21,73;18,63;17,27;25,06;23,80;24,38;32,77;48,09;50,14;48,47;25,77;14,33
01049;Añana;29,94;22,47;28,09;17,14;27,93;16,13;16,67;11,17;11,63;5,92;33,90;12,05;5,75;0,00;5,62;5,62;5,65;11,05;11,17
48012;Bakio;48,09;38,35;38,02;1,80;34,64;32,21;31,94;25,15;23,88;26,70;25,23;23,93;22,18;24,28;31,98;33,72;47,79;56,99;53,33
20904;Baliarrain;12,58;19,48;12,90;761,29;6,06;6,62;6,67;6,58;0,00;0,00;0,00;0,00;0,00;0,00;0,00;0,00;0,00;0,00;0,00
48090;Balmaseda;47,38;36,80;38,52;3,52;35,35;32,52;31,67;29,56;28,22;25,16;30,12;24,67;25,60;26,15;26,80;29,30;28,71;23,73;20,77
48013;Barakaldo;71,26;53,10;54,63;5,27;48,44;45,70;44,68;38,05;37,43;36,95;41,07;38,59;35,30;33,07;35,26;32,45;31,55;30,57;29,34
48014;Barrika;86,30;71,47;69,99;11,95;38,54;36,65;35,18;25,36;22,42;23,64;34,08;29,15;30,98;29,00;31,61;26,48;18,58;12,97;13,91
01013;Barrundia;4,40;8,67;7,43;40,95;7,44;5,29;5,27;5,24;5,34;4,26;11,59;4,19;3,19;3,22;2,16;4,53;5,93;2,45;3,74
48015;Basauri;81,36;61,19;63,67;0,30;57,85;50,85;48,53;41,25;45,01;42,65;49,50;49,97;52,46;54,99;59,71;55,67;52,41;51,10;49,59
01011;Baños de Ebro/Mañueta;6,23;3,15;3,13;48,54;6,23;3,10;3,21;6,29;6,39;0,00;0,00;0,00;0,00;0,00;0,00;0,00;0,00;0,00;0,00
20019;Beasain;34,81;30,76;32,19;1,37;23,61;21,33;19,96;17,83;21,78;23,07;26,48;25,23;32,86;35,25;36,48;39,17;37,48;29,24;21,88
48092;Bedia;49,33;40,47;35,45;2.208,37;36,22;30,36;27,24;21,51;19,49;24,41;30,01;16,75;10,15;10,31;21,72;24,87;31,57;42,01;35,12
20020;Beizama;87,38;56,07;62,50;3.635,59;64,52;75,00;0,00;7,94;8,00;7,94;15,50;0,00;0,00;0,00;0,00;0,00;0,00;0,00;0,00
20021;Belauntza;19,35;23,03;17,36;2.511,03;42,15;34,88;23,26;19,61;23,53;19,08;14,60;3,53;3,39;6,76;13,16;10,10;12,78;10,00;6,64
48016;Berango;176,60;122,23;130,35;2,29;90,43;67,36;62,07;51,26;46,51;45,53;39,15;36,10;37,03;38,96;40,94;35,66;37,74;36,25;29,96
01014;Berantevilla;15,62;19,65;14,14;3,98;10,02;12,30;14,43;18,83;16,84;14,68;10,29;6,22;6,29;0,00;0,00;0,00;0,00;2,14;2,19
20022;Berastegi;11,06;6,62;4,65;2,80;3,80;3,80;2,84;4,70;2,82;5,73;1,92;0,00;0,96;2,88;2,91;5,91;7,89;7,12;6,11
20074;Bergara;25,54;23,54;26,35;1,69;20,68;18,86;18,76;15,32;16,57;18,20;28,31;24,35;28,67;32,00;34,46;39,71;40,96;38,22;29,62
48017;Bermeo;29,20;25,43;28,54;0,30;23,83;24,70;23,78;22,25;23,04;21,19;31,08;27,59;29,31;30,43;34,53;32,86;30,37;30,79;30,33
01016;Bernedo;18,08;9,14;8,83;14,76;3,77;11,61;15,09;11,21;5,83;9,28;14,31;12,03;8,56;8,67;8,56;8,59;11,95;1,74;3,51
48018;Berriatua;35,89;32,63;36,70;86,82;34,21;35,17;35,83;20,19;19,74;22,89;24,84;23,07;21,39;25,30;24,67;19,73;9,27;4,89;2,59
48019;Berriz;32,64;26,24;27,77;67,61;22,95;23,40;23,71;15,52;17,43;18,41;24,19;19,63;19,44;15,93;14,88;12,41;8,85;9,01;8,12
20023;Berrobi;33,39;30,25;26,76;686,57;21,21;21,21;19,45;12,99;13,36;14,95;13,72;6,98;6,96;6,87;3,49;5,05;6,90;3,47;6,90
20024;Bidania-Goiatz;26,32;18,55;15,09;14,90;8,93;3,59;5,52;9,23;9,73;0,00;0,00;3,85;7,52;7,56;3,84;2,00;2,08;2,12;2,14
48020;Bilbao;79,03;60,03;62,18;15,33;57,29;52,76;51,59;44,88;44,15;42,88;53,95;53,29;51,65;49,70;50,37;44,43;43,75;42,32;40,18
48021;Busturia;46,82;27,88;28,76;41,21;32,68;31,11;32,32;27,12;28,45;31,57;36,80;37,92;39,70;39,59;45,74;52,54;54,55;62,06;54,84
01017;Campezo/Kanpezu;11,59;9,87;9,77;6,37;6,60;10,32;9,35;5,70;8,56;9,41;15,76;11,52;12,41;13,44;14,25;9,89;8,17;10,95;9,30
20029;Deba;30,68;26,80;30,67;1,47;26,41;23,88;21,15;15,08;16,03;15,70;19,44;15,99;17,99;19,51;23,94;26,08;24,20;23,99;20,40
48901;Derio;87,64;57,58;63,40;1,14;60,74;55,16;50,34;42,81;44,33;44,08;30,63;26,49;30,53;40,16;46,60;54,22;59,58;58,41;63,24
48026;Dima;18,62;12,02;14,38;36,59;12,52;9,78;11,79;13,12;7,54;7,01;7,06;7,84;8,83;8,12;7,66;7,76;4,80;2,45;4,16
20069;Donostia / San Sebastián;75,28;69,53;71,46;0,01;61,82;55,42;53,14;44,68;46,24;45,24;60,47;57,85;60,87;62,44;66,92;64,19;65,62;66,83;61,21
48027;Durango;58,38;38,88;41,83;4,30;37,23;34,75;33,45;29,36;30,28;31,06;32,47;30,26;37,94;39,88;41,93;39,02;38,62;36,15;31,80
48028;Ea;17,20;10,49;11,76;25.227,76;19,14;11,79;11,74;10,65;14,12;16,47;18,58;10,45;11,39;5,63;5,61;10,01;7,91;10,42;9,30
20030;Eibar;44,08;39,00;41,10;6,29;36,43;36,01;35,56;27,97;26,36;24,92;36,09;34,44;37,33;40,52;41,65;41,90;42,34;40,86;39,31
48031;Elantxobe;34,09;25,42;28,49;60,69;28,01;30,39;33,24;16,39;21,51;23,44;28,06;7,61;7,43;4,66;4,55;4,54;4,57;2,24;11,36
01021;Elburgo/Burgelu;10,48;7,60;7,69;19,88;6,28;4,78;0,00;3,12;3,14;3,16;4,65;0,00;6,16;3,12;1,68;1,86;5,78;3,87;3,97
01022;Elciego;9,04;8,88;9,88;4,87;14,49;14,45;9,44;12,32;11,65;11,82;12,94;9,39;12,16;13,05;13,94;13,05;9,48;8,76;10,28
20031;Elduain;4,12;4,33;8,20;54.037,50;12,35;8,00;4,12;0,00;0,00;0,00;0,00;0,00;0,00;0,00;0,00;0,00;0,00;4,44;9,17
20033;Elgeta;17,15;13,69;12,72;2,68;11,49;8,78;9,65;3,51;10,01;8,17;12,66;11,58;11,81;11,06;11,34;8,62;13,71;22,64;20,06
20032;Elgoibar;31,95;29,26;29,66;99,26;27,56;27,19;25,35;20,27;22,73;19,62;26,62;25,51;28,60;34,64;31,36;29,31;33,41;39,21;39,91
48032;Elorrio;25,45;17,20;18,53;171,98;18,53;16,66;17,17;15,59;16,87;18,08;25,09;23,13;27,29;30,18;40,97;40,58;32,42;33,46;27,97
01023;Elvillar/Bilar;9,17;15,29;14,84;34,78;11,36;8,45;2,72;0,00;2,87;2,89;8,80;5,78;0,00;0,00;0,00;0,00;0,00;5,68;5,81
48902;Erandio;86,47;69,79;72,12;0,29;67,12;59,80;56,63;48,81;50,74;50,02;53,48;48,83;48,25;48,62;46,56;41,25;38,77;35,42;34,30
48033;Ereño;25,09;17,42;21,58;47,45;14,49;15,15;11,67;11,63;7,66;3,88;7,94;3,94;3,76;3,66;0,00;0,00;0,00;0,00;0,00
48034;Ermua;34,30;28,34;33,28;0,70;27,53;25,25;25,92;22,71;23,70;24,51;40,25;38,75;40,13;39,49;41,13;40,07;42,89;50,51;58,24
20067;Errenteria;68,48;64,74;64,25;4,33;49,43;46,04;46,07;39,76;41,27;40,26;50,82;47,44;49,93;51,87;55,66;56,36;58,82;57,91;50,39
20066;Errezil;15,31;5,12;7,03;46,15;11,27;11,15;6,31;6,37;3,29;8,32;1,66;0,00;1,61;4,93;3,24;1,61;0,00;1,60;0,00
01046;Erriberagoitia/Ribera Alta;17,96;13,67;12,67;25,06;12,05;7,18;9,67;7,29;4,86;9,30;11,88;4,69;2,28;2,33;3,64;1,24;1,29;0,00;0,00
48079;Errigoiti;25,54;21,65;31,62;20,53;8,16;6,20;12,17;6,05;8,06;10,20;13,81;1,92;3,77;5,43;5,71;3,91;7,69;1,97;1,97
20034;Eskoriatza;22,40;17,41;16,34;3,87;11,94;11,07;11,25;10,98;13,67;11,68;20,63;19,28;23,08;25,17;30,83;40,86;50,12;43,50;42,48
48029;Etxebarri;115,31;77,25;81,85;4,59;77,66;72,23;66,69;56,30;60,54;65,54;43,10;43,10;45,17;51,39;52,36;50,11;52,64;60,80;64,83
48030;Etxebarria;64,14;40,29;39,77;617,23;36,24;27,96;34,01;31,68;39,66;52,78;15,19;2,71;4,08;4,05;2,66;2,62;2,61;4,90;3,74
20035;Ezkio-Itsaso;6,54;6,38;11,04;576,80;4,73;12,42;12,52;7,94;14,47;14,38;4,85;0,00;1,63;1,68;1,69;1,75;3,57;3,62;3,61
48906;Forua;49,79;37,67;40,22;100,00;32,08;25,11;30,27;28,14;26,77;21,05;25,26;20,66;22,89;21,63;24,93;23,95;31,66;33,72;24,87
48035;Fruiz;26,04;10,87;16,42;270,07;16,10;16,57;18,28;12,70;12,80;18,08;10,77;1,82;3,72;12,82;13,36;11,93;17,28;7,44;4,99
20038;Gabiria;1,86;5,66;9,52;131,18;3,90;0,00;1,98;0,00;3,94;5,89;9,75;0,00;0,00;0,00;0,00;0,00;2,26;2,35;0,00
20037;Gaintza;8,00;8,00;0,00;46,51;0,00;0,00;0,00;8,47;8,20;0,00;8,26;0,00;0,00;0,00;0,00;0,00;0,00;0,00;0,00
48036;Galdakao;57,01;29,42;30,55;58,24;28,48;26,95;26,09;21,28;19,95;19,57;20,14;19,36;20,93;21,81;23,98;23,04;23,66;28,97;31,46
48037;Galdames;7,26;5,98;9,58;4,76;10,66;16,75;14,44;7,26;8,55;7,31;9,71;3,60;9,38;10,48;10,65;10,60;10,99;10,84;8,53
48038;Gamiz-Fika;20,36;15,85;20,22;370,10;11,76;16,01;16,76;13,85;19,77;17,84;14,93;8,17;7,42;9,77;9,03;9,90;9,38;9,38;3,13
48039;Garai;3,02;0,00;3,10;34,48;3,10;6,17;3,15;0,00;0,00;3,22;12,70;6,08;5,90;5,95;6,23;6,37;6,33;3,30;3,39
48040;Gatika;31,27;22,21;25,63;554,56;20,01;18,81;18,66;15,53;18,05;21,12;16,08;9,30;9,89;5,08;5,78;4,56;5,99;4,83;7,78
48041;Gautegiz Arteaga;13,33;13,19;16,97;38,99;15,35;16,39;13,99;10,64;14,18;16,34;19,50;13,36;12,06;10,20;12,47;12,40;11,44;14,84;9,13
20907;Gaztelu;0,00;5,68;5,56;1.581,01;0,00;0,00;0,00;0,00;0,00;0,00;11,24;5,68;5,78;11,43;11,76;12,42;11,76;11,43;5,75
48046;Gernika-Lumo;37,73;29,80;30,58;1,55;28,20;28,28;29,72;25,84;28,38;27,28;34,91;31,35;32,50;32,44;33,70;33,69;43,79;42,87;41,67
20039;Getaria;74,72;63,50;69,22;1,76;80,92;76,95;44,15;39,63;34,40;38,11;23,74;17,29;18,09;28,76;32,06;28,36;25,81;22,52;21,83
48044;Getxo;93,98;74,64;79,24;11,85;67,12;57,64;53,89;45,42;43,58;39,13;45,99;44,89;41,30;38,47;42,52;40,31;40,29;37,72;31,66
48047;Gizaburuaga;48,78;29,41;30,15;9,71;30,00;23,81;18,78;9,52;14,35;14,02;0,00;4,65;4,90;0,00;0,00;0,00;0,00;0,00;0,00
48042;Gordexola;32,92;24,51;37,56;18,08;46,43;37,70;17,05;15,18;12,93;14,61;18,65;11,57;14,36;13,61;12,06;9,21;8,80;6,74;11,76
48043;Gorliz;53,70;35,68;41,36;1,16;34,37;30,56;28,23;26,82;24,23;24,92;30,90;24,46;26,79;23,84;25,04;20,29;18,60;18,63;15,56
48045;Güeñes;42,89;31,98;33,41;1,97;33,37;27,73;26,53;24,47;24,22;22,81;22,95;17,41;17,47;18,78;22,66;24,53;23,19;21,23;18,12
01056;Harana/Valle de Arana;4,46;0,00;0,00;37,66;4,24;4,20;4,07;0,00;0,00;0,00;3,77;0,00;0,00;0,00;0,00;0,00;0,00;0,00;0,00
20040;Hernani;91,49;78,22;77,26;0,24;67,58;60,56;59,85;47,99;48,37;49,19;53,62;54,61;64,07;64,70;64,74;58,56;59,62;57,87;52,96
20041;Hernialde;22,01;28,66;31,85;0,00;22,95;26,23;28,66;16,13;9,58;15,43;11,66;11,70;11,43;11,46;5,87;5,95;0,00;0,00;3,06
20036;Hondarribia;85,71;76,99;80,75;135,30;72,42;67,96;55,08;42,57;43,35;43,06;35,09;33,78;30,60;30,83;29,68;27,70;25,87;22,15;15,31
20042;Ibarra;50,07;50,43;53,12;0,00;44,12;49,32;46,73;43,31;40,70;37,25;45,53;42,05;42,24;42,48;47,13;51,63;51,47;54,10;47,50
48048;Ibarrangelu;34,43;26,76;24,43;57,10;19,32;19,20;17,49;12,56;12,46;14,06;18,81;11,06;7,81;6,26;4,89;6,50;3,29;3,38;3,41
20043;Idiazabal;13,39;11,64;11,15;75,34;12,61;11,31;11,35;12,22;9,43;5,99;9,42;5,16;7,33;10,43;9,22;7,15;11,94;14,40;17,39
48094;Igorre;43,16;28,75;32,82;342,57;32,27;30,51;30,19;24,50;22,64;21,89;30,26;25,26;27,03;25,89;31,38;29,41;29,66;27,63;25,43
20044;Ikaztegieta;40,65;44,12;40,00;3.367,65;32,92;37,55;46,46;32,59;24,79;22,73;13,02;6,51;6,44;6,49;4,34;0,00;2,22;2,25;2,27
20045;Irun;48,77;45,74;47,60;0,15;40,61;38,92;35,94;28,07;26,13;24,92;31,74;29,42;29,56;27,82;27,90;28,77;28,58;26,56;21,99
20046;Irura;49,00;42,73;53,09;750,14;35,87;37,00;34,03;30,67;23,43;23,51;21,34;17,08;17,91;20,09;19,96;18,07;18,62;16,91;14,13
01027;Iruraiz-Gauna;11,84;6,90;6,98;1,77;7,33;7,53;1,88;3,71;5,51;1,86;12,94;0,00;1,75;1,76;1,84;1,90;1,93;0,00;0,00
01901;Iruña Oka/Iruña de Oca;45,74;26,75;26,43;23,77;20,61;20,49;16,55;13,31;12,90;16,98;15,07;10,63;22,12;32,17;34,11;42,95;40,67;42,67;60,64
48049;Ispaster;13,83;14,84;13,59;13,21;9,41;9,45;13,74;16,64;16,69;17,02;8,37;5,55;5,67;4,42;6,01;6,07;7,59;8,00;8,06
20047;Itsasondo;39,42;32,84;35,01;299,26;17,86;16,71;14,25;14,45;10,65;8,90;23,99;8,98;10,36;13,53;9,19;10,97;8,10;13,42;16,98
48910;Iurreta;86,33;55,01;57,48;82,17;41,49;39,31;40,91;39,17;35,35;38,30;44,39;42,11;48,03;45,69;51,64;46,98;45,89;40,68;31,26
48050;Izurtza;28,81;20,66;40,00;2.039,37;31,36;27,68;17,36;22,30;23,90;22,81;34,84;27,40;24,82;28,57;22,14;22,81;26,52;16,13;15,94
48022;Karrantza Harana/Valle de Carranza;16,44;14,63;15,37;925,29;15,17;14,61;15,33;9,46;8,01;7,97;11,08;5,39;4,63;5,03;3,60;3,22;3,92;3,22;2,85
48907;Kortezubi;15,32;8,83;6,70;1.175,28;11,31;11,44;11,42;11,60;15,91;10,92;2,19;0,00;0,00;0,00;4,80;2,43;2,46;2,49;2,56
01019;Kripan;10,87;11,05;16,48;55,25;16,39;10,81;10,70;10,75;5,35;5,49;0,00;0,00;0,00;0,00;0,00;0,00;0,00;0,00;0,00
01020;Kuartango;15,27;7,81;9,88;17,77;8,06;5,57;2,73;0,00;0,00;2,87;2,91;2,92;5,83;5,95;5,83;3,01;0,00;0,00;0,00
01028;Labastida/Bastida;25,49;27,95;30,55;1,88;26,27;22,79;20,82;20,22;18,75;18,67;17,75;16,67;13,75;9,42;5,38;3,32;8,58;6,04;7,61
01030;Lagrán;0,00;5,46;5,41;21,74;5,68;11,83;5,88;5,75;5,78;0,00;0,00;0,00;0,00;0,00;0,00;0,00;0,00;0,00;0,00
01031;Laguardia;22,32;16,08;16,12;2,61;16,95;16,14;13,38;10,33;10,97;10,01;13,19;11,19;9,98;8,15;8,35;8,38;8,40;5,23;3,22
01032;Lanciego/Lantziego;22,97;22,37;23,38;47,88;23,90;16,57;19,89;19,91;12,84;14,25;11,41;8,52;5,70;1,43;0,00;0,00;0,00;1,43;1,47
48051;Lanestosa;18,59;29,52;20,98;20.179,58;21,82;21,74;25,64;25,00;17,86;24,73;21,66;14,29;7,35;7,33;10,64;10,17;10,07;0,00;0,00
01902;Lantarón;20,26;18,11;15,31;18,71;17,99;14,86;12,81;10,68;7,68;13,02;14,71;5,21;3,15;1,06;1,03;1,01;2,11;2,06;5,22
01033;Lapuebla de Labarca;28,87;25,43;25,23;2,31;22,75;14,74;9,23;8,01;8,09;11,53;4,64;4,78;2,37;2,28;2,30;3,40;2,18;1,13;2,38
48052;Larrabetzu;38,16;28,68;28,90;2,85;24,37;21,92;25,38;24,56;23,33;24,32;23,01;15,26;13,59;10,25;11,99;11,19;9,79;6,91;7,06
20048;Larraul;27,24;15,50;15,38;99,62;3,98;4,07;4,03;4,12;4,07;4,00;0,00;0,00;0,00;0,00;0,00;0,00;0,00;0,00;0,00
20902;Lasarte-Oria;78,36;67,06;70,39;0,78;59,49;55,41;53,17;43,57;43,31;40,66;46,49;42,41;50,99;64,39;70,16;69,78;71,50;71,65;65,72
01036;Laudio/Llodio;34,43;26,07;26,07;0,99;25,12;27,47;28,08;20,16;21,20;23,80;31,24;31,90;39,58;47,13;47,82;49,38;53,12;51,61;52,85
48053;Laukiz;16,76;17,00;17,77;59,25;13,37;16,31;14,63;12,99;10,99;10,37;6,12;0,86;1,73;2,62;2,68;4,59;4,71;9,07;7,19
20049;Lazkao;28,32;23,38;22,36;3,27;18,47;19,10;18,31;15,82;17,32;17,39;22,96;21,03;19,72;21,69;24,97;27,00;26,92;24,42;23,98
20050;Leaburu;36,84;36,55;29,57;7.562,50;31,75;24,79;24,52;22,28;22,22;13,74;16,22;11,14;13,16;10,58;15,42;15,83;13,16;10,64;5,33
20051;Legazpi;21,02;17,01;15,92;11,28;12,72;11,27;10,56;9,57;12,09;12,03;23,14;22,25;25,27;29,90;37,76;37,67;39,54;34,26;29,36
20052;Legorreta;32,80;28,48;27,78;14,81;21,48;22,83;17,98;14,63;16,16;16,18;25,17;24,12;27,06;31,41;42,98;50,37;44,79;38,22;36,38
01058;Legutio;70,30;62,99;44,62;4.954,50;30,57;26,18;23,69;18,12;15,01;17,60;25,91;21,20;40,78;44,72;52,37;53,02;53,12;59,54;58,01
20068;Leintz-Gatzaga;8,89;9,57;13,64;1.429,20;12,82;12,00;8,06;0,00;0,00;0,00;3,92;0,00;0,00;3,72;7,75;7,66;7,75;8,10;7,94
48054;Leioa;101,27;86,31;93,00;7,73;89,55;79,61;71,77;59,28;57,29;56,36;51,68;51,48;52,92;52,69;54,73;48,05;49,50;50,35;47,85
48057;Lekeitio;27,77;20,97;21,26;20,71;17,71;17,53;21,35;19,61;24,35;27,25;42,48;43,67;45,01;45,63;50,20;50,24;47,89;44,46;48,26
48055;Lemoa;40,62;34,03;33,58;64,85;32,25;29,36;27,54;23,24;22,76;22,57;30,51;24,91;24,96;15,43;17,29;14,58;17,06;20,97;17,40
48056;Lemoiz;28,63;23,13;24,63;13,64;20,68;21,00;21,77;21,90;16,88;14,61;13,41;9,54;10,08;15,25;13,50;15,52;20,43;22,36;22,89
01034;Leza;32,86;18,10;23,15;124,42;8,85;4,61;18,96;9,01;32,41;27,03;14,08;18,35;8,89;4,61;4,15;4,35;4,31;0,00;0,00
48081;Lezama;36,22;30,04;30,55;336,52;27,77;27,28;24,55;18,98;17,42;21,54;22,93;20,68;21,22;23,69;25,49;23,78;21,39;18,73;18,34
20053;Lezo;88,85;77,18;76,31;0,49;55,26;52,44;48,50;41,91;46,15;48,55;43,60;37,41;42,46;45,36;46,53;42,43;41,09;39,16;32,81
20054;Lizartza;23,32;18,26;21,51;2.058,64;20,03;20,09;18,63;14,04;14,11;10,65;19,37;8,94;12,35;15,60;16,77;15,80;20,87;19,90;5,01
48903;Loiu;83,82;64,30;63,77;1,33;56,25;45,01;38,96;31,30;32,06;35,05;19,15;16,24;15,70;17,80;14,30;17,61;20,25;22,27;33,09
48058;Mallabia;31,87;23,16;31,04;6,78;27,73;28,96;31,54;23,75;22,98;18,95;9,93;4,95;7,53;10,99;10,20;9,40;6,87;3,46;2,63
48060;Markina-Xemein;29,46;22,33;23,29;1,79;23,88;18,73;22,06;18,04;21,02;18,34;24,98;23,55;21,20;20,96;20,25;16,34;16,00;10,13;6,42
48061;Maruri-Jatabe;22,97;12,50;18,91;47,87;10,92;9,70;10,91;10,81;10,63;5,30;14,99;9,55;12,58;8,77;10,12;10,12;15,37;13,06;10,79
48059;Mañaria;22,47;18,87;11,41;348,84;11,49;5,81;9,63;1,92;5,79;13,41;18,00;5,86;5,94;9,80;11,65;12,12;12,66;8,46;4,43
20901;Mendaro;29,63;23,63;22,03;1.051,45;19,39;19,17;17,69;16,86;11,77;5,40;12,93;9,51;9,13;12,92;11,60;11,59;8,19;6,44;6,56
48062;Mendata;9,98;4,94;2,41;9,90;2,47;4,90;4,95;4,94;5,00;2,55;12,99;7,98;5,22;5,18;5,08;5,22;5,35;8,04;8,13
48063;Mendexa;22,27;20,04;22,17;11,11;27,54;28,87;39,58;35,34;31,78;27,43;10,75;10,99;13,19;4,42;11,31;11,16;7,06;7,14;9,95
48064;Meñaka;14,65;10,74;13,64;64,38;14,20;12,62;15,58;7,01;5,52;8,39;8,23;1,36;4,05;15,28;15,71;14,79;18,05;15,43;9,17
01039;Moreda de Álava / Moreda Araba;27,13;27,67;26,92;1.835,94;22,30;17,99;10,53;3,61;0,00;3,77;7,38;0,00;0,00;0,00;0,00;0,00;0,00;0,00;0,00
48066;Morga;18,82;14,15;20,93;6.983,25;20,67;20,46;24,69;24,88;21,53;18,87;21,48;4,66;4,89;4,87;4,80;4,94;7,61;7,71;7,61
48068;Mundaka;45,95;35,37;40,98;71,88;42,32;35,25;28,51;29,36;26,91;23,42;15,43;8,91;8,85;12,51;14,61;14,08;14,55;16,83;19,31
48069;Mungia;53,93;42,08;45,49;1,73;44,80;41,85;41,83;35,99;38,91;40,79;43,23;46,31;49,37;43,90;45,58;44,87;42,85;48,00;38,56
48007;Munitibar-Arbatzegi Gerrikaitz-;12,88;6,45;8,49;10,29;15,28;6,56;8,93;13,33;12,99;8,68;10,73;4,37;4,54;4,68;2,40;2,40;7,61;18,42;20,89
48908;Murueta;28,30;9,01;9,32;253,16;19,29;16,45;23,26;19,93;23,49;20,20;13,51;6,73;6,94;6,83;3,40;3,37;6,69;6,67;6,83
48071;Muskiz;56,47;42,35;47,06;19,48;40,11;35,54;36,05;32,19;37,19;39,73;37,91;30,86;31,93;39,95;44,05;43,70;47,20;54,82;56,63
20057;Mutiloa;8,33;8,13;0,00;529,17;3,92;4,00;11,95;7,91;0,00;0,00;4,02;0,00;0,00;0,00;0,00;0,00;0,00;0,00;0,00
20056;Mutriku;26,86;26,88;22,86;2,07;21,64;19,31;19,07;12,90;14,84;13,76;17,42;14,58;23,80;23,98;41,16;34,76;27,33;20,45;14,21
48067;Muxika;16,91;12,59;10,83;91,09;14,72;13,50;15,59;12,49;13,26;14,53;16,67;14,43;11,68;12,28;12,35;11,61;11,13;14,64;11,80
48909;Nabarniz;3,70;3,79;7,78;1.110,27;0,00;0,00;8,20;4,02;0,00;0,00;4,22;4,29;4,39;4,24;4,27;0,00;0,00;0,00;0,00
01041;Navaridas;17,32;17,39;8,97;369,37;10,00;14,56;9,57;8,30;8,03;3,98;4,29;4,07;4,29;0,00;0,00;0,00;0,00;0,00;0,00
20063;Oiartzun;75,99;71,66;71,73;0,00;56,03;49,27;42,63;36,83;37,51;39,42;52,01;57,17;60,65;52,43;56,04;57,32;63,98;64,65;48,12
01042;Okondo;18,84;18,74;18,04;2,55;14,79;11,63;7,62;4,25;8,59;9,58;13,03;12,24;12,12;12,12;13,53;82,18;90,06;70,42;58,21
20058;Olaberria;29,60;31,32;32,43;47,37;25,08;25,16;22,10;18,81;20,11;19,25;18,79;8,51;9,56;7,48;10,74;11,53;14,77;13,16;7,84
48073;Ondarroa;25,87;20,30;22,28;0,59;20,31;21,65;21,39;16,99;19,96;17,81;24,86;20,76;23,40;20,25;21,33;16,17;14,83;11,06;9,33
20076;Ordizia;35,39;31,52;31,37;81,24;27,11;25,48;25,00;21,17;21,18;20,77;24,64;23,53;24,47;31,42;30,95;27,20;29,06;31,00;29,94
20905;Orendain;8,30;8,47;4,13;537,78;9,48;9,90;14,85;10,31;10,20;10,53;10,47;0,00;0,00;0,00;5,35;5,56;5,71;5,88;0,00
20060;Orexa;0,00;0,00;0,00;3.603,60;0,00;0,00;0,00;0,00;0,00;0,00;0,00;0,00;0,00;0,00;0,00;0,00;0,00;0,00;0,00
20061;Orio;80,49;62,14;62,10;2,13;55,94;55,93;50,62;40,88;36,43;32,80;33,05;28,53;28,25;28,97;32,47;33,94;44,39;45,91;47,91
20062;Ormaiztegi;21,33;15,43;16,10;39,94;16,46;16,99;12,87;9,16;9,23;10,06;14,72;9,24;9,30;9,17;9,17;9,89;12,30;10,81;7,91
48075;Orozko;27,03;21,99;24,00;4,39;20,90;25,64;20,63;17,19;16,70;17,47;19,05;9,51;9,30;8,02;9,38;9,84;9,53;9,33;7,32
48083;Ortuella;46,48;35,92;39,33;0,72;37,67;32,34;29,83;25,24;27,76;29,85;35,48;36,44;44,68;49,33;55,07;50,37;48,25;46,17;41,24
48072;Otxandio;32,88;22,99;23,50;28,97;16,97;17,95;19,73;16,62;13,19;14,91;20,80;16,29;14,62;10,22;13,45;13,05;11,53;15,28;12,25
01043;Oyón-Oion;35,46;30,63;33,51;1,96;35,50;33,17;31,17;25,68;23,34;22,85;22,73;19,37;11,58;9,51;6,33;4,98;4,72;5,19;3,40
20059;Oñati;16,93;14,88;15,37;0,26;12,82;11,54;9,29;8,46;11,00;11,96;19,37;18,25;25,39;27,12;41,75;55,32;64,41;60,71;57,38
20064;Pasaia;82,37;80,26;82,64;7,71;66,74;61,82;58,69;49,24;49,68;48,97;52,25;45,80;50,96;50,93;52,36;52,25;51,44;52,87;47,87
01044;Peñacerrada-Urizaharra;12,31;9,23;6,04;6,23;10,42;10,45;10,64;10,75;3,57;0,00;0,00;0,00;0,00;3,36;0,00;0,00;3,65;3,98;0,00
48077;Plentzia;71,22;49,56;57,10;2,43;54,09;53,17;52,81;47,33;49,08;52,54;30,93;24,18;23,39;22,88;23,25;21,59;21,58;24,81;24,48
48078;Portugalete;66,93;49,16;52,83;0,33;47,06;43,54;42,21;36,22;38,41;36,42;39,98;39,56;39,31;40,63;45,43;41,04;38,62;38,37;34,80
01047;Ribera Baja/Erribera Beitia;17,07;15,25;15,25;80,79;14,37;18,59;17,16;13,57;14,75;12,05;10,85;8,26;2,77;2,84;1,45;0,78;2,37;1,67;2,58
01051;Salvatierra/Agurain;37,53;30,64;28,07;4,22;25,22;21,15;21,37;19,25;16,68;17,63;20,95;18,23;21,00;12,41;14,12;13,93;13,04;12,63;16,59
01052;Samaniego;14,18;10,10;0,00;537,67;0,00;4,20;0,00;4,08;3,62;0,00;7,33;3,25;6,27;3,04;3,07;3,13;0,00;15,77;22,01
01053;San Millán/Donemiliaga;11,11;4,10;4,11;0,00;4,13;2,71;0,00;1,36;2,72;2,71;8,06;3,95;0,00;0,00;1,36;1,41;1,40;1,36;1,37
48082;Santurtzi;64,39;48,43;52,21;0,15;45,51;41,30;38,53;34,30;34,55;32,81;41,77;40,79;40,38;38,45;37,45;31,40;29,34;26,21;23,71
20070;Segura;19,69;17,00;18,88;0,00;16,31;15,76;15,37;13,35;10,68;12,67;14,76;8,09;5,38;4,71;2,76;5,08;4,42;6,98;6,24
48084;Sestao;63,01;48,35;51,55;12,31;48,45;43,87;41,56;35,28;35,66;33,61;48,75;37,91;43,12;41,43;45,50;40,24;40,32;39,39;36,94
48904;Sondika;75,76;53,87;53,26;27,68;49,40;44,55;42,16;34,50;32,73;30,80;32,69;31,57;46,40;57,88;56,79;53,67;49,77;48,76;57,60
48085;Sopela;114,32;83,97;92,90;1,73;82,13;72,68;72,35;62,50;62,90;65,96;61,90;59,08;60,11;54,26;51,95;43,28;40,68;42,30;41,01
48086;Sopuerta;26,37;22,72;26,03;0,00;28,66;27,96;25,08;23,16;25,15;25,91;25,06;22,20;23,59;25,22;26,73;24,85;24,42;26,69;24,77
20065;Soraluze-Placencia de las Armas;31,66;32,94;31,54;175,87;28,69;27,43;23,04;18,49;19,34;18,52;26,14;20,16;20,28;19,03;20,81;24,77;28,82;29,85;29,38
48076;Sukarrieta;43,84;27,40;27,10;2,80;26,95;20,83;26,16;25,64;22,41;16,57;14,53;5,75;5,81;5,85;14,88;11,90;15,15;14,75;14,79
20071;Tolosa;48,39;44,26;44,30;18,69;35,31;34,98;33,77;30,91;32,35;31,49;34,14;33,02;33,49;36,94;45,84;53,75;55,07;58,61;47,90
48087;Trucios-Turtzioz;17,14;15,07;11,43;370,37;11,54;9,77;3,83;3,86;3,85;5,74;11,28;3,65;3,66;0,00;0,00;1,86;9,16;9,16;9,43
48088;Ubide;11,63;0,00;17,54;360,95;0,00;5,65;5,26;0,00;0,00;10,87;16,57;5,49;5,35;5,35;5,88;30,67;12,50;12,99;12,90
48065;Ugao-Miraballes;40,05;29,47;31,44;4,64;28,24;26,01;27,41;19,31;22,50;25,60;30,75;26,96;29,43;27,22;29,03;41,66;50,36;53,57;43,72
48089;Urduliz;107,89;80,78;88,50;80,12;78,41;63,58;60,73;41,03;36,82;40,94;27,56;21,41;20,64;24,63;25,57;37,50;39,14;31,54;26,78
48074;Urduña/Orduña;30,54;23,07;22,23;32,07;19,61;21,53;20,87;14,19;14,02;15,63;24,39;23,26;17,62;18,04;12,81;9,11;7,47;7,84;5,90
01054;Urkabustaiz;31,98;27,82;31,14;2,07;29,66;25,78;17,87;12,91;11,62;17,99;22,87;9,79;17,47;15,68;16,33;35,45;40,92;22,69;17,32
20072;Urnieta;84,46;77,35;69,14;4,05;53,95;43,94;44,74;36,11;38,74;41,41;39,86;37,97;37,59;35,44;40,17;42,85;44,92;53,25;45,36
20077;Urretxu;37,53;39,86;34,27;61,59;28,70;28,08;28,48;23,17;22,19;20,12;28,27;28,12;29,73;29,16;31,93;31,45;31,95;32,07;29,15
20073;Usurbil;56,06;50,24;52,80;203,06;45,81;51,12;51,23;36,00;38,89;34,70;45,43;43,71;53,04;42,44;56,10;58,80;63,89;60,34;27,87
01055;Valdegovía/Gaubea;15,67;13,17;11,12;46,35;9,40;10,29;9,36;6,62;6,59;6,58;8,30;1,84;0,90;0,88;1,76;2,67;2,58;2,68;2,70
48080;Valle de Trápaga-Trapagaran;55,93;42,30;43,96;6,38;37,87;34,69;32,35;26,60;29,90;29,23;33,44;32,70;32,92;33,00;35,39;33,93;34,06;35,87;37,06
20075;Villabona;50,98;48,90;50,80;21,37;38,36;37,93;35,44;32,24;31,38;30,16;35,71;28,96;30,20;32,49;42,31;55,38;43,00;44,04;41,78
01057;Villabuena de Álava/Eskuernaga;16,72;17,18;16,89;20,55;24,82;9,87;3,27;9,90;3,39;9,71;6,33;0,00;0,00;0,00;0,00;0,00;0,00;0,00;0,00
01059;Vitoria-Gasteiz;50,66;41,60;41,37;0,04;36,16;32,95;30,47;25,47;24,50;26,68;34,45;32,86;43,80;42,78;52,31;62,16;68,16;70,86;72,65
01060;Yécora/Iekora;53,44;36,44;36,59;3,80;44,94;38,91;34,88;34,88;18,38;7,49;3,76;0,00;0,00;0,00;0,00;0,00;0,00;0,00;0,00
48095;Zaldibar;28,13;24,29;23,88;78,17;22,33;19,96;19,89;18,65;17,31;18,10;22,36;19,14;19,36;21,26;22,54;25,39;25,07;34,83;42,37
20078;Zaldibia;28,80;21,37;24,01;137,53;20,51;20,86;19,02;13,18;14,05;12,71;14,78;10,50;9,23;10,60;13,38;18,48;16,09;11,70;8,39
01061;Zalduondo;0,00;0,00;0,00;78,05;0,00;0,00;5,10;5,03;0,00;0,00;0,00;0,00;0,00;0,00;0,00;0,00;0,00;0,00;0,00
48096;Zalla;44,60;33,11;35,17;146,36;32,70;28,68;27,20;25,21;25,67;24,62;26,74;23,42;24,04;24,52;27,35;29,12;27,49;26,67;21,33
01062;Zambrana;17,86;25,70;39,35;47,95;26,91;27,52;18,82;16,51;7,23;11,96;16,39;11,44;9,11;9,78;7,79;5,35;5,62;19,50;19,72
48905;Zamudio;124,73;91,84;96,81;123,18;88,74;75,14;68,24;60,09;65,98;59,23;42,85;36,63;32,34;35,40;33,56;33,50;32,65;28,56;24,29
48097;Zaratamo;43,94;31,70;38,79;42,58;32,18;37,40;33,68;24,46;29,83;28,41;36,25;30,18;33,53;32,26;34,30;30,39;32,65;29,57;31,66
20079;Zarautz;113,83;99,75;101,41;14,28;84,34;83,17;73,49;59,46;49,91;51,06;60,45;60,37;64,00;59,25;58,57;55,80;57,16;49,22;44,12
48024;Zeanuri;19,37;12,09;14,35;690,19;9,57;8,74;6,40;6,39;4,83;5,60;9,49;6,99;7,63;6,83;9,25;8,28;6,90;6,31;4,03
48025;Zeberio;35,32;24,16;25,19;403,53;18,45;22,54;23,74;19,87;19,64;18,85;15,95;12,20;12,28;11,45;9,53;8,56;6,53;4,65;4,68
20025;Zegama;9,07;8,41;10,38;5,78;7,89;5,22;7,17;7,83;6,57;7,87;14,37;5,20;3,25;1,30;1,98;2,03;4,17;7,91;9,57
20026;Zerain;35,59;32,03;25,45;7,17;21,90;3,76;0,00;0,00;3,88;3,89;7,55;0,00;0,00;0,00;0,00;0,00;0,00;4,08;4,10
20027;Zestoa;35,03;30,01;29,95;97,86;26,96;25,31;24,70;15,95;14,17;13,19;17,47;10,38;16,13;18,69;20,45;23,26;24,76;21,31;12,87
48913;Zierbena;57,80;46,92;51,11;18,46;36,75;35,50;36,12;28,72;37,48;42,67;24,65;14,16;15,70;11,16;11,58;10,23;10,49;13,22;12,51
01018;Zigoitia;21,49;19,64;19,02;1,09;9,96;10,51;5,24;6,36;7,38;5,04;3,96;3,37;9,07;9,17;12,36;13,44;14,67;16,89;24,05
48915;Ziortza-Bolibar;4,69;0,00;2,38;2,35;0,00;2,22;0,00;0,00;4,34;6,47;4,32;0,00;0,00;0,00;0,00;0,00;0,00;0,00;0,00
20028;Zizurkil;40,76;36,59;38,01;5,13;36,24;31,36;31,69;25,74;27,26;24,46;29,58;24,44;29,31;35,35;54,36;56,10;60,91;38,94;31,97
01063;Zuia;18,90;17,14;14,76;16,63;16,93;12,68;10,51;9,27;10,50;9,94;7,34;6,92;9,72;8,99;11,58;11,26;9,66;8,50;7,79
20081;Zumaia;70,17;54,51;55,17;3,91;47,42;41,73;34,90;29,88;28,22;32,21;41,92;42,60;46,19;31,99;24,84;24,11;25,39;18,79;15,74
20080;Zumarraga;32,22;31,02;32,45;29,19;25,25;24,06;23,41;18,97;19,86;18,95;31,02;29,44;29,72;32,58;35,17;36,94;39,54;39,46;33,11
