Código comarca,Comarca,2022.0,2021.0,2020.0,2019.0,2018.0,2017.0,2016.0,2015.0,2014.0,2013.0,2012.0,2011.0,2010.0,2009.0,2008.0,2007.0,2006.0,2005.0,2004.0
01100,Arabako Ibarrak / Valles Alaveses,15.66,15.69,15.37,15.37,15.61,15.61,17.31,17.31,16.66,16.84,17.27,17.27,17.26,17.26,17.26,17.52,17.29,17.17,17.32
01200,Arabako Lautada / Llanada Alavesa,12.67,12.85,12.84,13.18,13.17,13.2,20.79,20.79,20.89,21.55,35.04,34.86,35.05,35.26,35.34,34.19,34.68,34.19,33.91
01300,Arabako Mendialdea / Montaña Alavesa,14.57,14.57,14.57,14.57,14.19,14.19,15.02,15.02,15.02,15.1,15.91,15.9,15.9,15.67,15.67,15.67,15.67,15.67,16.42
48100,Arratia Nerbioi / Arratia-Nervión,12.75,12.75,12.57,12.57,12.57,12.57,12.57,12.57,12.69,12.86,17.21,17.45,17.87,18.11,18.19,17.27,17.14,19.51,24.32
20200,Bidasoa Beherea / Bajo Bidasoa,5.28,5.59,5.88,5.88,5.88,5.54,7.42,4.06,5.34,5.47,9.9,9.12,9.12,9.07,9.08,9.15,8.37,7.48,10.57
48200,Bilbo Handia / Gran Bilbao,13.88,14.49,14.63,14.67,14.12,14.23,14.48,14.47,14.51,13.95,21.02,21.95,21.59,22.12,22.36,22.77,23.19,21.64,23.05
20100,Deba Beherea / Bajo Deba,7.72,7.71,7.74,7.74,7.74,7.74,9.74,9.5,9.5,9.92,17.53,17.25,17.25,17.25,16.2,14.13,12.45,12.46,14.34
20300,Debagoiena / Alto Deba,4.23,4.2,4.2,4.19,4.19,4.19,6.95,6.95,6.95,8.04,14.6,20.67,20.67,20.88,20.76,20.97,20.75,16.77,16.12
20400,Donostialdea / Donostia-San Sebastián,14.63,16.62,16.55,16.55,16.83,16.83,17.79,17.72,19.64,19.18,22.59,22.47,23.7,23.66,21.34,24.2,24.28,23.78,20.92
48300,Durangaldea / Duranguesado,5.94,5.95,5.95,5.9,6.6,8.7,10.5,9.21,9.2,9.27,17.43,19.85,19.87,19.88,19.87,20.45,18.7,18.13,22.1
48400,Enkartazioak / Encartaciones,10.37,10.37,10.37,10.37,10.36,10.36,11.3,11.3,10.59,10.86,25.77,25.94,25.91,25.91,25.88,25.69,25.4,26.23,27.5
01400,Errioxa Arabarra / Rioja Alavesa,17.55,17.44,17.83,17.68,17.68,18.02,18.02,17.98,18.04,18.16,32.73,33.05,32.99,32.37,32.45,32.31,32.4,32.29,30.67
48500,Gernika-Bermeo,6.15,6.15,6.15,5.8,5.91,5.91,5.96,5.91,6.88,6.95,8.46,8.5,8.5,8.2,7.91,7.91,7.93,8.05,8.57
20500,Goierri,9.89,9.9,9.9,9.9,9.92,9.9,10.56,12.57,12.56,12.7,15.19,17.12,17.02,16.95,17.44,13.58,13.4,17.75,18.85
01500,Gorbeia Inguruak / Estribaciones del Gorbea,2.58,2.58,2.58,2.58,2.58,2.59,2.59,2.57,4.17,4.19,6.38,6.37,6.37,5.97,5.97,5.97,6.74,6.74,6.98
01600,Kantauri Arabarra / Cantábrica Alavesa,13.1,13.69,13.69,13.69,13.69,13.73,14.82,15.11,15.13,16.14,20.58,20.07,20.06,20.98,21.68,22.8,22.47,22.36,19.87
48600,Markina-Ondarroa,7.09,6.8,8.19,8.19,8.22,8.22,8.21,8.21,13.96,12.37,13.1,12.95,12.85,12.71,12.57,13.48,12.88,12.87,15.35
48700,Plentzia-Mungia,12.98,13.09,13.09,13.09,13.13,12.84,16.8,17.88,17.89,18.41,28.42,29.03,29.03,28.77,28.79,29.65,29.47,30.55,31.39
20600,Tolosaldea / Tolosa,11.8,11.91,11.91,11.87,11.94,11.6,12.2,11.68,11.64,11.22,13.24,13.87,14.65,13.97,10.18,10.72,10.87,11.19,11.07
20700,Urola-Kostaldea / Urola Costa,12.04,11.99,11.97,11.97,11.97,12.04,12.32,12.4,12.42,13.19,17.51,16.79,16.81,16.81,18.8,18.84,19.04,19.28,20.69
,,,,,,,,,,,,,,,,,,,,
Detalle por municipios,,,,,,,,,,,,,,,,,,,,
Código municipio,Municipio,2022.0,2021.0,2020.0,2019.0,2018.0,2017.0,2016.0,2015.0,2014.0,2013.0,2012.0,2011.0,2010.0,2009.0,2008.0,2007.0,2006.0,2005.0,2004.0
48001,Abadiño,3.9,3.9,3.9,3.9,3.9,4.03,4.03,4.03,4.03,3.95,44.12,44.92,44.92,44.92,44.92,44.92,37.73,0.0,0.0
20001,Abaltzisketa,35.14,35.14,35.14,35.14,35.14,35.14,35.14,35.14,35.14,0.0,0.0,0.0,0.0,0.0,0.0,0.0,0.0,0.0,0.0
48002,Abanto y Ciérvana-Abanto Zierbena,22.97,22.97,22.97,22.97,22.97,22.97,22.97,22.97,22.97,23.26,27.55,27.55,19.59,22.51,22.51,22.51,22.51,22.51,25.87
20002,Aduna,10.94,10.94,11.11,11.11,11.11,11.11,30.16,30.16,30.16,29.69,25.68,25.68,25.68,25.68,25.68,19.7,19.7,22.41,22.41
20016,Aia,11.71,11.71,11.71,11.71,11.71,11.71,11.71,11.78,11.78,11.88,24.86,24.86,24.86,24.86,42.36,46.58,46.58,46.58,46.58
20003,Aizarnazabal,15.28,15.28,12.5,12.5,12.5,12.5,12.5,12.5,12.5,12.99,17.39,17.39,17.39,17.39,17.39,17.39,17.39,17.39,17.39
48911,Ajangiz,0.0,0.0,0.0,0.0,0.0,0.0,0.0,0.0,0.0,0.0,0.0,0.0,0.0,0.0,0.0,0.0,0.0,0.0,0.0
20004,Albiztur,19.05,19.05,19.05,19.05,19.05,0.0,0.0,0.0,0.0,0.0,17.95,17.95,17.95,17.95,17.95,17.95,17.95,17.95,0.0
20005,Alegia,0.0,0.0,0.0,0.0,0.0,0.0,0.0,0.0,0.0,0.0,22.47,20.41,20.41,20.41,20.41,20.41,20.41,20.41,16.13
01001,Alegría-Dulantzi,51.88,51.88,51.88,51.88,51.88,51.88,51.88,51.88,51.88,52.68,49.69,49.69,49.69,49.69,49.69,15.24,15.24,15.24,15.24
20006,Alkiza,0.0,0.0,0.0,0.0,0.0,0.0,0.0,0.0,0.0,0.0,15.22,15.22,13.04,13.04,13.04,15.22,13.04,15.22,15.22
48912,Alonsotegi,6.76,6.2,6.2,6.2,6.2,6.2,6.2,6.2,6.2,6.25,13.33,13.33,13.33,13.33,13.16,17.35,17.35,17.33,17.33
20906,Altzaga,0.0,0.0,0.0,0.0,0.0,0.0,0.0,0.0,0.0,0.0,0.0,0.0,0.0,0.0,0.0,0.0,0.0,0.0,0.0
20007,Altzo,26.42,26.42,26.42,26.42,26.42,26.42,26.42,26.42,26.42,27.78,27.78,0.0,0.0,0.0,0.0,0.0,0.0,0.0,0.0
20008,Amezketa,14.02,14.02,14.02,14.02,14.02,14.02,14.02,14.02,14.02,13.66,12.43,12.43,12.43,12.43,12.43,12.36,0.0,0.0,0.0
48003,Amorebieta-Etxano,2.57,2.57,2.57,2.57,2.57,6.98,9.46,9.46,9.42,9.27,24.87,24.94,24.94,24.94,24.95,25.99,26.2,36.75,41.93
48004,Amoroto,0.0,0.0,0.0,0.0,0.0,0.0,0.0,0.0,0.0,0.0,0.0,0.0,0.0,0.0,0.0,0.0,0.0,0.0,0.0
01002,Amurrio,21.26,21.26,21.3,21.3,21.3,21.3,23.5,24.24,24.23,27.38,32.15,31.68,31.68,31.68,31.68,31.68,31.49,31.52,31.52
20009,Andoain,22.03,22.03,22.03,22.03,22.03,22.03,22.03,22.03,22.03,22.02,22.02,25.89,25.89,25.89,25.89,25.89,25.89,25.89,25.89
20010,Anoeta,37.61,37.61,37.61,37.61,30.22,30.22,30.22,30.22,30.22,28.78,23.53,13.42,13.42,13.42,13.42,13.42,13.42,13.42,13.42
20011,Antzuola,15.18,15.18,15.18,15.03,15.03,15.03,15.03,15.03,15.03,14.74,15.05,15.05,15.05,15.3,15.3,15.14,15.14,14.13,14.13
48005,Arakaldo,0.0,0.0,0.0,0.0,0.0,0.0,0.0,0.0,0.0,0.0,0.0,0.0,0.0,0.0,0.0,0.0,0.0,0.0,0.0
20012,Arama,33.33,34.29,34.29,34.29,34.29,34.29,0.0,0.0,0.0,0.0,34.78,34.78,34.78,34.78,34.78,34.78,34.78,34.78,34.78
01003,Aramaio,5.22,5.22,5.22,5.25,5.25,4.57,4.57,4.57,4.83,4.83,0.0,0.0,0.0,0.0,0.0,0.0,0.0,0.0,0.0
48006,Arantzazu,0.0,0.0,0.0,0.0,0.0,0.0,0.0,0.0,0.0,0.0,0.0,0.0,0.0,0.0,0.0,0.0,0.0,0.0,0.0
48093,Areatza,5.67,5.67,5.67,5.67,5.67,5.67,5.67,5.67,30.41,31.41,37.17,37.17,37.17,37.17,37.17,37.17,39.0,39.0,39.0
20013,Aretxabaleta,0.0,0.0,0.0,0.0,0.0,0.0,0.0,0.0,0.0,0.0,12.65,12.65,12.65,12.65,12.65,12.65,12.65,19.85,20.36
01006,Armiñón,14.35,14.35,14.35,14.35,14.35,14.35,14.35,14.35,14.35,15.24,21.78,21.78,21.78,21.78,21.78,21.78,21.78,21.78,21.78
01037,Arraia-Maeztu,6.15,6.15,6.15,6.15,6.15,6.15,6.15,6.15,6.15,6.14,6.29,6.29,6.29,6.31,6.31,6.31,6.31,10.63,6.32
48009,Arrankudiaga,4.23,4.21,3.88,3.88,3.86,3.86,3.86,3.86,3.86,4.27,5.06,5.24,5.14,12.79,12.79,12.79,12.79,12.79,20.49
20055,Arrasate/Mondragón,6.15,6.15,6.15,6.15,6.15,6.15,16.5,16.5,16.5,20.11,19.57,38.17,38.17,38.17,37.89,37.89,37.38,17.63,15.86
48914,Arratzu,3.33,3.33,3.33,0.0,0.0,0.0,0.0,0.0,0.0,0.0,0.0,0.0,0.0,0.0,0.0,0.0,0.0,0.0,0.0
01008,Arratzua-Ubarrundia,17.27,17.27,17.27,26.19,26.19,26.19,26.19,26.19,26.19,25.62,22.05,22.05,21.92,21.92,21.92,22.05,21.92,22.05,22.05
48010,Arrieta,13.98,13.98,13.98,13.98,13.98,13.98,13.98,0.0,0.0,0.0,0.0,0.0,0.0,0.0,0.0,0.0,0.0,0.0,0.0
48011,Arrigorriaga,6.8,6.8,6.8,6.8,6.8,6.8,11.19,11.19,11.19,14.16,27.51,27.51,27.51,27.51,27.51,27.51,27.51,27.51,32.04
48023,Artea,18.89,18.89,19.49,19.49,19.49,19.49,19.49,19.49,19.49,19.48,17.11,17.11,17.11,17.11,17.43,17.43,17.43,17.43,18.31
48008,Artzentales,11.58,11.58,11.58,11.58,11.58,11.58,11.58,11.58,11.58,9.88,9.52,9.52,9.52,9.52,9.52,9.52,9.52,9.52,9.52
01004,Artziniega,28.47,33.79,33.79,33.79,33.79,33.79,33.79,33.79,33.79,34.46,37.16,17.35,17.35,17.35,17.35,17.35,17.35,17.35,17.35
01009,Asparrena,12.24,12.24,12.24,12.24,12.24,13.36,26.52,26.52,26.52,26.5,25.6,25.6,25.6,25.6,26.53,26.53,28.55,28.55,0.0
20014,Asteasu,0.0,0.0,0.0,0.0,0.0,0.0,7.88,7.88,7.88,7.32,10.8,10.8,10.8,10.8,10.8,30.3,30.3,30.3,30.3
20903,Astigarraga,19.72,19.72,14.43,14.43,14.34,14.34,14.34,19.54,19.31,18.96,19.1,19.1,30.29,30.29,14.44,14.41,14.44,14.41,14.41
20015,Ataun,0.0,0.0,0.0,0.0,0.0,0.0,0.0,0.0,0.0,0.0,0.0,0.0,0.0,0.0,0.0,0.0,0.0,0.0,0.0
48091,Atxondo,0.0,0.0,0.0,0.0,0.0,0.0,0.0,0.0,0.0,0.0,0.0,0.0,0.0,0.0,0.0,0.0,0.0,0.0,0.0
48070,Aulesti,0.0,0.0,0.0,0.0,0.0,0.0,0.0,0.0,0.0,0.0,0.0,0.0,0.0,0.0,0.0,0.0,0.0,0.0,0.0
01010,Ayala/Aiara,10.98,10.98,10.98,10.98,10.98,11.19,11.19,11.37,11.37,11.14,11.58,11.58,11.58,11.58,13.8,13.8,12.42,12.42,0.0
20017,Azkoitia,19.0,19.0,19.0,19.0,19.0,19.0,20.75,21.02,21.02,20.37,20.32,20.32,20.32,20.32,20.32,10.29,10.44,10.25,10.25
20018,Azpeitia,8.31,8.31,8.31,8.31,8.31,8.31,8.31,8.31,8.31,14.24,21.89,16.93,16.93,16.93,16.93,22.36,22.49,22.49,22.49
01049,Añana,0.0,0.0,0.0,0.0,0.0,0.0,0.0,0.0,0.0,0.0,0.0,0.0,0.0,0.0,0.0,0.0,0.0,0.0,0.0
48012,Bakio,51.34,51.31,51.31,51.31,51.31,51.31,51.31,51.31,51.31,51.25,62.85,62.87,62.87,62.87,62.81,62.87,62.87,68.27,74.3
20904,Baliarrain,0.0,0.0,0.0,0.0,0.0,0.0,0.0,0.0,0.0,0.0,0.0,0.0,0.0,0.0,0.0,0.0,0.0,0.0,0.0
48090,Balmaseda,17.3,17.3,17.3,17.3,17.3,17.3,17.3,17.3,17.3,17.19,19.4,19.4,19.4,19.4,18.13,18.2,18.2,18.2,47.31
48013,Barakaldo,1.26,1.26,1.26,1.26,1.26,1.26,1.26,1.26,1.26,1.21,10.95,10.98,10.98,10.98,10.98,10.98,11.21,11.44,10.81
48014,Barrika,18.31,18.31,18.14,18.14,18.14,9.61,9.61,9.61,9.61,9.37,60.45,68.34,68.34,68.34,68.34,68.34,68.34,68.34,87.48
01013,Barrundia,8.44,8.96,8.96,8.96,8.96,8.96,8.96,8.96,8.96,9.09,9.19,10.55,10.55,10.55,10.55,10.55,10.52,10.53,10.53
48015,Basauri,1.37,1.37,5.4,5.4,5.25,5.25,6.81,6.85,6.85,6.7,9.44,9.44,9.44,9.51,9.51,11.6,13.78,14.26,25.0
01011,Baños de Ebro/Mañueta,15.05,15.05,15.05,15.05,15.05,15.05,15.05,14.98,15.05,14.09,12.09,12.09,12.32,12.56,13.2,13.2,16.99,16.99,16.99
20019,Beasain,13.88,13.88,13.88,13.88,13.88,13.88,13.88,14.26,14.26,14.44,14.59,14.59,14.59,14.66,14.66,6.19,6.19,6.19,6.55
48092,Bedia,6.73,6.73,6.73,6.73,6.73,6.73,6.73,6.73,6.73,6.79,22.99,22.99,22.99,22.99,22.99,23.26,23.62,23.62,23.62
20020,Beizama,0.0,0.0,0.0,0.0,0.0,0.0,0.0,0.0,0.0,0.0,0.0,0.0,0.0,0.0,0.0,0.0,0.0,0.0,0.0
20021,Belauntza,35.96,35.96,35.96,35.96,35.96,35.96,35.96,0.0,0.0,0.0,0.0,0.0,0.0,0.0,0.0,0.0,0.0,0.0,0.0
48016,Berango,17.35,17.35,17.35,17.35,17.35,17.35,17.35,17.35,24.37,23.99,24.77,39.7,39.7,39.7,39.7,39.7,39.7,39.7,58.51
01014,Berantevilla,10.74,10.74,10.74,10.74,16.43,16.43,16.43,16.43,0.0,0.0,0.0,0.0,0.0,0.0,0.0,0.0,0.0,0.0,0.0
20022,Berastegi,5.82,5.82,5.82,5.82,5.82,5.82,5.82,5.82,5.82,5.76,6.92,0.0,0.0,0.0,0.0,0.0,0.0,0.0,0.0
20074,Bergara,4.89,4.89,4.89,4.89,4.89,4.89,4.89,4.89,4.89,4.48,5.29,5.29,5.29,5.42,5.42,5.42,5.42,5.42,5.42
48017,Bermeo,6.2,6.2,6.2,6.2,8.04,8.04,8.04,7.58,14.77,14.9,14.05,14.05,14.05,14.05,14.05,14.05,14.05,18.92,18.92
01016,Bernedo,15.43,15.43,15.43,15.43,14.04,14.04,14.04,14.04,14.04,14.36,14.38,14.38,14.38,14.38,14.38,14.38,14.38,14.38,16.94
48018,Berriatua,0.0,0.0,0.0,0.0,0.0,0.0,0.0,0.0,0.0,0.0,14.89,14.89,14.89,14.89,14.89,14.89,15.18,15.38,51.69
48019,Berriz,0.0,0.0,0.0,0.0,0.0,0.0,0.0,0.0,0.0,0.0,15.79,15.79,15.79,15.79,15.79,15.96,15.96,15.96,17.02
20023,Berrobi,23.08,23.08,23.08,23.08,23.08,23.08,23.08,30.0,25.81,26.37,32.43,32.43,32.43,32.43,32.43,13.75,13.75,13.75,13.75
20024,Bidania-Goiatz,9.09,9.09,9.09,8.89,8.89,8.89,8.89,15.38,15.38,15.65,14.71,14.71,39.5,39.5,39.5,39.5,39.5,39.5,39.5
48020,Bilbao,2.15,3.19,3.19,3.19,0.7,0.7,0.7,0.7,0.0,0.0,6.75,6.75,6.75,6.75,6.9,6.95,6.94,10.59,11.13
48021,Busturia,10.75,10.77,10.77,10.77,10.77,10.77,10.77,10.77,10.77,10.95,10.8,10.8,10.92,10.92,10.92,10.92,10.92,8.59,8.8
01017,Campezo/Kanpezu,40.51,40.51,40.51,40.51,40.51,40.51,41.59,41.59,41.59,41.19,44.98,44.98,44.98,44.98,44.98,44.98,44.98,44.98,44.98
20029,Deba,0.0,0.0,0.0,0.0,0.0,0.0,6.19,6.19,6.19,6.62,6.57,6.57,6.57,6.57,6.57,0.0,0.0,0.0,0.0
48901,Derio,73.67,75.47,75.47,75.47,75.47,75.47,75.47,75.47,75.47,73.89,82.24,82.24,82.14,82.14,82.14,82.14,82.14,82.29,83.97
48026,Dima,19.67,19.67,19.67,19.67,19.67,19.67,19.67,19.67,19.67,19.83,21.79,21.79,21.79,14.57,14.57,4.59,4.59,4.7,47.73
20069,Donostia / San Sebastián,11.39,14.77,14.84,14.84,14.84,14.84,16.37,16.43,19.19,19.38,20.82,20.82,22.33,22.33,18.53,20.64,20.66,20.66,20.72
48027,Durango,7.12,7.1,7.13,7.21,10.99,10.99,14.89,14.89,14.89,15.6,8.69,8.8,8.8,8.8,12.63,12.63,12.63,17.15,17.15
48028,Ea,0.0,0.0,0.0,0.0,0.0,0.0,0.0,6.88,6.88,7.01,12.4,12.4,12.5,12.5,12.5,12.4,12.5,12.4,12.4
20030,Eibar,7.72,7.69,7.8,7.8,7.8,7.8,7.8,7.21,7.21,8.58,7.11,6.81,6.81,6.81,6.68,9.31,3.55,3.52,3.78
48031,Elantxobe,53.52,53.52,53.52,53.52,53.52,53.52,53.52,53.52,53.52,56.52,56.52,56.52,56.52,20.75,20.75,20.75,20.75,20.75,20.75
01021,Elburgo/Burgelu,6.22,6.22,6.22,6.22,6.22,6.22,12.43,12.43,12.43,12.09,21.89,21.89,21.89,21.89,22.31,22.31,22.5,22.45,22.45
01022,Elciego,13.24,13.24,13.24,13.24,13.24,20.35,20.35,20.35,20.35,20.61,20.61,20.61,20.61,20.61,20.61,20.61,20.61,20.61,20.61
20031,Elduain,0.0,0.0,0.0,0.0,0.0,0.0,0.0,0.0,0.0,0.0,0.0,0.0,0.0,0.0,0.0,0.0,0.0,0.0,0.0
20033,Elgeta,0.0,0.0,0.0,0.0,0.0,0.0,0.0,0.0,0.0,0.0,20.63,20.63,20.63,20.63,20.63,20.63,20.63,20.63,20.63
20032,Elgoibar,4.67,4.67,4.67,4.67,4.67,4.67,4.67,4.67,4.67,3.35,24.03,24.03,24.03,24.03,24.03,24.24,24.21,65.1,23.58
48032,Elorrio,6.78,6.78,6.78,6.78,6.78,6.78,6.78,6.78,6.78,6.97,6.58,30.64,30.64,30.79,30.79,36.01,21.46,17.63,26.65
01023,Elvillar/Bilar,13.89,13.89,13.89,13.89,13.89,13.89,13.89,13.89,13.89,13.95,13.95,0.0,0.0,0.0,0.0,0.0,0.0,0.0,0.0
48902,Erandio,14.22,14.34,14.34,14.34,14.34,14.34,14.55,14.74,16.31,15.1,26.15,26.15,26.17,26.17,24.7,24.82,24.94,25.68,25.68
48033,Ereño,13.03,13.03,13.03,13.03,13.03,13.03,13.03,13.03,13.03,12.54,12.68,12.65,12.65,12.65,12.65,12.65,12.65,12.65,41.75
48034,Ermua,5.22,5.22,5.2,5.2,5.2,26.39,26.39,0.0,0.0,0.0,33.52,36.51,36.85,36.85,36.85,37.1,36.92,37.1,37.1
20067,Errenteria,30.03,30.03,30.06,30.06,30.06,30.06,30.06,28.52,28.52,28.43,50.11,50.11,50.11,50.42,50.42,53.19,53.03,53.03,23.76
20066,Errezil,10.34,0.0,0.0,0.0,0.0,0.0,0.0,0.0,0.0,0.0,11.9,11.9,11.9,11.9,11.9,11.9,13.16,13.16,13.16
01046,Erriberagoitia/Ribera Alta,11.63,11.63,11.63,11.63,11.63,11.63,11.63,11.63,11.63,11.4,12.24,12.24,12.24,12.24,12.24,12.4,12.4,12.4,12.4
48079,Errigoiti,12.04,12.04,12.04,12.04,12.04,12.04,12.04,12.04,12.04,12.04,10.44,12.23,12.23,12.23,0.0,0.0,0.0,0.0,0.0
20034,Eskoriatza,0.0,0.0,0.0,0.0,0.0,0.0,0.0,0.0,0.0,0.0,7.41,7.41,7.41,6.65,6.65,6.65,6.65,31.69,31.69
48029,Etxebarri,0.0,0.0,0.0,0.0,0.0,0.0,0.0,0.0,0.0,0.0,13.77,13.77,13.77,13.77,13.77,13.77,13.77,13.78,13.78
48030,Etxebarria,24.29,24.29,24.29,24.29,27.54,27.54,27.54,27.54,27.54,27.54,28.3,28.3,28.3,28.3,28.3,28.3,28.3,28.3,28.3
20035,Ezkio-Itsaso,3.38,3.38,3.38,3.38,3.38,3.38,3.38,3.38,3.38,4.73,24.55,24.55,24.55,24.55,24.55,19.27,25.64,25.64,25.64
48906,Forua,0.0,0.0,0.0,0.0,0.0,0.0,0.0,0.0,0.0,0.0,0.0,0.0,0.0,0.0,0.0,0.0,0.0,0.0,0.0
48035,Fruiz,0.0,0.0,0.0,0.0,0.0,0.0,0.0,0.0,0.0,0.0,10.08,10.08,10.08,10.08,10.08,10.1,6.68,6.68,22.73
20038,Gabiria,18.57,18.57,18.57,18.57,18.57,18.57,18.57,18.57,18.57,19.4,14.29,14.29,14.29,14.29,14.29,14.29,14.29,14.29,14.29
20037,Gaintza,0.0,0.0,0.0,0.0,0.0,0.0,0.0,0.0,0.0,0.0,0.0,0.0,0.0,0.0,0.0,0.0,0.0,0.0,0.0
48036,Galdakao,24.17,24.21,24.21,24.21,24.21,24.18,24.18,24.18,24.18,19.59,24.68,24.71,24.71,24.71,24.4,24.4,24.4,24.4,30.16
48037,Galdames,20.92,20.92,20.92,20.92,20.49,20.49,20.49,20.49,20.42,20.49,17.42,17.42,17.42,17.42,17.42,17.42,17.42,19.5,19.58
48038,Gamiz-Fika,11.47,11.47,11.47,11.47,11.47,11.47,11.47,11.6,11.6,12.02,11.36,11.36,11.41,0.0,0.0,0.0,0.0,0.0,0.0
48039,Garai,0.0,0.0,0.0,0.0,0.0,0.0,19.55,19.55,19.55,20.33,20.66,20.66,20.45,20.45,20.45,20.66,20.45,20.66,20.66
48040,Gatika,0.0,0.0,0.0,0.0,0.0,0.0,0.0,0.0,0.0,0.0,8.26,8.26,8.26,8.26,8.26,19.53,19.53,19.53,61.48
48041,Gautegiz Arteaga,0.0,0.0,0.0,0.0,0.0,0.0,0.0,0.0,0.0,0.0,0.0,0.0,0.0,0.0,0.0,0.0,0.0,0.0,0.0
20907,Gaztelu,42.11,42.11,42.11,42.11,42.11,42.11,42.11,42.11,42.11,45.0,32.14,32.14,32.14,32.14,32.14,32.14,32.14,32.14,32.14
48046,Gernika-Lumo,13.79,13.79,13.78,13.78,13.78,13.78,13.79,13.79,13.79,13.71,22.47,22.47,22.47,22.47,22.47,22.47,22.47,21.12,17.19
20039,Getaria,13.11,13.11,13.11,13.11,13.11,15.18,15.18,15.18,15.18,15.03,14.22,14.22,13.73,13.73,18.98,9.49,9.49,9.49,9.49
48044,Getxo,26.66,26.66,26.66,26.64,26.64,26.64,26.64,26.64,26.64,25.96,33.7,33.72,33.72,37.21,37.21,37.21,37.21,37.21,35.95
48047,Gizaburuaga,0.0,0.0,0.0,0.0,0.0,0.0,0.0,0.0,0.0,0.0,0.0,0.0,0.0,0.0,0.0,0.0,0.0,0.0,0.0
48042,Gordexola,8.5,8.5,8.5,8.5,8.5,8.5,18.55,18.55,4.43,4.2,16.44,18.83,18.83,18.83,18.83,14.09,14.09,18.63,35.29
48043,Gorliz,14.79,14.79,14.79,14.79,14.79,14.79,14.79,14.79,14.79,16.82,31.58,31.37,31.37,31.37,31.37,31.56,29.55,29.55,29.55
48045,Güeñes,21.41,21.41,21.41,21.41,21.41,21.41,21.41,21.41,21.41,21.46,23.8,23.83,23.41,23.41,23.41,23.41,15.01,26.23,26.23
01056,Harana/Valle de Arana,6.09,6.09,6.09,6.09,6.09,6.09,6.07,6.07,6.07,6.12,10.89,10.89,10.89,10.89,10.89,10.89,10.89,10.89,10.89
20040,Hernani,12.69,12.63,12.63,12.63,12.63,12.63,13.77,13.77,13.8,13.7,18.57,15.88,15.88,15.88,15.88,26.36,26.36,26.36,26.36
20041,Hernialde,11.11,22.22,22.22,22.22,22.22,22.22,22.22,0.0,0.0,0.0,51.85,51.85,51.85,51.85,51.85,51.85,51.85,51.85,51.85
20036,Hondarribia,4.33,5.04,5.2,5.2,5.2,4.36,5.52,5.51,5.51,5.65,8.37,6.69,6.66,6.66,6.66,6.69,6.69,6.69,6.69
20042,Ibarra,0.0,0.0,0.0,0.0,0.0,0.0,0.0,0.0,0.0,0.0,11.11,11.11,11.11,11.11,11.11,11.11,11.11,11.11,11.11
48048,Ibarrangelu,0.0,0.0,0.0,0.0,0.0,0.0,0.0,0.0,0.0,0.0,0.0,0.0,0.0,0.0,0.0,0.0,0.0,0.0,0.0
20043,Idiazabal,0.0,0.0,0.0,0.0,0.0,0.0,0.0,0.0,0.0,0.0,5.23,5.23,5.23,5.23,5.23,5.23,36.28,0.0,0.0
48094,Igorre,23.65,23.65,23.65,23.65,23.65,23.65,23.65,23.65,22.9,22.33,35.5,35.5,35.5,35.5,35.5,42.18,34.98,34.98,51.08
20044,Ikaztegieta,0.0,0.0,0.0,0.0,0.0,0.0,0.0,0.0,0.0,0.0,0.0,0.0,0.0,0.0,0.0,0.0,0.0,0.0,0.0
20045,Irun,6.02,6.02,6.43,6.43,6.43,6.44,8.91,3.01,5.22,5.35,11.11,11.49,11.5,11.4,11.43,11.57,10.05,8.25,21.21
20046,Irura,27.97,27.97,27.97,27.97,27.97,27.97,27.97,27.97,27.97,27.59,27.59,57.24,56.89,56.89,0.0,0.0,0.0,0.0,0.0
01027,Iruraiz-Gauna,12.65,12.65,12.65,12.65,12.65,12.65,17.88,17.88,17.88,17.95,18.98,18.98,19.17,19.17,19.15,19.15,19.15,19.15,19.15
01901,Iruña Oka/Iruña de Oca,15.65,15.65,15.65,15.65,15.65,15.65,18.99,18.99,18.99,29.54,29.98,29.98,29.98,30.58,30.58,30.58,30.58,30.58,30.58
48049,Ispaster,18.18,18.18,18.26,18.26,18.26,18.26,18.26,18.26,18.26,18.63,25.29,25.29,25.0,25.0,25.0,25.29,25.0,24.3,24.3
20047,Itsasondo,0.0,0.0,0.0,0.0,0.0,0.0,0.0,0.0,0.0,0.0,0.0,0.0,0.0,0.0,0.0,0.0,0.0,0.0,0.0
48910,Iurreta,32.41,32.58,32.58,32.58,32.49,32.49,32.49,32.49,32.49,31.98,38.07,38.07,38.07,38.07,38.07,37.95,37.72,37.72,68.85
48050,Izurtza,0.0,0.0,0.0,0.0,0.0,0.0,0.0,0.0,0.0,0.0,26.76,29.23,29.23,29.23,29.23,29.23,29.69,29.23,29.23
48022,Karrantza Harana/Valle de Carranza,3.55,3.55,3.55,3.55,3.55,3.55,3.55,3.55,3.55,4.13,5.8,5.78,5.78,5.78,5.78,5.78,5.8,5.58,5.64
48907,Kortezubi,0.0,0.0,0.0,0.0,0.0,0.0,0.0,0.0,0.0,0.0,0.0,0.0,0.0,0.0,0.0,0.0,0.0,0.0,0.0
01019,Kripan,0.0,0.0,0.0,0.0,0.0,0.0,0.0,0.0,0.0,0.0,0.0,0.0,0.0,0.0,0.0,0.0,0.0,0.0,0.0
01020,Kuartango,7.48,7.48,7.48,7.48,7.48,7.48,7.48,7.48,7.48,7.53,6.13,6.13,6.13,6.13,6.13,6.13,6.13,6.13,6.13
01028,Labastida/Bastida,12.33,12.33,12.33,12.33,12.33,12.33,12.33,12.33,12.33,12.87,15.06,15.06,15.3,15.3,15.3,15.3,15.32,15.23,14.3
01030,Lagrán,0.0,0.0,0.0,0.0,0.0,0.0,0.0,0.0,0.0,0.0,0.0,0.0,0.0,0.0,0.0,0.0,0.0,0.0,0.0
01031,Laguardia,43.07,43.07,43.07,43.07,43.07,43.07,43.07,42.78,42.78,43.4,76.57,76.57,75.82,75.82,75.77,75.77,75.6,75.6,70.15
01032,Lanciego/Lantziego,20.74,20.74,20.74,20.74,20.74,20.74,20.74,20.74,20.74,20.62,20.81,12.81,12.85,12.85,12.85,12.81,12.85,12.81,12.81
48051,Lanestosa,16.92,16.92,16.92,16.92,16.92,16.92,16.92,16.92,16.92,16.92,20.74,20.74,20.74,20.74,20.74,20.74,20.74,20.74,20.74
01902,Lantarón,16.46,16.46,16.46,16.46,16.46,16.46,16.46,16.46,16.46,16.55,14.95,14.95,14.9,14.9,14.9,14.9,14.93,14.95,14.95
01033,Lapuebla de Labarca,14.72,14.72,14.72,14.72,14.72,14.72,14.72,14.72,14.72,14.16,16.59,16.59,16.59,16.59,16.59,16.59,16.59,2.62,16.59
48052,Larrabetzu,0.0,10.99,10.99,11.05,11.05,5.84,5.84,5.84,5.84,6.1,13.79,3.01,3.01,3.01,3.01,3.01,3.01,3.01,8.03
20048,Larraul,0.0,0.0,0.0,0.0,0.0,0.0,0.0,0.0,0.0,0.0,0.0,0.0,0.0,0.0,0.0,0.0,0.0,0.0,0.0
20902,Lasarte-Oria,8.32,8.32,8.32,8.32,15.54,15.54,15.54,15.54,23.42,23.63,24.38,24.38,24.38,24.31,24.31,24.31,24.31,24.31,24.31
01036,Laudio/Llodio,1.4,1.4,1.4,1.4,1.4,1.4,1.4,1.4,1.41,1.39,11.99,18.78,18.76,24.66,24.66,24.66,25.26,25.26,24.97
48053,Laukiz,13.51,13.51,13.51,13.51,14.55,14.51,14.51,14.49,14.49,13.26,13.04,13.04,13.04,13.04,13.04,13.04,13.04,13.04,13.04
20049,Lazkao,9.93,9.93,9.93,9.93,9.93,9.93,9.93,9.93,9.93,9.86,11.24,11.24,11.24,11.24,11.24,14.21,14.21,14.21,16.7
20050,Leaburu,0.0,0.0,0.0,0.0,0.0,0.0,0.0,0.0,0.0,0.0,0.0,0.0,0.0,0.0,0.0,0.0,0.0,0.0,0.0
20051,Legazpi,9.33,9.33,9.33,9.33,9.33,9.33,13.21,13.21,13.21,13.01,13.15,13.15,13.15,13.15,18.28,18.28,18.28,18.56,15.32
20052,Legorreta,12.41,12.41,12.41,10.79,10.79,11.03,11.03,11.03,11.03,11.49,11.49,11.49,11.76,11.76,11.76,11.76,0.0,0.0,0.0
01058,Legutio,1.33,1.33,1.33,1.33,1.33,1.33,1.33,1.33,1.31,1.33,7.2,7.2,7.2,7.2,7.2,7.16,7.16,6.94,10.05
20068,Leintz-Gatzaga,0.0,0.0,0.0,0.0,0.0,0.0,0.0,0.0,0.0,0.0,0.0,0.0,0.0,0.0,0.0,0.0,0.0,0.0,0.0
48054,Leioa,9.66,13.03,13.03,12.66,12.66,19.82,19.82,19.82,20.96,20.31,37.25,36.9,36.92,36.92,40.08,39.27,43.98,13.57,13.79
48057,Lekeitio,0.0,0.0,9.06,9.06,9.06,9.06,9.06,9.06,9.06,6.9,13.22,13.22,13.22,13.22,13.22,17.87,17.98,17.98,17.98
48055,Lemoa,14.32,14.32,14.32,14.32,14.32,14.32,14.32,14.32,14.24,14.17,13.47,13.47,13.49,13.49,9.41,8.02,8.02,8.16,21.21
48056,Lemoiz,15.21,15.21,15.21,15.21,15.21,15.1,15.1,15.1,15.43,15.44,28.85,28.85,28.85,28.8,28.8,28.95,28.42,27.87,27.87
01034,Leza,12.64,12.72,24.28,24.28,24.28,24.28,24.28,24.28,24.28,22.86,13.89,13.89,13.89,13.89,14.2,14.2,14.2,14.2,14.2
48081,Lezama,0.0,0.0,0.0,10.9,10.9,10.9,10.9,10.25,10.25,7.81,9.42,10.45,10.45,10.45,12.01,29.74,29.74,29.74,15.9
20053,Lezo,6.29,6.29,6.29,6.29,6.29,6.29,6.29,6.29,6.29,6.37,6.37,15.99,18.15,18.15,18.15,19.17,19.17,19.17,19.17
20054,Lizartza,0.0,0.0,0.0,0.0,0.0,0.0,0.0,0.0,0.0,0.0,0.0,0.0,0.0,0.0,0.0,0.0,0.0,0.0,0.0
48903,Loiu,26.57,26.57,26.57,26.57,26.57,26.57,26.57,26.57,27.03,27.17,27.78,33.9,33.9,33.94,33.94,34.03,34.08,25.83,71.06
48058,Mallabia,6.96,6.96,6.96,6.96,6.96,6.96,4.29,4.23,4.23,4.27,6.11,6.11,6.12,6.11,6.11,6.11,6.11,3.82,3.82
48060,Markina-Xemein,0.0,0.0,0.0,0.0,0.0,0.0,0.0,0.0,43.21,42.73,31.57,31.57,31.57,31.57,31.93,31.93,32.78,30.93,31.79
48061,Maruri-Jatabe,27.72,27.72,27.72,27.72,27.72,27.72,27.72,27.72,28.2,26.58,36.23,36.23,36.23,36.09,36.09,36.09,36.09,36.09,33.61
48059,Mañaria,5.14,5.14,5.14,5.14,5.14,5.14,5.14,5.14,5.14,4.91,5.3,5.3,5.3,5.3,5.3,5.3,5.32,5.3,5.3
20901,Mendaro,18.27,18.27,18.27,18.27,18.27,18.27,18.27,18.27,18.27,19.79,58.59,58.59,58.59,58.59,20.38,20.38,20.38,20.38,43.9
48062,Mendata,0.0,0.0,0.0,0.0,0.0,0.0,0.0,0.0,0.0,0.0,0.0,0.0,0.0,0.0,0.0,0.0,0.0,0.0,0.0
48063,Mendexa,18.82,18.82,18.82,18.82,18.82,18.82,18.82,18.82,18.82,18.39,16.83,16.83,15.46,15.46,15.51,15.51,15.51,15.51,23.74
48064,Meñaka,9.13,9.13,9.13,9.13,9.13,9.13,9.13,0.0,0.0,0.0,7.47,6.58,6.58,6.58,6.58,4.69,4.69,4.69,4.69
01039,Moreda de Álava / Moreda Araba,0.0,0.0,0.0,0.0,0.0,0.0,0.0,0.0,0.0,0.0,0.0,0.0,0.0,0.0,0.0,0.0,0.0,0.0,0.0
48066,Morga,0.0,0.0,0.0,0.0,0.0,0.0,0.0,0.0,0.0,0.0,0.0,0.0,0.0,0.0,0.0,0.0,0.0,0.0,0.0
48068,Mundaka,0.0,0.0,0.0,0.0,0.0,0.0,0.0,0.0,0.0,0.0,0.0,0.0,0.0,0.0,0.0,0.0,0.0,0.0,0.0
48069,Mungia,5.73,5.72,5.72,5.72,5.72,5.72,5.72,9.9,9.9,10.18,12.08,12.08,12.08,12.08,12.12,12.08,12.16,12.16,12.35
48007,Munitibar-Arbatzegi Gerrikaitz-,12.29,12.29,12.29,12.29,12.29,12.29,12.29,12.29,12.29,11.49,12.39,12.39,12.39,12.39,12.39,12.39,0.0,0.0,0.0
48908,Murueta,5.28,5.24,5.24,5.24,5.24,5.24,5.24,5.24,5.24,5.2,5.83,5.83,5.83,5.83,5.83,5.83,5.83,5.83,9.52
48071,Muskiz,4.08,4.08,4.08,4.08,4.08,4.08,4.02,4.02,4.02,4.26,16.67,16.67,16.67,16.67,13.13,13.13,13.1,13.1,13.1
20057,Mutiloa,0.0,0.0,0.0,0.0,0.0,0.0,0.0,0.0,0.0,0.0,19.05,19.05,0.0,0.0,0.0,0.0,0.0,19.05,19.05
20056,Mutriku,20.66,20.66,20.56,20.56,20.56,20.56,28.97,28.97,28.97,28.81,39.41,39.41,39.41,39.41,39.41,22.68,22.68,23.18,23.18
48067,Muxika,5.71,5.71,5.71,5.71,5.71,5.71,5.71,5.71,9.74,10.0,12.29,12.29,12.29,12.29,12.29,12.29,12.29,12.29,50.0
48909,Nabarniz,0.0,0.0,0.0,0.0,0.0,0.0,0.0,0.0,0.0,0.0,0.0,0.0,0.0,0.0,0.0,0.0,0.0,0.0,0.0
01041,Navaridas,0.0,0.0,0.0,0.0,0.0,0.0,0.0,0.0,0.0,0.0,0.0,0.0,0.0,0.0,0.0,0.0,0.0,0.0,0.0
20063,Oiartzun,9.03,9.03,9.03,9.03,9.03,9.03,9.03,5.97,5.97,5.96,4.42,3.23,3.23,5.78,5.78,15.21,16.56,12.39,16.2
01042,Okondo,0.0,0.0,0.0,0.0,0.0,0.0,6.06,6.06,6.06,6.7,6.7,6.7,6.7,6.7,6.7,22.57,22.57,21.96,21.96
20058,Olaberria,3.85,3.85,3.85,3.85,3.85,3.85,3.85,0.0,0.0,0.0,20.0,20.0,20.0,20.0,20.0,20.0,0.0,0.0,29.5
48073,Ondarroa,0.0,0.0,0.0,0.0,0.0,0.0,0.0,0.0,0.0,0.0,0.0,0.0,0.0,0.0,0.0,0.0,0.0,0.0,0.0
20076,Ordizia,13.86,13.86,13.86,13.75,13.75,13.75,13.75,28.3,28.3,28.99,30.07,30.07,30.07,30.07,30.07,30.07,30.07,30.07,30.07
20905,Orendain,0.0,0.0,0.0,0.0,0.0,0.0,0.0,0.0,0.0,0.0,0.0,0.0,0.0,0.0,0.0,0.0,0.0,0.0,0.0
20060,Orexa,0.0,0.0,0.0,0.0,0.0,0.0,0.0,0.0,0.0,0.0,0.0,0.0,0.0,0.0,0.0,0.0,0.0,0.0,0.0
20061,Orio,0.0,0.0,0.0,0.0,0.0,0.0,0.0,0.0,0.0,0.0,9.2,9.2,9.2,9.2,8.76,8.76,54.6,54.6,54.6
20062,Ormaiztegi,33.33,33.33,33.33,33.33,33.33,33.33,33.33,33.33,33.33,34.43,34.43,56.78,56.78,56.78,56.78,17.04,17.04,17.04,17.97
48075,Orozko,7.2,7.2,6.41,6.41,6.41,6.41,6.41,6.41,5.54,5.64,13.2,13.37,13.37,13.37,13.37,13.37,13.37,26.12,26.12
48083,Ortuella,0.0,0.0,0.0,0.0,0.0,0.0,0.0,0.0,0.0,0.0,25.29,25.29,25.29,25.29,25.77,25.33,25.44,20.29,20.7
48072,Otxandio,5.92,5.92,5.92,5.92,5.92,5.9,5.92,5.92,3.23,5.79,5.79,7.69,27.27,25.89,25.89,25.89,25.89,25.89,25.89
01043,Oyón-Oion,21.37,21.37,21.37,21.37,21.37,21.37,21.37,21.37,21.37,21.29,21.29,22.02,22.02,22.02,22.02,22.02,22.02,22.02,22.02
20059,Oñati,8.9,8.9,8.9,8.9,8.9,8.9,8.9,8.9,8.9,8.59,26.25,26.25,26.25,26.25,26.25,26.99,26.96,16.84,16.84
20064,Pasaia,8.25,8.25,8.25,8.25,8.25,8.25,8.26,8.26,8.26,8.44,8.47,8.47,8.47,8.47,8.47,8.47,8.47,0.0,0.0
01044,Peñacerrada-Urizaharra,0.0,0.0,0.0,0.0,0.0,0.0,0.0,0.0,0.0,0.0,0.0,0.0,0.0,0.0,0.0,0.0,0.0,0.0,0.0
48077,Plentzia,0.0,0.0,0.0,0.0,0.0,0.0,0.0,0.0,0.0,0.0,73.01,73.51,73.51,73.51,73.51,73.37,73.37,73.37,73.37
48078,Portugalete,5.23,5.2,5.2,5.2,5.2,5.2,5.11,5.11,5.42,5.12,10.06,26.64,26.64,26.64,26.64,26.64,26.64,27.71,27.71
01047,Ribera Baja/Erribera Beitia,42.61,42.61,42.61,42.61,42.61,42.61,49.8,49.8,49.8,50.3,54.88,54.88,54.88,54.88,54.88,54.88,54.34,54.34,54.34
01051,Salvatierra/Agurain,38.03,38.03,38.03,38.03,38.03,38.03,31.41,31.41,34.09,34.41,41.78,23.54,23.54,23.54,23.54,23.54,22.37,22.37,22.37
01052,Samaniego,0.0,0.0,0.0,0.0,0.0,0.0,0.0,0.0,0.0,0.0,0.0,0.0,0.0,0.0,0.0,0.0,0.0,0.0,0.0
01053,San Millán/Donemiliaga,1.54,1.54,1.54,1.54,1.54,1.54,1.54,1.54,1.54,1.53,1.02,1.02,1.02,1.63,1.63,1.63,1.63,1.63,1.63
48082,Santurtzi,10.31,10.31,11.8,11.8,16.0,16.12,16.12,16.12,14.63,13.63,16.8,16.8,10.87,10.91,10.91,10.91,10.91,11.27,13.49
20070,Segura,8.18,8.18,8.18,8.18,8.18,8.18,8.18,8.18,8.18,9.49,11.88,11.88,12.1,12.1,12.1,3.52,2.82,2.82,2.82
48084,Sestao,0.0,0.0,0.0,0.0,0.0,0.0,0.0,0.0,0.0,0.0,0.0,0.0,0.0,0.0,0.0,0.0,0.0,0.0,0.0
48904,Sondika,0.0,0.0,0.0,0.0,0.0,0.0,0.0,0.0,0.0,7.74,28.88,28.88,28.88,28.88,28.88,29.05,29.05,29.05,11.72
48085,Sopela,8.0,8.0,8.0,8.0,8.0,8.01,48.36,48.36,48.36,47.8,48.4,48.42,48.42,48.42,48.42,48.43,48.43,48.56,47.5
48086,Sopuerta,18.68,18.68,18.68,18.68,18.68,18.68,23.6,23.6,25.69,26.3,28.2,28.06,28.06,28.06,28.06,28.06,28.06,28.06,24.25
20065,Soraluze-Placencia de las Armas,0.0,0.0,0.0,0.0,0.0,0.0,0.0,0.0,0.0,0.0,0.0,0.0,0.0,0.0,0.0,0.0,0.0,0.0,0.0
48076,Sukarrieta,17.29,17.29,17.29,17.29,17.29,17.29,17.29,17.29,17.29,16.9,15.79,15.79,15.79,15.79,15.79,15.79,15.79,15.79,15.79
20071,Tolosa,13.57,13.57,13.57,13.57,13.55,13.55,13.55,13.51,13.51,13.98,13.36,13.36,13.34,9.64,9.71,10.17,10.17,10.83,11.57
48087,Trucios-Turtzioz,7.49,7.49,7.49,7.49,7.49,7.49,7.49,7.49,7.49,7.23,11.38,11.38,11.38,11.38,11.38,11.38,11.38,11.38,6.47
48088,Ubide,0.0,0.0,0.0,0.0,0.0,0.0,0.0,0.0,0.0,0.0,0.0,0.0,0.0,0.0,0.0,0.0,0.0,0.0,0.0
48065,Ugao-Miraballes,10.92,10.92,10.92,10.92,10.92,10.92,10.92,10.92,10.92,10.79,23.21,23.21,23.21,23.21,23.21,26.86,28.17,28.44,29.85
48089,Urduliz,27.03,30.48,30.48,30.48,30.48,30.48,30.48,30.48,30.48,40.73,43.54,43.67,43.67,43.67,43.67,61.11,61.11,61.11,60.96
48074,Urduña/Orduña,33.03,33.03,33.03,33.03,33.03,33.03,33.03,33.03,33.03,33.39,32.75,32.75,32.75,32.75,32.75,32.75,32.75,36.77,20.8
01054,Urkabustaiz,0.0,0.0,0.0,0.0,0.0,0.0,0.0,0.0,7.09,7.17,7.17,7.17,7.17,7.17,7.16,7.16,7.16,7.47,7.38
20072,Urnieta,29.86,29.86,29.86,29.86,29.86,29.86,29.86,29.86,29.86,0.0,29.63,29.63,29.63,29.63,29.63,29.63,29.34,-56.13,29.63
20077,Urretxu,0.0,0.0,0.0,0.0,0.0,0.0,0.0,0.0,0.0,0.0,0.0,34.29,34.29,34.29,34.29,34.29,34.29,34.29,32.68
20073,Usurbil,20.74,20.74,20.74,20.74,20.74,20.74,20.43,20.43,20.43,20.56,20.0,20.69,20.69,20.69,22.77,22.77,22.77,23.24,19.44
01055,Valdegovía/Gaubea,8.52,8.57,8.99,8.99,8.99,8.99,8.99,8.99,8.99,9.02,10.23,10.23,10.23,10.23,10.23,10.99,10.32,9.75,9.75
48080,Valle de Trápaga-Trapagaran,17.8,17.8,17.8,17.8,17.8,17.8,17.8,21.53,21.53,21.14,15.61,15.61,15.61,15.61,15.61,15.61,15.61,15.61,16.52
20075,Villabona,7.49,7.49,7.49,7.49,7.49,7.49,7.49,7.49,7.49,4.24,13.06,13.06,13.06,14.07,13.67,13.67,10.41,11.24,11.24
01057,Villabuena de Álava/Eskuernaga,0.0,0.0,0.0,0.0,0.0,0.0,0.0,0.0,0.0,0.0,0.0,0.0,0.0,0.0,0.0,0.0,0.0,0.0,0.0
01059,Vitoria-Gasteiz,10.38,10.6,10.58,10.58,10.57,10.57,20.68,20.68,20.67,20.88,39.28,39.72,39.95,39.95,40.02,39.43,39.99,39.38,39.66
01060,Yécora/Iekora,14.29,11.03,11.03,11.03,11.03,11.03,11.03,11.03,13.1,13.01,13.01,13.01,13.01,13.01,13.01,13.01,13.01,0.0,0.0
48095,Zaldibar,0.0,0.0,0.0,0.0,0.0,0.0,0.0,0.0,0.0,0.0,21.23,21.23,21.23,21.23,21.96,24.56,24.56,19.75,19.75
20078,Zaldibia,0.0,0.0,0.0,0.0,0.0,0.0,15.85,15.85,15.85,15.38,19.1,20.88,20.88,16.28,16.28,16.28,16.28,16.28,16.28
01061,Zalduondo,0.0,0.0,0.0,0.0,0.0,0.0,21.69,21.69,21.69,22.4,19.32,19.32,19.32,19.32,19.32,19.32,19.32,19.32,19.32
48096,Zalla,11.29,11.29,11.29,11.29,11.29,11.29,11.29,11.29,11.29,11.37,55.66,55.66,55.66,55.66,55.66,55.69,55.73,56.04,54.47
01062,Zambrana,11.61,11.61,11.71,11.71,11.71,11.71,25.43,25.43,25.43,26.48,32.41,32.41,32.41,32.41,32.41,32.75,32.75,32.75,33.33
48905,Zamudio,22.33,22.33,22.33,22.33,22.33,0.0,22.33,22.33,22.33,22.9,20.94,20.94,20.94,20.94,21.71,48.04,48.04,48.04,48.04
48097,Zaratamo,23.3,23.3,23.3,23.3,23.3,23.3,23.3,6.25,6.25,6.87,5.67,5.67,5.67,0.0,0.0,0.0,0.0,0.0,0.0
20079,Zarautz,9.22,9.21,9.21,9.21,9.21,9.21,9.21,9.21,9.27,9.18,11.87,11.87,11.91,11.91,17.17,17.17,17.17,17.75,17.75
48024,Zeanuri,1.89,1.89,1.89,1.89,1.89,1.89,1.89,1.89,1.89,1.7,1.85,1.85,1.85,1.85,1.9,1.95,1.98,0.0,0.0
48025,Zeberio,0.93,0.93,0.93,0.93,0.93,0.93,0.93,0.93,0.93,1.13,9.19,9.19,9.19,9.19,9.36,10.43,10.43,10.01,74.88
20025,Zegama,11.16,11.16,11.16,11.16,11.16,11.16,11.16,11.16,11.16,11.71,10.44,10.44,10.48,10.48,10.48,10.48,0.0,5.81,6.12
20026,Zerain,29.09,27.27,27.27,27.27,27.27,27.27,27.27,27.27,27.27,27.27,27.27,27.78,27.78,27.78,0.0,0.0,0.0,0.0,0.0
20027,Zestoa,0.0,0.0,0.0,0.0,0.0,0.0,0.0,0.0,0.0,0.0,2.22,2.22,2.22,2.22,2.22,2.79,2.65,2.93,2.93
48913,Zierbena,27.4,27.4,27.4,27.43,27.43,27.43,27.43,27.43,27.43,27.2,38.63,38.63,38.63,38.63,38.63,38.63,38.63,32.86,32.06
01018,Zigoitia,6.16,6.16,6.16,6.16,6.16,6.16,6.16,6.16,8.57,8.45,16.91,16.91,16.91,15.65,15.65,15.65,15.65,15.65,15.65
48915,Ziortza-Bolibar,17.31,17.31,17.31,17.31,17.31,17.31,17.31,17.31,17.31,17.09,16.04,16.04,16.04,13.49,0.0,0.0,0.0,0.0,0.0
20028,Zizurkil,14.63,14.63,14.63,14.63,14.63,14.63,14.63,14.63,14.51,14.62,14.68,0.0,0.0,0.0,0.0,0.0,24.75,24.75,24.75
01063,Zuia,0.0,0.0,0.0,0.0,0.0,0.0,0.0,0.0,0.0,0.0,0.0,0.0,0.0,0.0,0.0,0.0,2.44,2.44,2.44
20081,Zumaia,25.03,25.03,25.0,25.0,25.0,25.0,25.0,25.09,25.09,24.79,30.98,30.98,30.98,30.98,30.98,30.98,10.07,10.07,20.06
20080,Zumarraga,11.13,11.13,11.13,11.13,11.13,11.13,11.13,11.13,11.06,11.28,19.58,9.78,9.78,9.78,9.78,0.0,0.0,47.33,48.89
