Indicadores municipales de sostenibilidad: Variación interanual de la población (%);;;;;;;;;;;;;;;;;;;;;;;;
"";;;;;;;;;;;;;;;;;;;;;;;;
Resumen de datos;;;;;;;;;;;;;;;;;;;;;;;;
Entidad;;2024;2023;2022;2021;2020;2019;2018;2017;2016;2015;2014;2013;2012;2011;2010;2009;2008;2007;2006;2005;2004;2003;2002
Araba/Álava;;0,69;0,65;0,15;-0,01;0,68;0,75;0,60;0,39;0,17;0,55;-0,07;-0,50;1,04;0,54;1,10;1,22;1,33;1,30;1,22;1,41;1,02;0,86;1,04
Bizkaia;;0,53;0,42;-0,43;-0,43;0,54;0,19;0,11;0,05;-0,23;-0,24;-0,57;-0,29;0,23;0,06;0,05;0,59;0,57;0,95;0,43;0,24;-0,01;-0,00;-0,14
CAE;;0,51;0,47;-0,30;-0,30;0,53;0,35;0,21;0,18;-0,06;0,02;-0,28;-0,12;0,39;0,23;0,28;0,71;0,79;0,74;0,52;0,45;0,24;0,19;0,28
Gipuzkoa;;0,41;0,45;-0,32;-0,22;0,45;0,41;0,21;0,30;0,10;0,19;0,10;0,33;0,35;0,37;0,29;0,68;0,91;0,15;0,36;0,37;0,33;0,21;0,67
"";;;;;;;;;;;;;;;;;;;;;;;;
Detalle por comarcas;;;;;;;;;;;;;;;;;;;;;;;;
Código comarca;Comarca;2024;2023;2022;2021;2020;2019;2018;2017;2016;2015;2014;2013;2012;2011;2010;2009;2008;2007;2006;2005;2004;2003;2002
01100;Arabako Ibarrak / Valles Alaveses;0,92;-0,32;0,99;1,75;0,98;0,40;0,71;1,72;-0,84;-0,60;0,30;-0,42;0,28;0,78;3,22;1,19;1,91;2,36;2,32;2,54;4,13;;1,96
01200;Arabako Lautada / Llanada Alavesa;0,73;0,78;0,17;-0,14;0,82;0,93;0,64;0,39;0,32;0,73;-0,02;-0,57;1,16;0,49;1,14;1,33;1,41;1,26;1,25;1,44;0,82;;1,13
01300;Arabako Mendialdea / Montaña Alavesa;0,75;-1,08;1,98;5,19;0,47;-0,13;0,13;0,94;-0,93;-1,76;-3,38;-1,22;0,41;-0,34;0,19;0,79;0,54;0,45;-0,06;0,16;1,10;;0,00
48100;Arratia Nerbioi / Arratia-Nervión;0,68;0,13;-0,13;0,47;0,38;0,53;0,29;0,21;-0,16;-0,11;-0,11;0,44;0,75;1,28;0,76;1,10;1,92;1,12;0,64;0,46;0,83;;0,51
20200;Bidasoa Beherea / Bajo Bidasoa;0,82;0,23;-0,64;0,45;0,46;0,27;-0,26;0,08;0,19;0,39;-0,01;0,21;0,15;-0,05;-0,14;0,04;0,40;0,71;0,72;0,73;1,37;;1,55
48200;Bilbo Handia / Gran Bilbao;0,52;0,43;-0,53;-0,69;0,57;0,10;0,04;-0,00;-0,33;-0,34;-0,69;-0,46;-0,01;-0,13;-0,08;0,48;0,34;0,81;0,36;0,17;-0,24;;-0,32
20100;Deba Beherea / Bajo Deba;0,43;-0,16;-0,56;-1,25;0,33;0,19;0,15;0,35;-0,02;0,16;0,10;0,28;0,54;0,24;0,24;0,21;0,83;0,16;-0,32;-0,31;-0,37;;-0,03
20300;Debagoiena / Alto Deba;0,56;0,39;-0,24;-1,06;0,23;0,16;-0,01;0,54;-0,05;-0,14;0,36;0,70;0,69;0,19;0,12;0,41;0,24;-0,23;-0,10;-0,09;-0,29;;0,37
20400;Donostialdea / Donostia-San Sebastián;0,23;0,59;-0,17;-0,04;0,51;0,47;0,24;0,18;0,12;0,09;-0,02;0,16;0,16;0,33;0,19;0,71;0,71;-0,26;0,27;0,27;0,34;;0,51
48300;Durangaldea / Duranguesado;0,49;0,18;-0,45;-0,49;0,50;0,33;0,52;0,49;0,11;0,14;-0,33;0,17;1,05;0,36;0,16;0,85;1,22;1,40;0,77;0,58;0,36;;0,31
48400;Enkartazioak / Encartaciones;0,38;0,00;-0,17;0,28;0,34;0,33;-0,32;-0,23;-0,34;0,02;-0,30;0,19;1,38;0,90;0,88;0,95;1,24;0,79;0,60;0,41;0,68;;0,22
01400;Errioxa Arabarra / Rioja Alavesa;0,13;0,22;0,33;0,63;0,68;0,16;0,16;0,22;-1,11;0,34;-0,01;-0,75;0,26;0,47;0,70;-0,02;1,84;2,67;1,63;1,81;2,38;;1,99
48500;Gernika-Bermeo;0,50;0,77;-0,30;0,43;0,21;0,07;0,34;0,00;-0,04;-0,34;-0,70;-0,08;0,73;0,60;0,35;0,40;0,62;1,29;0,69;0,48;0,38;;-0,01
20500;Goierri;0,44;0,59;-0,54;-0,63;0,46;0,47;0,25;0,57;-0,20;0,05;-0,03;0,05;0,25;0,40;0,57;0,73;2,45;1,09;0,71;0,72;0,10;;0,57
01500;Gorbeia Inguruak / Estribaciones del Gorbea;1,23;0,55;0,52;2,97;0,20;0,25;0,74;-0,58;-0,14;0,37;-1,11;-0,36;1,60;1,98;1,92;1,88;2,01;2,33;2,03;2,27;3,87;;3,20
01600;Kantauri Arabarra / Cantábrica Alavesa;0,37;0,18;-0,43;-0,72;-0,25;-0,09;0,42;0,45;-0,16;-0,30;0,05;0,12;0,47;0,60;0,48;0,73;0,35;0,84;0,64;0,83;0,88;;-0,34
48600;Markina-Ondarroa;-0,03;-0,55;-1,07;-0,64;-0,01;0,40;-0,17;0,56;-0,33;-0,67;-0,36;-0,29;0,06;-0,10;-0,55;0,62;0,85;0,95;-0,79;-0,96;-0,11;;-0,26
48700;Plentzia-Mungia;0,90;1,19;0,98;2,18;0,96;1,07;0,56;-0,01;0,74;0,62;0,52;0,84;1,44;1,22;1,22;1,61;2,17;2,21;1,34;1,15;2,14;;1,65
20600;Tolosaldea / Tolosa;0,30;0,58;-0,23;-0,01;0,60;0,58;0,43;0,63;0,18;0,35;0,12;1,04;0,97;0,66;0,61;1,07;1,18;0,51;0,77;0,77;0,21;;0,88
20700;Urola-Kostaldea / Urola Costa;0,66;0,40;-0,38;0,02;0,41;0,49;0,58;0,29;0,35;0,76;0,68;0,69;0,68;1,02;0,98;1,55;1,38;0,64;0,78;0,79;0,60;;1,24
"";;;;;;;;;;;;;;;;;;;;;;;;
Detalle por municipios;;;;;;;;;;;;;;;;;;;;;;;;
Código municipio;Municipio;2024;2023;2022;2021;2020;2019;2018;2017;2016;2015;2014;2013;2012;2011;2010;2009;2008;2007;2006;2005;2004;2003;2002
48001;Abadiño;0,34;0,30;1,29;-1,68;0,77;0,72;0,26;0,95;0,17;0,03;0,40;0,97;1,00;0,10;0,63;0,87;1,12;1,29;1,16;0,98;0,43;0,60;1,55
20001;Abaltzisketa;-2,49;5,59;-0,98;-2,23;-4,27;4,46;-1,88;1,91;-1,57;0,00;-0,31;0,63;0,93;0,00;-0,32;0,00;4,30;2,03;0,00;0,00;0,34;-0,71;7,53
48002;Abanto y Ciérvana-Abanto Zierbena;0,22;0,38;-0,79;-1,01;0,26;-1,09;-0,08;0,19;-0,71;-0,55;-0,86;0,09;-0,05;0,11;0,99;0,56;0,05;0,55;0,22;0,02;1,30;0,87;0,60
20002;Aduna;-1,39;4,14;1,05;-1,04;0,63;0,00;-0,21;3,44;0,00;-0,43;3,09;1,34;0,00;5,18;6,78;7,28;1,64;0,55;2,83;3,22;-0,29;2,71;-0,30
20016;Aia;0,42;2,22;1,92;2,42;-0,65;-1,09;-0,25;0,15;-0,10;0,65;0,10;0,45;1,20;-0,40;2,53;5,33;1,43;0,95;0,67;0,62;2,60;0,55;-0,29
20003;Aizarnazabal;1,60;-0,40;-2,46;0,26;0,79;-0,39;-0,39;1,99;-0,13;0,13;0,53;1,63;4,50;3,80;5,72;1,73;1,76;0,64;-0,80;-0,79;2,10;3,95;1,53
48911;Ajangiz;-0,43;0,00;-0,43;5,91;-2,87;-1,09;-0,87;-0,65;2,65;-0,66;2,70;-1,77;-0,22;2,04;1,38;-0,46;0,46;0,93;0,93;0,71;-0,47;1,18;1,92
20004;Albiztur;-0,32;2,99;-0,33;3,07;-1,01;-1,99;-0,66;-1,62;3,00;-1,96;1,32;2,72;1,28;-0,69;-3,00;-0,33;3,79;0,69;-1,37;-1,35;1,37;1,74;4,30
20005;Alegia;2,31;1,34;-1,27;1,00;2,68;-0,17;-0,11;-0,23;-0,79;-0,39;-0,78;0,28;-0,39;3,00;0,82;1,54;1,50;0,79;2,10;2,15;2,86;0,12;0,39
01001;Alegría-Dulantzi;-0,28;0,44;1,54;-0,73;2,11;-0,19;1,25;1,81;-0,70;-1,63;2,41;-0,63;2,35;3,84;3,76;7,28;10,26;4,09;3,38;3,70;12,74;6,82;7,83
20006;Alkiza;-2,25;3,79;-1,44;-0,57;1,16;-2,26;1,43;0,87;-1,14;-2,78;-1,91;2,80;3,92;1,18;-3,69;2,62;7,86;0,32;2,92;3,01;4,91;2,63;3,75
48912;Alonsotegi;2,60;-0,03;0,48;4,39;-1,05;0,25;0,28;-0,63;-0,45;0,46;0,14;-0,31;0,89;-0,39;-0,32;0,14;1,03;1,01;0,40;0,18;-1,28;-0,08;-1,57
20906;Altzaga;-1,20;-2,92;0,59;-7,10;-2,66;2,17;0,00;6,36;-2,81;7,23;0,61;1,85;1,25;1,28;-1,89;3,25;0,65;2,68;-0,67;-0,66;10,22;14,66;5,31
20007;Altzo;-0,50;5,57;-4,80;1,54;6,27;2,51;1,13;-1,12;2,29;1,45;-2,54;-0,56;1,48;1,74;-13,32;0,51;5,32;4,16;-0,55;-0,82;8,28;1,27;-6,13
20008;Amezketa;-0,11;-0,97;0,32;0,76;1,43;-1,73;0,22;0,00;-0,11;-2,85;-0,63;-0,10;0,62;-2,96;0,41;0,72;3,19;-2,09;0,84;0,74;-0,21;-0,51;0,00
48003;Amorebieta-Etxano;0,48;-0,07;-0,02;-0,34;0,89;1,06;1,11;1,19;0,74;0,76;-0,49;0,53;2,06;0,63;0,51;0,98;1,44;1,71;1,03;0,84;1,30;0,19;0,15
48004;Amoroto;0,52;-1,79;-3,94;-2,17;1,47;-2,39;0,00;1,45;2,99;-1,72;3,03;-0,50;-1,94;0,00;0,25;0,50;-0,99;1,50;-0,74;-0,74;-1,46;0,80;1,50
01002;Amurrio;0,18;0,22;-0,21;0,61;-0,85;0,51;0,44;0,12;0,02;0,26;0,78;0,42;1,00;-0,27;-0,26;0,78;1,90;1,68;0,98;1,16;0,16;-0,41;-0,95
20009;Andoain;0,01;0,31;-0,87;-0,81;0,29;0,10;0,01;0,69;-0,38;-0,02;0,13;0,15;-0,29;0,55;0,21;2,20;1,88;0,61;0,14;0,14;-0,83;-0,57;-0,33
20010;Anoeta;-0,33;0,86;-0,43;4,04;-0,29;2,72;0,35;-1,05;1,94;3,43;1,12;2,30;-0,11;-0,49;0,77;2,36;1,36;0,57;-0,11;-0,11;0,11;3,19;0,12
20011;Antzuola;-0,33;0,52;-0,51;-1,51;-1,00;-0,81;0,23;-0,40;-0,89;0,09;0,36;1,27;-0,46;1,57;0,46;1,22;1,14;-0,05;0,48;0,48;1,95;0,53;0,69
48005;Arakaldo;-1,69;5,33;-0,59;0,00;1,80;1,83;0,61;-1,21;1,23;8,67;9,49;10,48;-1,56;13,64;18,28;2,20;-4,21;1,06;4,44;4,65;2,38;-2,08;10,26
20012;Arama;-5,13;-1,52;-3,41;0,49;0,99;-3,35;-0,95;0,48;-1,41;-3,18;0,00;10,00;-0,50;-7,94;10,31;4,86;2,21;5,85;2,40;2,45;-1,81;1,84;-2,41
01003;Aramaio;-1,87;-1,64;-1,87;1,01;-1,73;-0,99;0,20;-0,52;-1,55;1,37;-0,84;0,33;1,14;-0,78;0,26;0,46;-1,17;1,39;0,87;1,08;1,36;0,68;1,87
48006;Arantzazu;1,46;-1,90;0,72;7,47;2,92;2,45;-1,60;-1,06;-1,56;-0,26;3,22;3,04;1,69;8,67;6,60;0,00;0,66;0,67;1,36;1,37;-0,34;-0,70;0,00
48093;Areatza;3,57;-0,24;-1,83;2,28;1,23;-0,57;1,58;0,75;1,53;-2,41;-2,35;1,06;3,99;3,00;1,34;1,63;2,99;2,00;1,65;1,57;-0,68;-1,15;-1,43
20013;Aretxabaleta;0,60;1,13;-0,46;0,54;-0,25;1,92;-0,13;-0,20;0,16;-0,24;0,97;1,11;1,86;0,48;0,16;0,83;1,33;0,93;2,42;2,50;0,67;0,32;1,70
01006;Armiñón;5,78;-1,32;1,79;0,45;0,00;4,21;-4,89;1,35;-2,20;-1,30;5,50;4,31;0,87;1,01;18,45;5,66;0,00;17,78;8,00;8,70;-3,36;1,80;14,71
01037;Arraia-Maeztu;2,10;1,25;0,63;8,61;0,00;2,38;-0,69;0,28;1,56;-0,42;-2,87;-0,81;2,35;1,83;0,28;0,71;-0,99;0,00;0,57;1,00;1,01;0,68;3,01
48009;Arrankudiaga;1,78;-1,46;1,38;-0,69;-0,10;0,10;0,30;0,89;1,21;0,51;1,02;0,51;3,00;1,94;1,76;2,47;4,59;0,83;1,32;1,22;0,12;-1,77;2,59
20055;Arrasate/Mondragón;1,15;0,38;-0,55;-1,60;0,11;-0,30;0,35;0,66;-0,14;0,05;0,08;0,33;0,25;-0,28;-0,18;0,43;-0,63;-0,91;-1,31;-1,28;-0,66;-0,13;-0,06
48914;Arratzu;-2,86;-1,18;2,42;0,98;-1,20;0,00;1,22;0,74;0,25;1,25;2,56;1,03;-0,26;2,40;1,90;5,14;1,16;-1,70;1,44;1,46;-1,44;-2,68;-2,99
01008;Arratzua-Ubarrundia;0,37;0,65;1,04;2,42;0,19;-0,10;0,58;0,29;-2,01;0,58;1,56;0,89;3,36;4,63;-1,07;2,63;3,39;0,91;2,94;3,15;10,15;-0,97;-2,11
48010;Arrieta;-0,70;1,24;0,36;0,00;-0,53;3,10;0,00;-1,26;-1,77;-0,35;5,19;-1,46;1,66;-3,06;1,46;0,18;-0,91;0,92;0,92;0,74;1,32;-3,07;1,50
48011;Arrigorriaga;0,03;0,03;-1,58;-0,39;0,51;-0,58;-0,40;-0,25;-0,61;-0,24;-0,12;-1,40;0,11;1,02;-0,69;0,12;0,29;1,55;1,42;1,25;3,32;3,08;4,08
48023;Artea;-0,66;1,46;0,40;3,88;-0,14;0,28;0,28;-2,45;-3,03;-0,39;1,74;-2,98;0,00;3,08;0,95;3,06;6,37;1,66;0,15;0,15;2,32;1,23;-0,62
48008;Artzentales;1,82;0,56;-0,42;6,11;-3,03;-2,26;-0,98;-2,32;1,81;0,84;-0,97;-4,26;2,43;1,54;2,14;-0,57;3,37;0,00;1,04;0,75;0,15;0,00;0,15
01004;Artziniega;1,64;1,23;0,05;-2,56;-0,57;-0,57;1,84;2,21;0,70;0,11;-0,22;-1,60;0,98;1,70;-0,27;3,21;4,05;1,55;1,94;2,17;4,88;3,14;0,00
01009;Asparrena;0,55;-1,81;0,30;2,54;0,44;-1,65;0,99;-1,04;-1,03;-0,30;-1,48;-1,23;0,83;0,77;2,31;3,20;1,46;-0,38;0,00;0,25;1,03;-1,07;0,97
20014;Asteasu;1,59;-0,72;0,46;-2,69;0,65;1,24;1,39;1,14;-1,32;0,27;0,27;0,33;1,41;1,37;-0,41;-0,68;2,08;0,98;1,71;1,74;1,17;1,62;7,17
20903;Astigarraga;1,15;3,40;3,29;5,72;7,99;4,36;0,99;-0,63;3,29;2,68;4,29;6,51;3,76;2,32;1,21;3,39;3,60;1,79;2,75;2,83;3,49;4,08;4,58
20015;Ataun;1,17;1,85;-1,82;-2,29;0,11;1,28;0,06;1,53;1,31;-1,41;1,13;0,30;0,66;0,18;0,18;1,10;3,41;0,51;0,77;0,84;0,13;-1,30;-0,19
48091;Atxondo;-0,73;-0,36;0,22;-0,87;-2,05;-1,19;0,49;3,49;-0,22;-1,01;0,14;-1,83;-0,98;-0,14;-1,65;-0,34;1,88;0,91;1,57;1,38;-1,85;1,33;-1,42
48070;Aulesti;-1,54;0,15;1,72;-4,34;0,45;0,45;-1,49;2,91;-0,15;0,00;0,31;-2,10;-1,76;0,74;-0,74;0,44;0,74;0,60;0,75;0,61;0,61;-0,46;0,46
01010;Ayala/Aiara;0,73;0,07;-1,06;0,62;-0,21;0,17;0,45;-0,21;0,49;-0,03;-0,24;0,59;1,32;2,02;2,59;2,27;-2,19;1,43;1,95;2,19;8,45;3,66;2,78
20017;Azkoitia;0,47;0,18;-0,40;-0,18;-0,05;0,21;0,72;0,23;0,07;0,77;0,09;0,21;0,66;1,28;1,72;2,10;3,09;1,05;0,40;0,40;0,60;0,30;0,37
20018;Azpeitia;0,08;0,17;-0,23;0,72;1,10;0,93;0,67;0,03;-0,07;0,66;0,44;0,70;1,08;0,69;0,32;1,66;0,84;0,27;0,31;0,33;-0,33;0,86;0,89
01049;Añana;-6,18;0,00;1,71;-2,23;-3,76;3,33;0,56;4,07;1,78;-4,52;6,63;-4,60;-1,19;-2,81;0,00;0,56;-2,21;1,12;-2,19;-2,14;-1,06;-3,14;-0,51
48012;Bakio;0,43;0,07;1,19;5,86;-0,45;1,54;0,58;-0,46;0,46;-1,22;-0,65;0,69;2,44;3,40;6,79;2,35;3,86;2,69;2,52;2,43;4,72;4,33;4,39
20904;Baliarrain;3,25;-0,65;0,00;-6,06;9,27;0,67;-1,32;4,83;-2,03;12,12;0,76;3,15;4,10;1,68;9,17;11,22;10,11;-3,26;-1,08;-1,06;4,44;-3,00;2,27
48090;Balmaseda;0,54;-0,27;0,14;0,46;0,57;0,21;-0,43;-0,09;-1,69;-0,23;-0,18;1,13;2,03;3,02;1,59;1,32;0,88;0,70;0,31;0,13;0,44;-0,34;0,29
48013;Barakaldo;0,78;0,49;-0,43;-0,27;0,51;0,45;-0,15;-0,21;-0,57;0,17;-0,69;-0,20;0,31;0,56;0,77;0,95;0,93;0,91;-0,11;-0,31;-0,08;-0,83;-1,18
48014;Barrika;1,14;-0,32;-0,25;3,85;0,20;-0,46;-0,20;-1,47;-0,26;0,64;0,71;1,78;-0,40;2,02;3,62;2,57;0,79;1,61;0,74;0,52;4,09;3,60;2,62
01013;Barrundia;-1,41;-2,02;1,51;-1,38;-0,42;-0,32;-0,73;2,03;-0,32;-1,05;-0,52;1,60;0,22;0,54;5,10;4,74;3,31;1,62;2,69;2,89;8,73;8,47;3,24
48015;Basauri;0,21;0,15;-0,60;-1,03;0,63;-0,42;-0,04;0,05;-0,72;-0,78;-0,60;-0,53;-0,46;-0,79;-0,53;-0,73;-0,51;-0,06;-0,25;-0,44;-0,80;-1,20;-1,62
01011;Baños de Ebro/Mañueta;1,26;-0,63;3,24;-3,74;-0,62;3,53;-1,89;1,60;-0,32;-3,98;0,62;1,56;-2,16;-0,91;-1,49;-7,46;1,40;-2,72;7,00;7,52;-0,31;1,17;1,95
20019;Beasain;-0,03;0,63;-0,59;-1,26;0,37;-0,06;0,09;0,74;-0,37;0,94;0,24;-0,24;0,97;0,57;1,05;0,26;4,70;1,77;1,09;1,11;0,88;0,56;1,11
48092;Bedia;0,27;1,09;2,33;2,48;-0,47;2,53;0,49;-0,29;0,20;-0,87;1,77;3,05;1,75;0,31;0,21;-1,73;0,61;0,83;0,21;0,00;-1,33;-0,30;0,72
20020;Beizama;-3,74;-4,46;-5,08;-4,84;3,33;-6,25;1,59;0,80;-0,79;-2,33;-2,27;-3,65;-3,85;2,05;1,39;0,00;-15,79;0,59;1,19;1,20;0,00;5,66;0,63
20021;Belauntza;1,97;5,56;5,88;4,21;1,16;0,00;1,18;0,00;-2,67;-4,38;-3,18;-4,07;-2,09;-2,63;2,36;-5,11;4,33;-0,33;4,51;4,73;0,00;0,00;-2,83
48016;Berango;2,56;1,42;1,27;2,19;0,48;0,85;0,69;0,06;0,31;0,64;-0,20;1,76;1,04;0,94;2,17;2,37;3,23;2,96;1,83;1,68;3,87;6,13;5,16
01014;Berantevilla;0,59;2,83;-1,39;0,60;2,25;0,62;1,46;0,63;-0,42;-1,85;0,83;1,05;-2,83;0,41;3,18;-1,26;1,92;2,41;3,63;4,01;1,44;-0,64;2,91
20022;Berastegi;2,55;-1,67;0,28;2,00;-0,09;-0,47;-0,47;-0,09;1,62;0,67;-1,14;0,57;0,09;0,87;1,57;0,20;3,15;0,10;1,13;1,04;1,91;-0,81;0,85
20074;Bergara;0,15;0,08;-0,52;-1,54;0,21;0,19;-0,25;0,72;-0,29;-0,41;0,41;1,07;0,90;-0,01;-0,03;-0,12;-0,20;-0,29;0,16;0,17;-0,76;-0,26;0,52
48017;Bermeo;1,32;0,29;-0,34;-0,42;0,18;0,09;0,59;0,34;-0,26;-0,65;-0,81;-0,15;0,39;0,44;0,49;-0,17;0,41;0,85;0,46;0,27;-0,13;-0,11;-0,04
01016;Bernedo;1,10;-3,36;4,43;2,26;2,51;-2,45;-0,93;3,88;-4,45;-3,58;-3,95;-0,34;0,53;-1,20;0,34;-0,68;1,91;1,05;1,43;1,63;-0,72;1,87;-1,27
48018;Berriatua;2,28;0,00;-1,45;-1,03;0,48;-0,40;1,45;1,81;-0,57;-2,00;-0,72;-0,40;-0,24;-2,47;-1,59;1,78;5,54;5,87;3,39;3,32;5,65;3,65;4,11
48019;Berriz;1,32;-0,04;-0,09;-2,60;-0,83;-1,36;-0,02;1,34;-1,59;-0,31;-0,91;-0,96;-0,33;-0,20;-0,18;1,19;1,74;2,05;2,18;2,05;0,56;2,75;2,38
20023;Berrobi;-4,37;-0,50;-0,83;-1,63;0,00;-0,65;0,16;2,84;-0,50;3,26;1,75;-0,35;-1,73;1,57;-3,54;2,41;0,52;-0,52;2,29;2,35;0,91;-1,57;1,45
20024;Bidania-Goiatz;-1,30;1,70;-1,30;-4,11;0,54;2,58;0,18;5,45;-2,10;1,16;0,00;-2,44;0,75;1,54;4,41;3,96;1,69;0,85;-0,21;-0,21;1,73;0,93;2,91
48020;Bilbao;0,56;0,60;-0,64;-1,10;0,89;0,18;0,12;-0,02;-0,22;-0,35;-0,96;-0,80;-0,30;-0,38;-0,50;0,66;0,32;1,05;0,51;0,32;-0,20;-0,11;-0,24
48021;Busturia;0,97;-1,14;1,15;1,73;0,93;-2,01;-1,15;0,42;-1,61;-0,36;-1,69;-1,38;-1,75;1,09;0,98;1,58;-1,10;0,58;0,35;0,12;0,65;-1,83;0,76
01017;Campezo/Kanpezu;0,72;-1,07;2,46;3,58;-0,47;-0,37;1,61;0,10;-1,03;-1,48;-4,34;0,00;1,16;-0,62;0,99;1,00;0,46;1,95;-1,29;-1,09;2,42;-1,67;-0,46
20029;Deba;0,09;-0,13;-1,05;-0,29;0,15;0,15;-0,04;0,22;0,24;0,26;0,41;-0,28;0,35;0,67;-0,43;-0,06;0,67;0,77;0,91;0,96;-0,38;1,07;1,11
48901;Derio;1,29;3,47;0,54;6,99;1,50;1,19;1,03;-2,54;1,90;1,17;1,76;3,30;3,10;1,32;0,91;3,52;4,40;1,66;1,73;1,55;-0,38;1,46;1,16
48026;Dima;0,47;2,53;-1,08;2,64;0,49;-0,76;-0,41;-0,75;2,24;0,78;0,93;3,24;0,66;3,75;1,32;3,04;2,12;2,00;-0,17;-0,33;3,78;1,03;0,79
20069;Donostia / San Sebastián;0,14;0,48;-0,18;-0,17;0,41;0,37;0,24;0,21;-0,06;-0,06;-0,35;-0,33;0,12;-0,04;-0,26;0,45;0,56;-0,71;0,17;0,18;0,76;0,06;0,59
48027;Durango;0,40;0,48;-1,09;0,71;1,11;0,48;0,71;-0,36;0,29;0,33;0,10;0,14;1,39;-0,19;-0,14;1,25;1,36;2,14;1,34;1,17;1,24;1,53;0,87
48028;Ea;1,63;0,94;0,83;0,84;-1,42;-0,47;0,83;-0,59;0,00;-1,28;0,00;-1,94;-1,12;-0,34;-0,89;1,58;2,43;0,47;0,47;0,35;0,71;-3,05;-0,12
20030;Eibar;0,42;-0,21;-0,78;-1,02;0,84;0,40;0,01;-0,09;-0,17;-0,03;0,02;-0,34;0,41;-0,01;-0,12;-0,35;0,33;-0,38;-0,88;-0,87;-0,62;-1,16;-0,50
48031;Elantxobe;-0,56;0,85;1,45;-3,08;-1,38;0,28;-1,37;-1,61;-3,12;-2,04;-0,51;-2,48;-4,96;-2,50;-0,23;0,68;-2,01;1,59;-1,35;-1,55;1,12;1,55;-2,43
01021;Elburgo/Burgelu;1,52;1,23;-0,61;2,67;1,59;-0,63;-1,41;0,47;0,79;-2,02;0,00;-0,62;0,96;7,72;10,58;3,85;0,39;2,58;2,23;2,49;3,89;2,59;12,85
01022;Elciego;-1,68;0,10;-1,46;-0,77;-0,29;-1,98;0,38;2,43;-6,36;1,66;1,60;-0,37;-0,77;-0,28;0,28;1,71;2,73;5,55;-1,12;-0,91;-0,50;-0,74;2,71
20031;Elduain;5,19;-5,33;1,67;-1,23;-2,80;2,88;0,00;0,00;-0,82;2,08;0,00;3,45;-0,43;-1,27;0,85;0,00;4,00;3,21;0,00;0,00;0,00;0,00;-1,35
20033;Elgeta;1,09;-0,45;-1,78;-0,88;-0,70;-0,09;0,00;3,73;-0,27;-0,36;-1,51;2,00;1,27;2,55;1,34;2,25;0,49;1,91;-0,30;-0,20;2,98;1,67;-1,34
20032;Elgoibar;0,90;0,18;0,09;-1,35;-0,39;0,23;0,57;0,10;0,11;0,75;-0,22;0,70;0,69;0,29;0,91;1,53;1,56;0,84;0,45;0,46;-0,66;0,22;-0,05
48032;Elorrio;0,08;-0,15;-1,06;0,32;0,09;0,58;0,28;0,37;0,67;0,63;-0,73;0,23;0,47;0,08;0,42;0,91;1,00;0,57;0,73;0,55;-0,97;-0,08;-0,16
01023;Elvillar/Bilar;0,00;-2,97;-2,32;-1,99;-0,85;-3,53;0,27;5,46;0,58;1,47;-1,45;-3,35;1,94;-1,39;-1,10;3,41;0,00;2,33;-2,82;-2,75;1,11;2,18;0,28
48902;Erandio;0,99;-0,23;-0,15;-1,57;0,56;0,58;0,43;0,61;-0,18;-0,40;-0,75;0,34;0,26;-0,25;0,06;0,96;0,21;1,91;1,06;0,87;1,07;0,69;-0,26
48033;Ereño;-2,79;3,24;1,46;-0,72;4,55;2,72;-0,39;-1,15;1,16;2,38;-0,79;-4,51;-1,14;3,41;0,76;1,55;-1,15;1,56;0,00;-0,77;1,97;-4,20;2,77
48034;Ermua;-0,04;0,04;-1,13;-1,33;-0,12;-0,32;0,11;0,53;-0,29;-0,24;-0,97;-0,26;0,02;0,53;-0,33;-0,03;0,20;0,14;-0,20;-0,39;-0,77;-1,09;-0,80
20067;Errenteria;0,32;0,37;-0,59;-1,05;0,09;0,28;0,04;0,28;0,23;0,01;0,13;0,36;0,27;1,13;1,12;0,86;0,52;0,31;0,19;0,19;-0,37;-0,78;-0,26
20066;Errezil;0,34;2,99;-2,74;-5,80;-1,11;-0,95;0,96;3,29;1,16;-0,17;-2,11;-0,81;1,65;-1,46;-0,96;0,48;-0,64;1,79;0,99;0,83;-0,99;-1,78;0,98
01046;Erriberagoitia/Ribera Alta;1,48;1,15;-1,14;5,78;-0,72;1,09;0,49;0,00;-4,30;2,14;-1,17;-2,96;1,15;4,12;2,61;3,61;5,43;4,55;1,15;1,31;2,54;5,37;0,16
48079;Errigoiti;0,20;0,40;3,90;-0,61;1,24;-1,83;-0,60;0,00;1,22;-3,35;-2,69;-1,70;-3,59;5,14;2,54;-1,54;2,36;0,20;-0,20;-0,59;-2,85;1,84;2,38
20034;Eskoriatza;1,14;0,74;0,75;0,68;0,93;-0,59;-0,27;0,07;-0,29;-0,29;0,59;0,61;0,27;-0,07;0,42;-0,30;3,03;0,59;0,33;0,33;-0,36;-0,51;0,33
48029;Etxebarri;-0,32;1,63;1,15;0,65;1,08;2,18;0,76;0,56;1,23;1,13;1,55;2,10;2,01;4,91;5,30;7,61;4,75;2,09;1,05;0,87;1,59;3,72;2,93
48030;Etxebarria;-1,29;-1,28;-0,56;-4,97;-0,80;2,18;1,24;2,83;-1,94;-0,55;-2,03;0,41;-0,37;-1,46;-1,44;-0,26;-6,36;1,74;1,13;1,02;-0,88;-0,75;-0,99
20035;Ezkio-Itsaso;-2,39;-1,10;-0,63;0,63;-1,55;0,78;1,43;1,29;-0,64;1,29;1,15;-0,16;2,63;0,51;3,14;2,14;1,63;-0,36;-2,98;-2,73;1,03;-2,09;1,19
48906;Forua;3,77;0,98;0,00;1,77;-1,31;-0,97;0,11;-1,07;-1,68;0,00;-1,86;0,73;-1,02;-3,19;0,10;2,35;3,16;-1,66;-0,21;-0,41;0,94;0,50;-0,10
48035;Fruiz;4,35;0,73;0,00;-1,97;2,95;-0,73;-0,73;0,73;-1,08;-0,72;1,64;2,05;14,50;4,23;7,16;3,46;0,50;0,50;1,01;0,76;1,55;0,56;2,90
20038;Gabiria;1,70;0,95;-0,19;2,53;1,38;0,00;-0,98;0,79;-0,39;-0,78;0,39;1,19;-1,01;4,11;4,28;5,66;4,00;1,67;2,20;2,25;-5,21;3,76;0,94
20037;Gaintza;0,00;-3,10;0,00;13,16;-4,20;-0,83;1,69;-3,28;-0,81;1,65;0,00;-0,82;-6,92;1,57;-2,31;0,00;-2,99;3,88;17,27;20,88;-3,19;-5,15;0,00
48036;Galdakao;-15,45;0,04;-0,35;-0,22;0,35;0,10;0,14;0,18;-0,05;-0,02;0,53;0,29;0,28;-0,59;0,23;-0,10;0,21;0,13;-0,18;-0,37;-0,68;0,66;-0,18
48037;Galdames;-1,08;0,12;-0,60;-0,47;0,96;0,60;0,48;0,98;-0,24;-0,36;-1,08;-2,34;-0,71;1,66;-0,47;3,66;-1,33;1,10;-0,97;-1,07;0,72;-0,50;-0,96
48038;Gamiz-Fika;-0,94;0,22;0,51;1,25;-0,95;0,15;0,00;0,44;1,56;0,37;-0,45;-0,07;1,35;0,15;1,22;2,66;-0,08;0,31;0,39;0,24;2,18;2,16;0,66
48039;Garai;2,80;-0,31;1,25;-1,24;-0,31;2,21;0,96;1,62;-0,64;-1,27;-4,26;-2,95;0,88;4,67;2,23;-0,63;4,29;2,71;-0,67;-0,67;3,46;6,18;7,17
48040;Gatika;0,62;-1,10;-1,74;1,15;0,06;-0,78;-0,78;0,72;0,30;2,47;0,25;-0,25;2,46;1,03;1,50;2,20;3,59;2,55;1,00;0,79;3,50;0,39;2,54
48041;Gautegiz Arteaga;-1,10;2,94;1,38;2,95;-0,82;-0,47;1,42;0,00;-1,28;-1,72;-2,90;-1,54;3,53;0,00;-0,56;1,49;-0,23;0,00;0,92;0,70;1,77;1,29;1,10
20907;Gaztelu;0,00;-2,22;0,56;6,55;1,20;-0,60;-2,34;3,64;-2,37;-5,06;1,14;1,73;-1,18;2,94;5,59;-5,29;-2,86;0,57;0,58;0,58;-0,58;2,04;-0,58
48046;Gernika-Lumo;-0,09;1,43;-1,28;0,11;0,50;0,41;0,33;0,04;0,62;-0,21;-0,55;0,22;2,25;0,82;0,16;-0,06;0,46;2,58;1,10;0,91;0,66;0,01;-0,24
20039;Getaria;1,70;0,24;1,27;0,32;-0,56;0,53;1,07;0,36;1,31;2,19;1,35;0,26;0,49;-0,30;1,61;2,03;2,81;0,53;0,00;0,00;0,49;1,96;-0,33
48044;Getxo;-0,16;-0,26;-0,90;-0,82;-0,18;-0,57;-0,34;0,04;-0,47;-0,72;-0,75;-0,64;-0,08;-0,54;-0,33;-0,46;-0,35;0,74;0,45;0,26;-0,13;-0,48;-0,05
48047;Gizaburuaga;0,49;2,51;-3,40;3,00;-4,76;-1,41;1,43;0,48;-2,34;0,47;-0,93;5,39;-0,49;2,01;2,58;7,18;4,02;-1,14;17,33;20,97;1,64;-4,76;0,00
48042;Gordexola;1,67;-1,82;-0,64;-0,46;-0,06;1,35;-0,70;0,65;-0,53;-0,29;-0,69;-0,75;-1,31;1,26;0,23;1,94;4,41;1,11;0,75;0,56;0,50;0,26;7,51
48043;Gorliz;-0,64;0,69;0,15;2,09;1,89;2,12;-0,02;0,88;-0,07;-0,09;1,11;1,39;0,31;0,44;1,84;1,97;2,27;2,77;2,04;1,87;2,57;2,17;3,61
48045;Güeñes;0,47;0,24;0,50;0,75;-0,02;0,67;-0,28;-1,04;1,15;0,62;0,05;0,34;1,30;-1,51;2,03;1,00;1,24;0,63;1,56;1,38;1,73;1,62;-0,52
01056;Harana/Valle de Arana;-2,18;-2,55;-1,67;1,27;-0,84;-3,25;-0,81;2,06;-2,41;-6,04;-2,21;-4,24;-3,14;-3,30;-3,19;-1,88;-1,85;-3,27;-1,75;-1,72;-0,57;-0,30;-1,67
20040;Hernani;-0,95;0,64;-0,35;2,31;0,55;0,83;0,38;-1,19;0,45;0,03;0,81;1,19;-0,06;0,70;0,32;0,74;1,06;0,52;0,40;0,41;0,11;0,46;0,96
20041;Hernialde;1,27;0,00;-2,18;5,25;0,00;-2,87;1,29;-0,96;-3,40;-5,54;0,29;-2,29;0,56;2,35;1,49;-0,30;2,74;0,31;1,55;1,58;3,26;2,44;0,34
20036;Hondarribia;0,45;-0,22;0,31;0,18;0,28;-1,06;-0,16;0,32;0,55;0,92;0,70;1,95;0,12;0,45;0,15;1,02;0,84;0,67;0,77;0,79;0,90;0,81;2,22
20042;Ibarra;-0,27;-0,46;-1,79;-2,95;1,13;0,50;0,28;1,15;-0,90;0,48;-0,33;-0,12;-0,49;-1,63;0,16;1,06;0,52;-0,47;0,19;0,21;0,05;1,11;1,16
48048;Ibarrangelu;-1,83;2,01;1,90;9,98;-0,64;-0,64;-1,26;-0,78;0,31;0,31;0,79;-1,09;0,79;4,24;-0,33;1,15;2,70;1,02;0,69;0,34;-0,17;-0,18;0,52
20043;Idiazabal;-0,17;-0,51;-0,21;-1,85;-0,34;0,38;0,21;1,76;-0,13;0,00;0,47;0,26;0,48;1,05;1,74;2,80;1,16;1,17;0,71;0,71;2,44;1,73;-0,05
48094;Igorre;0,74;-0,61;0,26;0,24;1,23;0,56;0,41;0,37;-1,18;-0,17;0,17;-0,57;-0,89;0,84;-0,17;1,68;2,36;1,16;0,58;0,38;0,74;1,32;0,03
20044;Ikaztegieta;3,36;0,21;-0,21;-2,06;-3,95;2,22;0,81;1,45;0,00;4,99;0,00;-1,07;-0,21;0,22;1,10;1,33;1,12;0,91;3,04;3,38;0,24;1,58;2,51
20045;Irun;0,93;0,36;-0,90;0,52;0,52;0,66;-0,29;0,01;0,08;0,24;-0,21;-0,27;0,16;-0,19;-0,22;-0,23;0,29;0,72;0,70;0,71;1,49;0,73;1,37
20046;Irura;0,43;0,16;0,49;1,38;0,06;-0,60;1,62;2,46;5,49;1,16;0,06;1,24;1,30;2,58;3,95;7,02;12,40;3,24;2,04;2,08;2,30;9,47;21,50
01027;Iruraiz-Gauna;1,90;1,22;1,60;3,30;2,82;-0,38;-1,11;-0,92;0,93;-0,37;-1,46;-4,19;1,31;4,23;3,42;1,54;1,57;2,00;-0,40;-0,20;2,86;0,22;1,90
01901;Iruña Oka/Iruña de Oca;0,25;1,92;1,73;-1,56;2,16;2,00;1,86;1,44;2,93;1,70;-0,38;1,01;3,57;-0,10;3,11;3,68;10,63;2,18;2,56;2,84;4,68;1,01;3,57
48049;Ispaster;-2,43;0,68;-2,77;1,75;0,40;1,79;0,97;0,28;1,99;-1,67;-0,55;2,12;3,68;1,80;1,06;0,00;5,44;0,81;0,32;0,16;0,16;0,66;0,16
20047;Itsasondo;2,24;1,98;-2,67;-7,28;1,39;2,28;1,45;5,33;-2,52;1,05;-0,15;-1,18;2,11;1,84;2,35;3,40;3,52;1,19;2,26;2,31;-1,92;-2,93;0,51
48910;Iurreta;3,79;0,99;-0,08;-1,33;-0,03;0,60;-0,24;-0,05;-0,81;-0,86;-2,17;-0,75;0,44;1,43;-0,89;-0,65;0,00;-0,10;-2,07;-2,24;-1,72;-0,55;-2,47
48050;Izurtza;0,41;7,56;-11,42;-11,50;-0,69;0,35;7,06;7,17;-4,56;-8,36;-1,71;3,55;0,00;3,32;3,04;-0,38;6,45;-1,20;-0,40;-0,79;0,40;-0,75;2,04
48022;Karrantza Harana/Valle de Carranza;0,11;0,04;-1,83;-1,76;1,00;2,41;-0,33;0,15;-0,54;-1,32;0,47;-0,82;0,43;0,40;-0,61;-0,64;0,57;-0,43;-0,07;-0,25;-0,92;-0,58;-1,66
48907;Kortezubi;0,88;1,12;0,67;0,68;1,14;-0,23;1,62;-2,05;-3,93;0,44;3,64;5,01;-1,63;1,92;1,46;0,98;1,50;2,82;1,56;1,59;1,07;-2,62;0,27
01019;Kripan;1,66;-0,55;0,55;-1,09;-1,08;-1,07;0,54;-0,53;2,75;-3,19;-4,57;1,03;-1,52;1,02;0,51;5,41;0,00;-2,12;-1,05;-1,04;0,00;2,69;0,54
01020;Kuartango;2,34;-5,19;2,79;5,91;3,62;-1,91;1,10;1,69;2,01;1,45;0,29;0,00;1,99;-2,04;3,31;0,00;-7,00;-0,83;2,27;2,33;-0,29;-1,34;-0,85
01028;Labastida/Bastida;0,12;2,62;0,38;2,37;4,62;0,20;0,34;-0,60;-0,47;-1,38;1,40;-1,77;2,59;-0,13;-1,33;-0,53;1,74;3,11;1,90;2,16;2,44;1,09;1,22
01030;Lagrán;-1,09;-1,08;0,54;4,55;4,14;-0,59;-2,30;0,58;2,37;1,81;-5,14;-4,37;-2,17;2,78;-4,26;-0,53;-4,55;1,02;1,03;1,04;2,67;-2,55;-1,04
01031;Laguardia;0,84;0,26;1,24;-0,13;-0,97;-1,34;1,36;-0,06;-3,06;0,44;-1,00;0,31;0,13;2,50;0,39;0,19;1,24;-1,55;1,37;1,52;3,57;1,11;1,99
01032;Lanciego/Lantziego;-2,63;-1,30;5,34;-2,92;4,01;2,84;0,14;0,29;-0,14;0,14;-0,43;0,28;0,44;-1,55;2,45;-0,43;-0,71;2,79;1,34;1,51;0,00;-2,41;1,97
48051;Lanestosa;-0,74;-5,24;0,70;3,27;-0,36;1,10;-2,50;0,00;-1,06;2,17;-1,07;2,94;-0,38;-3,19;-4,41;-1,01;-1,32;0,67;2,39;2,09;1,41;-1,72;0,70
01902;Lantarón;-0,70;1,43;1,87;1,80;0,32;0,53;0,11;2,63;-1,08;-3,15;-0,73;0,84;0,00;-2,78;-2,12;4,65;-2,37;1,36;-0,10;0,00;1,81;-4,62;-4,80
01033;Lapuebla de Labarca;0,12;-0,80;0,81;-1,59;-0,34;1,73;-0,80;1,04;-0,23;0,58;3,11;-1,07;-2,19;0,81;-1,47;-4,03;4,08;5,24;0,00;0,24;-0,71;-1,37;0,71
48052;Larrabetzu;-1,05;0,77;-1,24;2,44;-0,05;0,20;0,64;-1,02;0,05;0,64;0,54;2,26;2,23;1,72;2,24;2,07;5,93;2,18;1,31;1,15;0,36;1,71;0,74
20048;Larraul;-0,39;-0,77;-0,38;3,98;2,03;-0,81;2,06;-1,22;-1,60;-4,21;0,38;4,42;1,23;-2,77;2,02;5,08;14,01;3,50;-0,50;-0,50;3,59;12,67;1,70
20902;Lasarte-Oria;0,89;0,88;0,21;1,31;1,17;0,79;0,72;0,27;0,27;-0,06;0,21;1,09;0,18;0,52;0,98;1,00;1,18;0,29;0,13;0,13;0,42;1,23;-0,21
01036;Laudio/Llodio;0,35;0,02;-0,46;-1,32;0,03;-0,55;0,26;0,52;-0,55;-0,69;-0,32;0,13;0,02;0,54;0,55;0,26;-0,49;0,20;0,10;0,28;-0,25;-0,81;-0,74
48053;Laukiz;1,46;-0,24;-0,88;4,34;2,75;0,26;0,61;-2,37;2,25;1,14;-1,38;0,43;0,97;2,32;2,75;2,73;6,96;1,95;0,31;0,10;-1,42;-1,29;-0,50
20049;Lazkao;0,76;0,87;-0,72;3,16;1,50;1,59;0,50;0,17;1,44;-0,15;-0,28;0,90;0,52;1,05;-0,25;1,13;1,62;1,43;0,70;0,72;0,22;1,22;2,91
20050;Leaburu;-0,78;2,96;1,09;-2,65;4,13;-1,09;2,23;-0,28;-1,10;-1,62;3,06;-5,53;0,26;-2,83;2,64;-0,26;1,06;0,27;1,08;1,09;-1,61;1,90;2,22
20051;Legazpi;0,99;-0,02;-0,53;-0,87;-0,25;0,02;-0,40;0,28;-0,50;-0,90;-0,34;-0,01;-0,52;-0,36;0,06;0,07;1,12;0,45;-0,65;-0,64;-0,44;-0,63;-0,46
20052;Legorreta;-1,06;2,30;-0,61;-0,34;0,07;-0,87;-0,13;1,28;0,13;-1,79;-1,56;1,25;-2,82;2,62;1,36;2,80;1,13;0,78;1,15;1,17;-0,07;0,07;0,15
01058;Legutio;2,10;1,54;1,97;7,97;2,06;1,24;3,62;-1,21;1,58;0,41;-2,69;0,23;3,77;3,33;0,06;1,37;2,43;2,97;2,43;2,63;2,34;1,69;1,18
20068;Leintz-Gatzaga;7,66;-5,00;-2,65;-3,42;-6,40;0,81;1,64;-0,41;-2,39;-1,57;-5,56;1,12;-5,88;4,26;-1,15;1,16;4,45;-1,98;3,28;3,39;-0,42;1,65;-3,77
48054;Leioa;0,60;0,97;0,02;1,64;0,76;0,92;0,49;-0,13;0,49;0,15;0,12;0,00;0,56;0,87;0,79;1,28;1,78;1,55;1,48;1,30;-0,31;1,73;1,01
48057;Lekeitio;0,32;-0,60;-1,28;0,22;-0,26;0,47;0,28;0,07;-0,59;-1,57;-0,38;-0,65;0,13;-0,34;-0,46;-0,13;1,35;1,13;0,43;0,25;-0,67;-0,62;-0,63
48055;Lemoa;0,95;0,31;1,22;-2,67;0,50;-0,58;0,47;1,55;0,42;-0,81;1,13;1,35;3,14;4,11;2,60;1,58;5,07;2,89;0,35;0,17;0,99;2,22;3,12
48056;Lemoiz;1,64;0,00;1,52;5,01;1,53;-0,16;0,57;-0,88;0,97;3,27;3,47;5,68;3,93;1,16;0,58;0,29;4,47;2,39;1,37;1,07;1,52;0,11;-1,72
01034;Leza;-3,62;2,31;-0,46;-3,98;4,15;2,84;-4,95;2,78;-2,70;4,23;-2,29;-3,11;2,35;-9,96;4,78;-0,86;0,00;4,50;-1,77;-1,74;5,99;0,48;3,90
48081;Lezama;0,21;-1,03;0,75;-0,37;1,26;-0,83;1,35;0,76;-0,63;-1,29;-0,79;-1,31;-1,63;0,77;1,35;0,33;1,21;2,47;1,82;1,63;1,57;1,16;0,27
20053;Lezo;-0,46;-0,05;-0,76;0,12;-0,36;1,35;-0,27;0,58;-0,89;-0,36;-0,70;1,12;-0,02;0,38;0,52;-0,02;1,06;0,20;0,51;0,51;-1,94;1,43;1,73
20054;Lizartza;4,41;0,92;0,46;-0,15;0,31;0,47;0,47;0,47;-2,89;-2,09;0,00;3,55;0,78;-2,29;3,63;1,61;3,32;0,67;-1,32;-1,30;0,65;1,19;0,50
48903;Loiu;2,28;-0,81;-2,12;-2,25;-1,87;0,81;1,57;1,01;-1,47;0,57;-4,33;-0,74;0,28;-1,27;10,47;6,80;-1,71;1,20;2,36;2,16;2,31;-6,29;13,59
48058;Mallabia;-0,43;-2,18;1,02;-0,84;1,36;0,09;-0,51;0,34;-3,21;0,41;-0,17;1,34;0,84;0,51;0,60;0,43;0,87;1,32;0,88;0,62;-1,23;0,72;-0,62
48060;Markina-Xemein;0,86;-0,18;-0,16;0,14;1,23;1,41;-0,77;0,69;-0,14;-0,35;-0,04;0,39;0,04;0,47;-0,14;3,09;2,39;2,68;-12,68;-4,80;0,57;0,32;0,04
48061;Maruri-Jatabe;0,48;3,48;4,58;4,91;-1,29;1,20;-0,86;-1,70;-0,21;0,96;-0,85;-1,26;4,91;2,59;0,00;5,08;0,48;0,96;1,71;1,61;4,94;7,65;4,86
48059;Mañaria;0,75;0,76;1,94;-1,15;1,16;-0,58;-0,57;0,77;-0,77;4,40;-2,34;1,39;-1,17;-0,97;4,04;4,43;0,21;4,88;-0,88;-1,09;-0,86;-0,44;-1,49
20901;Mendaro;-0,30;1,70;-0,25;-5,34;-1,12;-0,42;0,61;4,71;0,10;1,29;0,70;1,32;1,71;2,00;-0,05;3,66;7,20;1,91;0,18;0,24;5,37;4,77;2,47
48062;Mendata;-0,99;-2,41;2,72;-0,25;-0,74;0,99;-0,25;1,25;2,04;1,82;2,39;-1,83;-0,79;-2,03;2,87;2,41;0,27;1,08;3,07;2,87;0,87;0,59;-0,58
48063;Mendexa;0,00;-0,44;0,22;-4,66;-2,68;1,04;-0,21;1,91;-0,42;1,94;2,20;0,00;0,23;2,26;-1,34;5,41;1,19;4,48;0,25;0,25;4,17;-0,29;-1,54
48064;Meñaka;0,81;1,64;0,41;3,69;-1,26;0,99;-0,98;-1,66;1,40;-1,92;-0,55;-0,95;3,86;2,86;3,55;1,65;2,62;-0,92;1,24;0,94;3,90;3,08;0,00
01039;Moreda de Álava / Moreda Araba;1,98;-2,69;1,56;-4,83;-3,24;-2,46;2,89;5,73;-1,13;-2,21;-1,09;-2,14;-1,20;-0,70;-3,38;-0,34;-1,98;0,66;-0,66;-0,66;1,33;-2,44;1,32
48066;Morga;0,24;-1,40;2,87;8,01;-1,02;-3,46;0,75;-3,83;-1,42;1,19;-2,33;4,89;-1,22;-1,44;2,96;2,79;1,29;-1,27;-0,51;-0,75;0,00;3,69;0,26
48068;Mundaka;-0,86;-0,69;0,05;1,90;-0,05;1,10;-0,82;-1,02;-1,12;0,00;-1,57;-0,57;0,05;0,16;-0,05;3,29;0,76;-1,18;0,92;0,65;0,55;-0,33;-0,11
48069;Mungia;0,79;1,10;0,00;0,27;-0,41;0,65;1,03;-0,18;0,74;0,46;0,13;0,44;1,05;1,32;1,87;2,00;2,88;1,98;1,61;1,43;1,38;2,15;1,37
48007;Munitibar-Arbatzegi Gerrikaitz-;0,22;-1,27;-3,09;6,11;0,22;2,01;-0,44;-2,60;0,22;-1,07;1,75;3,85;2,58;2,64;-0,24;5,84;3,68;-0,78;0,00;0,00;0,79;-3,05;-1,27
48908;Murueta;-4,50;3,42;1,90;1,61;2,30;1,00;0,00;1,01;0,34;0,34;-0,34;3,12;-1,95;-0,34;-1,01;-0,67;-0,33;2,39;2,81;2,52;9,88;6,02;12,15
48071;Muskiz;0,17;-0,35;-1,18;-2,54;0,31;-0,81;0,00;0,91;-0,35;-0,21;-0,35;0,85;1,80;0,64;1,41;1,54;2,09;0,65;1,40;1,24;0,46;4,62;-0,31
20057;Mutiloa;-2,44;1,23;1,25;-5,88;2,00;-0,40;-0,79;3,69;-3,94;2,01;3,75;0,00;2,85;-0,84;5,80;1,36;8,33;2,00;1,52;1,55;-2,51;0,63;-2,91
20056;Mutriku;-0,62;0,39;0,41;0,00;-0,37;-0,28;0,00;0,45;0,36;0,45;1,30;2,56;1,43;0,48;1,24;0,33;1,26;1,19;-0,02;-0,02;-0,25;-0,83;0,50
48067;Muxika;1,92;2,10;0,48;-1,61;0,88;0,47;2,36;0,56;-0,83;0,35;-1,03;-0,07;-0,61;0,62;-0,48;1,81;5,27;0,74;-0,22;-0,37;-1,09;-2,25;-1,33
48909;Nabarniz;2,27;2,72;-2,28;11,91;-2,89;-0,82;-2,01;-2,35;8,05;-0,42;1,72;2,19;-3,81;0,85;1,74;2,22;-2,17;3,60;-3,48;-3,77;1,70;-0,44;0,86
01041;Navaridas;0,43;3,14;0,45;11,00;-2,91;-1,44;-13,28;-3,21;-0,80;7,73;-5,28;5,58;3,29;1,83;-0,91;-2,22;0,45;3,23;1,88;1,91;1,46;-5,91;1,42
20063;Oiartzun;0,42;-0,31;0,73;-0,69;0,17;0,06;0,53;0,77;0,12;1,42;-0,01;0,00;0,12;0,73;1,02;0,73;0,57;0,09;0,81;0,83;0,51;1,18;1,70
01042;Okondo;-0,51;0,86;-1,10;-3,29;1,08;1,95;0,43;1,03;1,39;-0,26;0,61;-0,95;0,17;4,15;2,40;0,56;1,13;1,62;1,75;1,98;4,77;5,59;6,77
20058;Olaberria;2,16;0,11;-2,63;3,60;0,33;0,99;0,11;-4,34;1,07;-2,40;1,91;-0,11;0,43;0,54;-2,41;0,63;3,95;2,13;-0,89;-0,99;1,45;-2,07;-1,19
48073;Ondarroa;-0,99;-0,85;-1,22;-1,35;-0,27;-0,13;-0,59;0,41;-0,36;-0,02;-0,77;-0,99;-0,16;-0,31;-1,01;-0,70;-0,79;-0,79;-0,70;-0,89;-0,87;-0,62;-0,58
20076;Ordizia;0,68;2,07;-0,47;-0,13;1,00;2,57;1,36;1,08;0,05;0,29;0,23;-0,93;0,06;0,15;0,11;-0,80;4,42;2,31;1,73;1,77;-0,57;-0,65;0,15
20905;Orendain;2,12;-2,48;7,56;6,64;4,46;0,00;4,12;-1,02;3,16;-0,52;0,53;6,15;-2,69;-2,67;3,89;2,86;2,94;0,00;2,41;2,47;0,62;11,03;2,82
20060;Orexa;-1,96;-4,67;-3,60;4,72;-3,64;-1,79;0,00;-1,75;-1,72;1,75;0,00;0,00;0,82;-0,86;0,00;-0,85;4,46;16,67;3,23;3,33;2,27;2,47;-1,15
20061;Orio;0,91;0,99;-0,59;-0,41;1,17;1,25;0,71;0,73;0,82;1,83;3,12;2,92;2,13;2,70;2,68;1,54;2,94;1,59;0,90;0,91;-0,62;2,22;2,89
20062;Ormaiztegi;2,84;-0,89;-0,80;-1,88;-1,47;-1,97;0,84;0,77;0,62;0,08;-0,62;0,62;-1,29;0,00;-0,38;1,00;0,46;2,45;1,20;1,30;3,44;2,84;-0,76
48075;Orozko;0,33;-0,76;0,62;3,88;0,69;-0,15;-0,04;-0,65;0,08;0,34;-0,19;1,90;4,00;1,75;0,49;1,08;2,37;1,55;0,87;0,66;2,60;2,46;2,41
48083;Ortuella;0,92;0,87;0,87;0,11;-0,48;0,42;-0,53;0,01;-0,59;0,11;0,01;-0,21;0,05;-0,19;-1,05;0,24;-0,92;0,25;0,27;0,07;-1,38;-0,24;-0,39
48072;Otxandio;2,53;-1,06;-2,01;-0,66;1,35;1,44;-0,45;2,72;1,18;-1,85;0,70;-0,85;1,96;0,63;3,10;0,99;3,06;3,06;2,60;2,39;0,55;0,20;0,84
01043;Oyón-Oion;0,65;0,23;-0,45;1,31;0,69;0,92;1,11;0,00;0,38;0,77;0,95;-0,33;0,64;1,42;3,17;1,26;2,92;4,93;4,07;4,44;5,17;3,05;4,11
20059;Oñati;-0,28;0,39;0,72;-0,88;1,00;0,42;-0,32;0,61;0,65;0,00;0,73;0,47;1,07;0,70;0,61;0,76;0,66;0,08;0,24;0,24;-0,11;-0,28;0,52
20064;Pasaia;1,08;0,92;-0,64;-0,66;0,07;0,49;0,23;0,02;1,03;0,45;0,36;0,61;-0,38;0,61;0,50;0,37;-0,39;-0,62;0,10;0,11;-1,60;-1,18;-1,14
01044;Peñacerrada-Urizaharra;0,00;-1,81;3,12;11,46;0,35;1,77;1,08;-0,36;-0,71;-0,70;0,35;-3,74;-2,44;-1,65;3,06;7,30;9,16;-1,57;1,59;2,03;0,82;5,58;0,00
48077;Plentzia;0,76;-0,16;-1,26;2,80;0,85;-1,11;0,87;0,32;-0,84;-0,74;0,09;0,50;0,07;0,62;0,76;-0,02;2,91;2,57;2,26;2,13;3,46;2,17;-0,16
48078;Portugalete;0,42;-0,42;-1,24;-1,03;-0,08;-0,18;-0,11;-0,11;-0,70;-0,64;-0,67;-0,68;0,03;-0,28;-0,45;-0,27;-0,32;-0,66;-0,66;-0,85;-1,24;-1,21;-1,25
01047;Ribera Baja/Erribera Beitia;0,51;0,00;0,13;-1,81;2,63;-0,83;1,68;3,69;-0,13;1,36;1,45;0,55;1,37;1,66;8,13;1,03;5,76;3,01;5,73;6,39;12,28;17,58;9,73
01051;Salvatierra/Agurain;1,43;0,32;0,44;-2,60;1,08;1,07;-0,11;1,77;0,98;0,89;-0,80;1,05;1,92;0,59;1,62;2,78;5,53;2,14;1,93;2,13;1,51;-0,02;1,34
01052;Samaniego;-5,05;0,00;1,71;21,16;1,26;0,42;-3,27;-11,23;0,36;0,73;-11,36;-3,45;-1,49;0,92;2,19;-3,63;4,42;-0,31;-2,15;-1,81;-0,30;1,93;-4,08
01053;San Millán/Donemiliaga;-1,64;0,27;-0,27;0,83;-1,49;0,96;-0,41;-0,27;-0,54;-0,67;-1,98;3,27;-0,83;0,68;3,39;-0,42;-3,52;1,37;-0,27;-0,14;3,10;-1,58;-3,63
48082;Santurtzi;0,42;0,80;-0,71;-0,61;0,55;0,09;-0,14;0,03;-0,56;-0,79;-1,06;-0,38;0,11;0,17;0,18;-0,15;-0,29;0,42;0,49;0,30;-0,34;-0,63;-0,92
20070;Segura;0,14;-0,81;0,47;-3,72;0,66;1,80;-0,13;0,00;-0,13;0,60;0,47;-0,20;-0,74;2,34;5,22;1,70;5,12;0,55;0,39;0,47;0,55;-0,32;-0,47
48084;Sestao;1,50;1,04;0,69;-1,28;0,37;-0,60;-0,35;0,45;-1,06;-1,01;-1,38;-0,80;-0,44;-1,02;-0,95;-0,65;-0,36;-0,15;-0,38;-0,57;-2,60;-1,95;-1,52
48904;Sondika;1,38;-0,31;-0,22;-0,40;1,00;0,13;0,43;0,07;-0,42;-1,04;0,64;-0,13;0,33;0,42;-0,38;1,13;1,16;1,53;0,70;0,52;2,35;2,96;0,35
48085;Sopela;0,48;1,64;2,67;0,74;1,76;1,59;0,57;0,64;1,54;0,86;0,20;0,35;1,73;0,33;-1,98;1,01;0,92;2,81;1,30;1,11;2,33;0,99;1,76
48086;Sopuerta;1,43;1,49;2,32;4,62;1,78;-1,75;-1,41;-1,39;-0,08;1,25;-0,51;-0,73;0,62;1,30;1,96;3,27;0,75;0,67;0,76;0,55;2,08;0,36;-0,64
20065;Soraluze-Placencia de las Armas;1,47;-2,65;-1,69;-3,42;0,94;-0,30;0,00;1,86;-0,28;-1,34;-0,71;0,61;-0,35;0,03;0,64;-1,01;-0,78;-0,72;-0,74;-0,71;-0,24;-0,45;0,32
48076;Sukarrieta;0,00;-1,08;3,36;6,89;-0,60;-2,33;-1,99;-1,68;-1,38;5,23;-1,15;1,16;0,85;1,79;0,00;1,82;-2,65;0,30;1,50;1,52;9,70;2,48;2,14
20071;Tolosa;0,16;1,13;0,09;1,48;0,67;1,05;0,42;-0,27;0,25;0,84;0,46;1,60;1,88;1,00;0,62;0,77;0,05;0,44;0,57;0,57;-0,88;-0,43;-0,28
48087;Trucios-Turtzioz;-1,13;1,14;2,34;-1,35;1,56;-1,92;0,77;-0,38;-0,57;-1,69;-2,92;0,18;0,19;-0,91;2,23;-1,28;0,00;3,02;-0,93;-1,11;1,31;-1,33;-1,82
48088;Ubide;-5,49;6,43;1,18;-6,11;1,69;-6,84;0,00;5,56;-2,17;1,66;-0,55;-2,67;0,00;10,00;4,29;1,88;3,90;-0,65;-2,52;-2,45;-4,68;1,79;0,00
48065;Ugao-Miraballes;0,12;0,90;0,22;-0,34;-0,15;0,69;-0,15;0,10;-0,34;0,91;-0,37;0,89;0,00;0,25;0,55;0,45;-0,10;0,38;0,13;-0,08;-0,53;0,05;-0,79
48089;Urduliz;4,48;4,28;4,22;9,75;5,15;3,90;0,93;-0,80;1,80;3,47;3,57;4,13;1,68;3,81;3,27;1,12;0,92;1,71;-1,59;-1,78;0,30;0,48;1,08
48074;Urduña/Orduña;0,72;0,53;-0,93;-1,30;-0,96;1,35;1,39;0,56;-0,55;-0,55;-0,74;0,31;-0,52;-0,02;1,08;0,46;1,64;0,47;0,22;0,02;1,10;0,48;1,04
01054;Urkabustaiz;1,83;2,01;-0,21;-0,14;1,05;2,57;0,36;1,23;3,22;1,68;-1,20;-3,35;1,89;4,12;6,02;3,41;2,36;4,47;2,81;3,09;4,97;1,89;2,45
20072;Urnieta;0,78;0,31;-0,18;-0,60;0,31;-0,03;-0,19;0,57;0,18;0,59;-0,23;-0,15;0,83;0,33;0,12;0,93;1,30;1,57;1,09;1,12;-0,05;1,59;3,59
20077;Urretxu;0,35;-0,01;-0,53;0,09;0,40;0,38;-0,65;-0,44;-1,55;0,38;0,46;-0,43;-0,04;0,04;1,25;1,58;0,86;-0,21;0,85;0,86;0,05;0,92;1,76
20073;Usurbil;1,40;2,85;0,46;-2,57;-0,16;0,21;0,00;1,32;-0,03;0,29;0,86;0,74;0,46;1,10;1,78;2,71;1,38;0,32;0,75;0,76;1,09;1,60;2,10
01055;Valdegovía/Gaubea;0,88;-2,57;4,19;5,45;-0,47;0,09;0,95;-0,47;-0,09;-1,85;-0,37;-1,72;-2,82;0,00;1,07;-3,44;3,84;0,90;2,21;2,45;4,53;1,71;5,14
48080;Valle de Trápaga-Trapagaran;-0,02;-0,09;0,00;-0,80;-0,17;0,03;-0,05;-0,50;-0,58;-0,37;0,03;-0,85;-0,29;-0,66;-0,48;-0,33;-0,35;0,40;-0,31;-0,50;-0,78;-0,09;0,67
20075;Villabona;0,72;-0,38;-0,47;-2,74;0,19;-0,32;0,53;2,18;0,54;-0,55;0,05;0,09;0,15;0,61;0,56;0,23;-0,04;1,36;0,29;0,29;1,88;0,82;0,41
01057;Villabuena de Álava/Eskuernaga;2,75;-1,69;1,37;3,55;-7,24;-0,65;0,99;2,71;-4,53;-2,22;0,00;-3,07;-1,85;2,80;0,31;0,31;0,95;-3,94;0,61;0,61;0,00;-1,47;3,11
01059;Vitoria-Gasteiz;0,75;0,80;0,11;-0,10;0,79;0,96;0,64;0,33;0,31;0,77;-0,02;-0,63;1,11;0,41;1,03;1,17;1,15;1,21;1,20;1,40;0,59;0,90;1,05
01060;Yécora/Iekora;6,07;0,41;-6,46;-1,50;3,89;-0,39;0,00;-5,15;1,87;0,38;-3,62;-6,12;-0,70;-2,35;-4,18;2,98;-0,98;4,10;3,90;4,06;7,11;-2,67;-2,27
48095;Zaldibar;0,57;-0,33;-0,56;-0,43;-0,36;-0,36;0,36;-0,20;0,79;-0,10;0,36;-0,56;0,79;-0,23;0,80;2,78;1,43;1,38;0,89;0,72;0,72;-0,55;0,00
20078;Zaldibia;0,29;3,90;1,83;-1,33;1,72;0,00;2,32;1,72;-0,51;1,16;2,10;0,46;0,33;1,00;-1,32;1,54;2,68;1,54;-0,97;-0,96;-2,01;0,20;0,82
01061;Zalduondo;-0,47;3,38;0,98;4,06;1,55;-1,02;-1,51;0,51;-3,88;5,10;2,62;-0,52;-6,09;1,49;2,55;1,03;-4,43;2,01;1,53;1,55;12,21;2,82;2,99
48096;Zalla;-0,18;-0,01;-1,25;-1,09;0,04;0,21;0,13;0,39;-0,38;-0,08;-0,45;0,61;2,23;1,02;-0,21;0,31;1,55;1,27;0,46;0,27;0,27;1,14;0,55
01062;Zambrana;4,67;-0,93;-1,37;-1,79;2,29;2,59;0,24;2,17;-0,72;-2,11;-2,29;-0,46;6,70;6,23;2,94;5,06;-0,84;1,13;-0,28;-0,28;3,78;-6,13;-2,19
48905;Zamudio;0,74;0,66;-0,65;-2,72;1,19;0,18;1,74;0,91;0,28;0,00;-0,63;-0,68;1,02;0,13;-0,19;-0,68;-0,16;1,61;1,80;1,63;1,49;1,84;4,95
48097;Zaratamo;0,44;-0,92;-1,22;-0,18;0,98;-0,12;-0,12;1,62;-0,62;-2,18;-0,12;-0,78;-0,18;-2,67;-1,38;-0,11;3,25;1,02;1,15;0,98;-0,85;-1,37;-1,18
20079;Zarautz;0,93;0,27;-0,81;-0,45;0,20;0,49;0,56;0,08;0,55;0,44;0,52;0,65;-0,21;0,50;0,30;0,67;0,68;0,33;1,34;1,37;1,30;1,00;2,05
48024;Zeanuri;-0,16;-1,04;1,70;-1,67;-0,32;0,64;-0,08;0,64;-0,64;-1,03;-1,79;-1,76;1,16;1,54;-2,33;1,76;3,00;2,01;1,14;0,90;1,00;-0,69;-0,33
48025;Zeberio;0,00;0,37;-0,56;-0,55;1,78;1,14;-0,38;-1,12;0,75;-0,47;0,00;0,66;1,13;-0,10;-0,19;-1,96;-0,28;0,66;0,95;0,76;0,57;2,42;2,40
20025;Zegama;-0,13;0,19;-0,90;2,30;-0,72;-0,13;0,13;0,72;-0,26;-0,39;-0,52;0,13;0,00;1,52;2,64;2,71;3,53;2,28;3,19;3,29;0,31;-0,54;1,74
20026;Zerain;0,00;2,18;-1,43;1,82;3,01;3,10;0,39;-0,39;0,39;-3,02;0,00;0,76;3,11;3,25;2,50;-0,41;-1,63;0,41;0,83;0,83;-0,83;0,40;2,56
20027;Zestoa;1,57;0,72;-1,11;-2,90;1,59;-0,34;0,55;2,27;0,67;1,39;0,05;0,14;0,16;3,35;2,36;1,39;0,38;1,14;1,15;1,16;0,62;-1,38;-0,12
48913;Zierbena;-0,27;0,34;-1,98;-0,46;2,08;-0,13;-0,13;0,20;-0,40;-0,07;1,21;1,23;1,46;3,76;1,02;2,55;3,73;0,55;0,47;0,24;1,03;3,07;2,26
01018;Zigoitia;1,53;-0,38;0,71;7,03;-0,29;-0,41;-0,58;-1,87;-1,34;1,13;-0,95;1,02;1,04;2,71;3,79;4,40;5,95;1,72;1,39;1,63;1,29;1,14;1,72
48915;Ziortza-Bolibar;3,15;-1,67;-1,41;-2,96;-2,66;-3,22;0,00;1,08;-0,65;0,22;0,22;3,12;1,95;0,91;4,03;0,96;1,70;1,48;;0,00;0,00;0,32;0,00
20028;Zizurkil;-0,07;-0,79;-0,21;-3,59;0,20;1,03;0,20;1,94;-0,31;0,10;-0,17;2,79;4,04;1,13;-0,80;0,18;0,36;-1,29;1,75;1,79;-1,54;-0,52;0,58
01063;Zuia;1,76;0,89;1,11;-0,72;-0,13;-0,59;0,21;-0,25;-1,41;-1,55;-0,20;-0,53;0,62;1,16;0,88;0,71;1,15;1,90;2,58;2,88;7,99;7,26;7,41
20081;Zumaia;0,36;0,48;0,23;1,59;0,02;0,56;0,32;-0,07;0,29;0,58;1,13;0,52;1,27;1,25;0,56;2,11;1,46;0,68;0,71;0,72;0,62;1,12;1,38
20080;Zumarraga;0,18;-0,13;-0,43;-1,99;0,55;-1,02;0,10;0,39;0,05;-0,52;-1,53;0,94;0,17;0,17;-0,41;0,97;0,05;-0,09;0,27;0,28;-0,33;-0,90;-0,19
